Box Pct,Buffer,Strike,SL,Target,Trail Trigger,Trades,Wins,Losses,Win Rate (%),Profit Factor,Net PnL (INR),Max DD (INR),Avg Win,Avg Loss
28%,6 pts,ITM_50,-15%,+80%,+25%,3,2,1,66.67%,5.02,4018.01,998.38,2508.19,-998.38
28%,6 pts,ITM_50,-20%,+80%,+25%,3,2,1,66.67%,4.33,3857.21,1159.18,2508.19,-1159.18
28%,6 pts,ITM_50,-25%,+80%,+25%,3,2,1,66.67%,2.96,3321.7,1694.69,2508.19,-1694.69
28%,6 pts,ITM_50,-30%,+80%,+25%,3,2,1,66.67%,2.96,3321.7,1694.69,2508.19,-1694.69
28%,6 pts,ITM_50,-15%,+60%,+25%,3,2,1,66.67%,4.21,3202.92,998.38,2100.65,-998.38
28%,6 pts,ITM_50,-20%,+60%,+25%,3,2,1,66.67%,3.62,3042.12,1159.18,2100.65,-1159.18
28%,6 pts,ITM_50,-15%,+80%,+30%,3,1,2,33.33%,2.41,2808.66,998.38,4800.86,-996.1
32%,6 pts,ITM_50,-15%,+80%,+25%,6,3,3,50.0%,1.92,2707.31,1795.0,1879.1,-976.66
36%,6 pts,ITM_50,-15%,+80%,+25%,6,3,3,50.0%,1.92,2707.31,1795.0,1879.1,-976.66
28%,8 pts,ITM_50,-15%,+80%,+25%,3,1,2,33.33%,2.14,2530.71,998.38,4758.09,-1113.69
28%,8 pts,ITM_50,-15%,+80%,+30%,3,1,2,33.33%,2.14,2530.71,998.38,4758.09,-1113.69
28%,6 pts,ITM_50,-15%,+100%,+25%,3,2,1,66.67%,3.53,2521.69,998.38,1760.04,-998.38
28%,6 pts,ITM_50,-25%,+60%,+25%,3,2,1,66.67%,2.48,2506.61,1694.69,2100.65,-1694.69
28%,6 pts,ITM_50,-30%,+60%,+25%,3,2,1,66.67%,2.48,2506.61,1694.69,2100.65,-1694.69
28%,8 pts,ITM_50,-20%,+80%,+25%,3,1,2,33.33%,1.99,2369.91,1159.18,4758.09,-1194.09
28%,8 pts,ITM_50,-20%,+80%,+30%,3,1,2,33.33%,1.99,2369.91,1159.18,4758.09,-1194.09
28%,6 pts,ITM_50,-20%,+100%,+25%,3,2,1,66.67%,3.04,2360.89,1159.18,1760.04,-1159.18
28%,6 pts,ITM_50,-20%,+80%,+30%,3,1,2,33.33%,1.94,2329.84,1159.18,4800.86,-1235.51
32%,8 pts,ATM,-15%,+80%,+25%,6,3,3,50.0%,2.12,2003.73,1122.11,1263.42,-595.51
36%,8 pts,ATM,-15%,+80%,+25%,6,3,3,50.0%,2.12,2003.73,1122.11,1263.42,-595.51
28%,6 pts,ITM_50,-15%,+60%,+30%,3,1,2,33.33%,2.0,1993.57,998.38,3985.77,-996.1
28%,8 pts,ATM,-15%,+80%,+25%,3,1,2,33.33%,2.6,1937.93,549.67,3152.03,-607.05
28%,8 pts,ATM,-15%,+80%,+30%,3,1,2,33.33%,2.6,1937.93,549.67,3152.03,-607.05
32%,6 pts,ITM_50,-15%,+60%,+25%,6,3,3,50.0%,1.65,1892.22,1795.0,1607.4,-976.66
36%,6 pts,ITM_50,-15%,+60%,+25%,6,3,3,50.0%,1.65,1892.22,1795.0,1607.4,-976.66
32%,6 pts,ITM_50,-20%,+80%,+25%,6,3,3,50.0%,1.5,1885.91,2172.85,1879.1,-1250.46
36%,6 pts,ITM_50,-20%,+80%,+25%,6,3,3,50.0%,1.5,1885.91,2172.85,1879.1,-1250.46
28%,6 pts,ITM_50,-25%,+100%,+25%,3,2,1,66.67%,2.08,1825.38,1694.69,1760.04,-1694.69
28%,6 pts,ITM_50,-30%,+100%,+25%,3,2,1,66.67%,2.08,1825.38,1694.69,1760.04,-1694.69
28%,10 pts,ITM_50,-15%,+60%,+25%,3,1,2,33.33%,1.8,1776.64,998.38,4004.02,-1113.69
28%,10 pts,ITM_50,-15%,+60%,+30%,3,1,2,33.33%,1.8,1776.64,998.38,4004.02,-1113.69
28%,8 pts,ITM_50,-15%,+60%,+25%,3,1,2,33.33%,1.77,1715.61,998.38,3942.99,-1113.69
28%,8 pts,ITM_50,-15%,+60%,+30%,3,1,2,33.33%,1.77,1715.61,998.38,3942.99,-1113.69
28%,6 pts,ITM_50,-25%,+80%,+30%,3,1,2,33.33%,1.52,1634.24,1694.69,4800.86,-1583.31
28%,10 pts,ITM_50,-20%,+60%,+25%,3,1,2,33.33%,1.68,1615.84,1159.18,4004.02,-1194.09
28%,10 pts,ITM_50,-20%,+60%,+30%,3,1,2,33.33%,1.68,1615.84,1159.18,4004.02,-1194.09
28%,8 pts,ITM_50,-25%,+80%,+25%,3,1,2,33.33%,1.49,1567.16,1694.69,4758.09,-1595.46
28%,8 pts,ITM_50,-25%,+80%,+30%,3,1,2,33.33%,1.49,1567.16,1694.69,4758.09,-1595.46
28%,8 pts,ITM_50,-20%,+60%,+25%,3,1,2,33.33%,1.65,1554.81,1159.18,3942.99,-1194.09
28%,8 pts,ITM_50,-20%,+60%,+30%,3,1,2,33.33%,1.65,1554.81,1159.18,3942.99,-1194.09
32%,10 pts,OTM_50,-15%,+40%,+25%,11,5,6,45.45%,1.27,1522.12,3748.97,1447.34,-952.43
36%,10 pts,OTM_50,-15%,+40%,+25%,11,5,6,45.45%,1.27,1522.12,3748.97,1447.34,-952.43
28%,6 pts,ITM_50,-15%,+40%,+25%,3,2,1,66.67%,2.52,1521.08,998.38,1259.73,-998.38
28%,6 pts,ITM_50,-20%,+60%,+30%,3,1,2,33.33%,1.61,1514.75,1159.18,3985.77,-1235.51
32%,6 pts,ITM_50,-15%,+80%,+30%,6,2,4,33.33%,1.38,1497.96,1795.0,2710.88,-980.95
36%,6 pts,ITM_50,-15%,+80%,+30%,6,2,4,33.33%,1.38,1497.96,1795.0,2710.88,-980.95
28%,6 pts,ITM_50,-30%,+80%,+30%,3,1,2,33.33%,1.41,1406.75,1694.69,4800.86,-1697.06
28%,8 pts,ATM,-20%,+80%,+25%,3,1,2,33.33%,1.8,1401.66,737.44,3152.03,-875.18
28%,8 pts,ATM,-20%,+80%,+30%,3,1,2,33.33%,1.8,1401.66,737.44,3152.03,-875.18
32%,8 pts,ATM,-20%,+80%,+25%,6,3,3,50.0%,1.56,1360.34,1417.0,1263.42,-809.98
36%,8 pts,ATM,-20%,+80%,+25%,6,3,3,50.0%,1.56,1360.34,1417.0,1263.42,-809.98
28%,6 pts,ITM_50,-20%,+40%,+25%,3,2,1,66.67%,2.17,1360.28,1159.18,1259.73,-1159.18
28%,6 pts,ITM_50,-15%,+100%,+30%,3,1,2,33.33%,1.66,1312.34,998.38,3304.54,-996.1
28%,8 pts,ATM,-25%,+80%,+25%,3,1,2,33.33%,1.68,1281.2,857.9,3152.03,-935.42
28%,8 pts,ATM,-25%,+80%,+30%,3,1,2,33.33%,1.68,1281.2,857.9,3152.03,-935.42
28%,10 pts,ATM,-15%,+40%,+25%,3,1,2,33.33%,2.03,1246.02,549.67,2460.12,-607.05
28%,10 pts,ATM,-15%,+40%,+30%,3,1,2,33.33%,2.03,1246.02,549.67,2460.12,-607.05
32%,8 pts,ATM,-15%,+60%,+25%,6,3,3,50.0%,1.69,1226.07,1122.11,1004.2,-595.51
36%,8 pts,ATM,-15%,+60%,+25%,6,3,3,50.0%,1.69,1226.07,1122.11,1004.2,-595.51
32%,8 pts,ITM_50,-15%,+80%,+25%,6,2,4,33.33%,1.29,1220.01,1795.0,2689.5,-1039.75
32%,8 pts,ITM_50,-15%,+80%,+30%,6,2,4,33.33%,1.29,1220.01,1795.0,2689.5,-1039.75
36%,8 pts,ITM_50,-15%,+80%,+25%,6,2,4,33.33%,1.29,1220.01,1795.0,2689.5,-1039.75
36%,8 pts,ITM_50,-15%,+80%,+30%,6,2,4,33.33%,1.29,1220.01,1795.0,2689.5,-1039.75
32%,6 pts,ITM_50,-15%,+100%,+25%,6,3,3,50.0%,1.41,1210.99,1795.0,1380.33,-976.66
36%,6 pts,ITM_50,-15%,+100%,+25%,6,3,3,50.0%,1.41,1210.99,1795.0,1380.33,-976.66
28%,8 pts,ITM_50,-30%,+80%,+25%,3,1,2,33.33%,1.34,1204.99,1694.69,4758.09,-1776.55
28%,8 pts,ITM_50,-30%,+80%,+30%,3,1,2,33.33%,1.34,1204.99,1694.69,4758.09,-1776.55
32%,8 pts,ATM,-25%,+80%,+25%,6,3,3,50.0%,1.45,1182.86,1594.48,1263.42,-869.14
36%,8 pts,ATM,-25%,+80%,+25%,6,3,3,50.0%,1.45,1182.86,1594.48,1263.42,-869.14
32%,6 pts,ATM,-15%,+80%,+25%,7,4,3,57.14%,1.42,1170.44,1122.11,988.33,-927.63
36%,6 pts,ATM,-15%,+80%,+25%,7,4,3,57.14%,1.42,1170.44,1122.11,988.33,-927.63
32%,10 pts,ATM,-15%,+40%,+25%,6,3,3,50.0%,1.66,1163.98,1086.09,971.5,-583.51
36%,10 pts,ATM,-15%,+40%,+25%,6,3,3,50.0%,1.66,1163.98,1086.09,971.5,-583.51
28%,8 pts,ATM,-15%,+60%,+25%,3,1,2,33.33%,1.96,1160.27,549.67,2374.37,-607.05
28%,8 pts,ATM,-15%,+60%,+30%,3,1,2,33.33%,1.96,1160.27,549.67,2374.37,-607.05
28%,6 pts,ATM,-15%,+80%,+25%,4,2,2,50.0%,1.5,1104.64,549.67,1657.54,-1105.22
32%,8 pts,ATM,-15%,+80%,+30%,6,2,4,33.33%,1.42,1080.29,1122.11,1811.17,-635.51
36%,8 pts,ATM,-15%,+80%,+30%,6,2,4,33.33%,1.42,1080.29,1122.11,1811.17,-635.51
32%,6 pts,ITM_50,-20%,+60%,+25%,6,3,3,50.0%,1.29,1070.82,2172.85,1607.4,-1250.46
36%,6 pts,ITM_50,-20%,+60%,+25%,6,3,3,50.0%,1.29,1070.82,2172.85,1607.4,-1250.46
28%,8 pts,ITM_50,-15%,+100%,+25%,3,1,2,33.33%,1.46,1034.38,998.38,3261.76,-1113.69
28%,8 pts,ITM_50,-15%,+100%,+30%,3,1,2,33.33%,1.46,1034.38,998.38,3261.76,-1113.69
32%,8 pts,ATM,-15%,+100%,+25%,6,3,3,50.0%,1.56,992.59,1122.11,926.38,-595.51
36%,8 pts,ATM,-15%,+100%,+25%,6,3,3,50.0%,1.56,992.59,1122.11,926.38,-595.51
28%,8 pts,ATM,-15%,+100%,+25%,3,1,2,33.33%,1.76,926.79,549.67,2140.89,-607.05
28%,8 pts,ATM,-15%,+100%,+30%,3,1,2,33.33%,1.76,926.79,549.67,2140.89,-607.05
28%,8 pts,ITM_50,-20%,+100%,+25%,3,1,2,33.33%,1.37,873.58,1159.18,3261.76,-1194.09
28%,8 pts,ITM_50,-20%,+100%,+30%,3,1,2,33.33%,1.37,873.58,1159.18,3261.76,-1194.09
28%,6 pts,ITM_50,-20%,+100%,+30%,3,1,2,33.33%,1.34,833.52,1159.18,3304.54,-1235.51
28%,6 pts,ITM_50,-25%,+40%,+25%,3,2,1,66.67%,1.49,824.77,1694.69,1259.73,-1694.69
28%,6 pts,ITM_50,-30%,+40%,+25%,3,2,1,66.67%,1.49,824.77,1694.69,1259.73,-1694.69
28%,10 pts,ITM_50,-15%,+40%,+25%,3,1,2,33.33%,1.37,819.59,998.38,3046.97,-1113.69
28%,10 pts,ITM_50,-15%,+40%,+30%,3,1,2,33.33%,1.37,819.59,998.38,3046.97,-1113.69
28%,6 pts,ITM_50,-25%,+60%,+30%,3,1,2,33.33%,1.26,819.15,1694.69,3985.77,-1583.31
28%,10 pts,ITM_50,-25%,+60%,+25%,3,1,2,33.33%,1.25,813.09,1694.69,4004.02,-1595.46
28%,10 pts,ITM_50,-25%,+60%,+30%,3,1,2,33.33%,1.25,813.09,1694.69,4004.02,-1595.46
28%,8 pts,ATM,-30%,+80%,+25%,3,1,2,33.33%,1.33,780.6,1222.71,3152.03,-1185.72
28%,8 pts,ATM,-30%,+80%,+30%,3,1,2,33.33%,1.33,780.6,1222.71,3152.03,-1185.72
32%,6 pts,ITM_50,-25%,+80%,+25%,6,3,3,50.0%,1.16,771.18,3111.38,1879.1,-1622.04
36%,6 pts,ITM_50,-25%,+80%,+25%,6,3,3,50.0%,1.16,771.18,3111.38,1879.1,-1622.04
28%,8 pts,ITM_50,-25%,+60%,+25%,3,1,2,33.33%,1.24,752.06,1694.69,3942.99,-1595.46
28%,8 pts,ITM_50,-25%,+60%,+30%,3,1,2,33.33%,1.24,752.06,1694.69,3942.99,-1595.46
28%,10 pts,ATM,-20%,+40%,+25%,3,1,2,33.33%,1.41,709.75,737.44,2460.12,-875.18
28%,10 pts,ATM,-20%,+40%,+30%,3,1,2,33.33%,1.41,709.75,737.44,2460.12,-875.18
32%,6 pts,ITM_50,-15%,+60%,+30%,6,2,4,33.33%,1.17,682.87,1795.0,2303.34,-980.95
36%,6 pts,ITM_50,-15%,+60%,+30%,6,2,4,33.33%,1.17,682.87,1795.0,2303.34,-980.95
32%,10 pts,ITM_50,-15%,+60%,+30%,6,2,4,33.33%,1.16,660.7,1884.67,2454.68,-1062.16
36%,10 pts,ITM_50,-15%,+60%,+30%,6,2,4,33.33%,1.16,660.7,1884.67,2454.68,-1062.16
28%,10 pts,ITM_50,-20%,+40%,+25%,3,1,2,33.33%,1.28,658.79,1159.18,3046.97,-1194.09
28%,10 pts,ITM_50,-20%,+40%,+30%,3,1,2,33.33%,1.28,658.79,1159.18,3046.97,-1194.09
28%,8 pts,ATM,-20%,+60%,+25%,3,1,2,33.33%,1.36,624.0,737.44,2374.37,-875.18
28%,8 pts,ATM,-20%,+60%,+30%,3,1,2,33.33%,1.36,624.0,737.44,2374.37,-875.18
32%,6 pts,OTM_50,-15%,+60%,+30%,12,4,8,33.33%,1.08,607.46,2992.61,2017.01,-932.57
36%,6 pts,OTM_50,-15%,+60%,+30%,12,4,8,33.33%,1.08,607.46,2992.61,2017.01,-932.57
28%,6 pts,ITM_50,-30%,+60%,+30%,3,1,2,33.33%,1.17,591.66,1694.69,3985.77,-1697.06
28%,10 pts,ATM,-25%,+40%,+25%,3,1,2,33.33%,1.31,589.29,857.9,2460.12,-935.42
28%,10 pts,ATM,-25%,+40%,+30%,3,1,2,33.33%,1.31,589.29,857.9,2460.12,-935.42
32%,8 pts,ATM,-20%,+60%,+25%,6,3,3,50.0%,1.24,582.68,1417.0,1004.2,-809.98
36%,8 pts,ATM,-20%,+60%,+25%,6,3,3,50.0%,1.24,582.68,1417.0,1004.2,-809.98
32%,8 pts,ATM,-15%,+40%,+25%,6,3,3,50.0%,1.31,560.84,1122.11,782.46,-595.51
36%,8 pts,ATM,-15%,+40%,+25%,6,3,3,50.0%,1.31,560.84,1122.11,782.46,-595.51
32%,10 pts,ATM,-20%,+40%,+25%,6,3,3,50.0%,1.22,520.59,1380.98,971.5,-797.97
36%,10 pts,ATM,-20%,+40%,+25%,6,3,3,50.0%,1.22,520.59,1380.98,971.5,-797.97
28%,6 pts,ATM,-20%,+80%,+25%,4,2,2,50.0%,1.18,506.7,737.44,1657.54,-1404.19
28%,8 pts,ATM,-25%,+60%,+25%,3,1,2,33.33%,1.27,503.54,857.9,2374.37,-935.42
28%,8 pts,ATM,-25%,+60%,+30%,3,1,2,33.33%,1.27,503.54,857.9,2374.37,-935.42
28%,8 pts,ATM,-15%,+40%,+25%,3,1,2,33.33%,1.41,495.04,549.67,1709.14,-607.05
28%,8 pts,ATM,-15%,+40%,+30%,3,1,2,33.33%,1.41,495.04,549.67,1709.14,-607.05
32%,6 pts,ATM,-20%,+80%,+25%,7,4,3,57.14%,1.13,465.38,1417.0,988.33,-1162.65
36%,6 pts,ATM,-20%,+80%,+25%,7,4,3,57.14%,1.13,465.38,1417.0,988.33,-1162.65
28%,10 pts,ITM_50,-30%,+60%,+25%,3,1,2,33.33%,1.13,450.92,1694.69,4004.02,-1776.55
28%,10 pts,ITM_50,-30%,+60%,+30%,3,1,2,33.33%,1.13,450.92,1694.69,4004.02,-1776.55
32%,10 pts,ATM,-15%,+40%,+30%,6,2,4,33.33%,1.17,432.38,1086.09,1469.2,-626.5
36%,10 pts,ATM,-15%,+40%,+30%,6,2,4,33.33%,1.17,432.38,1086.09,1469.2,-626.5
32%,6 pts,ITM_50,-30%,+80%,+25%,6,3,3,50.0%,1.08,424.84,3271.9,1879.1,-1737.49
36%,6 pts,ITM_50,-30%,+80%,+25%,6,3,3,50.0%,1.08,424.84,3271.9,1879.1,-1737.49
32%,8 pts,ATM,-30%,+80%,+25%,6,3,3,50.0%,1.12,415.36,2226.19,1263.42,-1124.97
36%,8 pts,ATM,-30%,+80%,+25%,6,3,3,50.0%,1.12,415.36,2226.19,1263.42,-1124.97
32%,8 pts,ATM,-25%,+60%,+25%,6,3,3,50.0%,1.16,405.2,1594.48,1004.2,-869.14
36%,8 pts,ATM,-25%,+60%,+25%,6,3,3,50.0%,1.16,405.2,1594.48,1004.2,-869.14
32%,8 pts,ITM_50,-15%,+60%,+25%,6,2,4,33.33%,1.1,404.91,1795.0,2281.95,-1039.75
32%,8 pts,ITM_50,-15%,+60%,+30%,6,2,4,33.33%,1.1,404.91,1795.0,2281.95,-1039.75
36%,8 pts,ITM_50,-15%,+60%,+25%,6,2,4,33.33%,1.1,404.91,1795.0,2281.95,-1039.75
36%,8 pts,ITM_50,-15%,+60%,+30%,6,2,4,33.33%,1.1,404.91,1795.0,2281.95,-1039.75
32%,8 pts,ITM_50,-20%,+80%,+25%,6,2,4,33.33%,1.08,398.61,2172.85,2689.5,-1245.1
32%,8 pts,ITM_50,-20%,+80%,+30%,6,2,4,33.33%,1.08,398.61,2172.85,2689.5,-1245.1
36%,8 pts,ITM_50,-20%,+80%,+25%,6,2,4,33.33%,1.08,398.61,2172.85,2689.5,-1245.1
36%,8 pts,ITM_50,-20%,+80%,+30%,6,2,4,33.33%,1.08,398.61,2172.85,2689.5,-1245.1
32%,10 pts,OTM_50,-15%,+60%,+25%,11,5,6,45.45%,1.07,392.73,3748.97,1221.47,-952.43
36%,10 pts,OTM_50,-15%,+60%,+25%,11,5,6,45.45%,1.07,392.73,3748.97,1221.47,-952.43
28%,8 pts,ATM,-20%,+100%,+25%,3,1,2,33.33%,1.22,390.52,737.44,2140.89,-875.18
28%,8 pts,ATM,-20%,+100%,+30%,3,1,2,33.33%,1.22,390.52,737.44,2140.89,-875.18
28%,8 pts,ITM_50,-30%,+60%,+25%,3,1,2,33.33%,1.11,389.89,1694.69,3942.99,-1776.55
28%,8 pts,ITM_50,-30%,+60%,+30%,3,1,2,33.33%,1.11,389.89,1694.69,3942.99,-1776.55
32%,6 pts,ITM_50,-20%,+100%,+25%,6,3,3,50.0%,1.1,389.59,2172.85,1380.33,-1250.46
36%,6 pts,ITM_50,-20%,+100%,+25%,6,3,3,50.0%,1.1,389.59,2172.85,1380.33,-1250.46
32%,6 pts,ITM_50,-20%,+80%,+30%,6,2,4,33.33%,1.07,358.54,2172.85,2710.88,-1265.81
36%,6 pts,ITM_50,-20%,+80%,+30%,6,2,4,33.33%,1.07,358.54,2172.85,2710.88,-1265.81
32%,8 pts,ATM,-20%,+100%,+25%,6,3,3,50.0%,1.14,349.2,1417.0,926.38,-809.98
36%,8 pts,ATM,-20%,+100%,+25%,6,3,3,50.0%,1.14,349.2,1417.0,926.38,-809.98
28%,6 pts,ITM_50,-15%,+40%,+30%,3,1,2,33.33%,1.16,311.73,998.38,2303.93,-996.1
32%,8 pts,ATM,-15%,+60%,+30%,6,2,4,33.33%,1.12,302.63,1122.11,1422.34,-635.51
36%,8 pts,ATM,-15%,+60%,+30%,6,2,4,33.33%,1.12,302.63,1122.11,1422.34,-635.51
32%,6 pts,ATM,-15%,+60%,+25%,7,4,3,57.14%,1.11,295.35,1122.11,769.56,-927.63
36%,6 pts,ATM,-15%,+60%,+25%,7,4,3,57.14%,1.11,295.35,1122.11,769.56,-927.63
28%,8 pts,ATM,-25%,+100%,+25%,3,1,2,33.33%,1.14,270.06,857.9,2140.89,-935.42
28%,8 pts,ATM,-25%,+100%,+30%,3,1,2,33.33%,1.14,270.06,857.9,2140.89,-935.42
32%,10 pts,ATM,-25%,+40%,+25%,6,3,3,50.0%,1.1,262.31,1639.26,971.5,-884.06
36%,10 pts,ATM,-25%,+40%,+25%,6,3,3,50.0%,1.1,262.31,1639.26,971.5,-884.06
28%,6 pts,ATM,-15%,+80%,+30%,4,1,3,25.0%,1.08,243.1,730.01,3183.55,-980.15
28%,10 pts,ATM,-15%,+60%,+25%,3,1,2,33.33%,1.19,234.88,549.67,1448.98,-607.05
28%,10 pts,ATM,-15%,+60%,+30%,3,1,2,33.33%,1.19,234.88,549.67,1448.98,-607.05
28%,10 pts,ATM,-15%,+80%,+25%,3,1,2,33.33%,1.19,234.88,549.67,1448.98,-607.05
28%,10 pts,ATM,-15%,+80%,+30%,3,1,2,33.33%,1.19,234.88,549.67,1448.98,-607.05
28%,10 pts,ATM,-15%,+100%,+25%,3,1,2,33.33%,1.19,234.88,549.67,1448.98,-607.05
28%,10 pts,ATM,-15%,+100%,+30%,3,1,2,33.33%,1.19,234.88,549.67,1448.98,-607.05
32%,8 pts,OTM_50,-15%,+60%,+30%,12,4,8,33.33%,1.03,234.48,3989.31,2053.57,-997.48
36%,8 pts,OTM_50,-15%,+60%,+30%,12,4,8,33.33%,1.03,234.48,3989.31,2053.57,-997.48
28%,6 pts,ATM,-15%,+60%,+25%,4,2,2,50.0%,1.1,229.55,549.67,1220.0,-1105.22
32%,6 pts,ITM_50,-15%,+40%,+25%,6,3,3,50.0%,1.07,210.38,1795.0,1046.79,-976.66
36%,6 pts,ITM_50,-15%,+40%,+25%,6,3,3,50.0%,1.07,210.38,1795.0,1046.79,-976.66
32%,8 pts,ATM,-25%,+100%,+25%,6,3,3,50.0%,1.07,171.72,1594.48,926.38,-869.14
36%,8 pts,ATM,-25%,+100%,+25%,6,3,3,50.0%,1.07,171.72,1594.48,926.38,-869.14
32%,6 pts,ATM,-15%,+100%,+25%,7,4,3,57.14%,1.06,159.3,1122.11,735.54,-927.63
36%,6 pts,ATM,-15%,+100%,+25%,7,4,3,57.14%,1.06,159.3,1122.11,735.54,-927.63
32%,10 pts,ATM,-15%,+60%,+25%,6,3,3,50.0%,1.09,152.84,1086.09,634.45,-583.51
32%,10 pts,ATM,-15%,+80%,+25%,6,3,3,50.0%,1.09,152.84,1086.09,634.45,-583.51
32%,10 pts,ATM,-15%,+100%,+25%,6,3,3,50.0%,1.09,152.84,1086.09,634.45,-583.51
36%,10 pts,ATM,-15%,+60%,+25%,6,3,3,50.0%,1.09,152.84,1086.09,634.45,-583.51
36%,10 pts,ATM,-15%,+80%,+25%,6,3,3,50.0%,1.09,152.84,1086.09,634.45,-583.51
36%,10 pts,ATM,-15%,+100%,+25%,6,3,3,50.0%,1.09,152.84,1086.09,634.45,-583.51
28%,10 pts,ITM_50,-15%,+80%,+25%,3,1,2,33.33%,1.06,138.35,998.38,2365.73,-1113.69
28%,10 pts,ITM_50,-15%,+80%,+30%,3,1,2,33.33%,1.06,138.35,998.38,2365.73,-1113.69
28%,10 pts,ITM_50,-15%,+100%,+25%,3,1,2,33.33%,1.06,138.35,998.38,2365.73,-1113.69
28%,10 pts,ITM_50,-15%,+100%,+30%,3,1,2,33.33%,1.06,138.35,998.38,2365.73,-1113.69
28%,6 pts,ITM_50,-25%,+100%,+30%,3,1,2,33.33%,1.04,137.92,1694.69,3304.54,-1583.31
32%,8 pts,ATM,-20%,+80%,+30%,6,2,4,33.33%,1.04,133.97,1417.0,1811.17,-872.09
36%,8 pts,ATM,-20%,+80%,+30%,6,2,4,33.33%,1.04,133.97,1417.0,1811.17,-872.09
28%,10 pts,OTM_50,-15%,+40%,+25%,7,2,5,28.57%,1.02,120.44,5011.86,2744.38,-1073.66
28%,10 pts,OTM_50,-15%,+40%,+30%,7,2,5,28.57%,1.02,120.44,5011.86,2744.38,-1073.66
32%,10 pts,ITM_50,-15%,+60%,+25%,6,2,4,33.33%,1.02,103.86,1884.67,2176.26,-1062.16
36%,10 pts,ITM_50,-15%,+60%,+25%,6,2,4,33.33%,1.02,103.86,1884.67,2176.26,-1062.16
28%,6 pts,ATM,-15%,+100%,+25%,4,2,2,50.0%,1.04,93.5,549.67,1151.97,-1105.22
28%,10 pts,ATM,-30%,+40%,+25%,3,1,2,33.33%,1.04,88.69,1222.71,2460.12,-1185.72
28%,10 pts,ATM,-30%,+40%,+30%,3,1,2,33.33%,1.04,88.69,1222.71,2460.12,-1185.72
28%,8 pts,ITM_50,-25%,+100%,+25%,3,1,2,33.33%,1.02,70.83,1694.69,3261.76,-1595.46
28%,8 pts,ITM_50,-25%,+100%,+30%,3,1,2,33.33%,1.02,70.83,1694.69,3261.76,-1595.46
32%,8 pts,ATM,-15%,+100%,+30%,6,2,4,33.33%,1.03,69.15,1122.11,1305.6,-635.51
36%,8 pts,ATM,-15%,+100%,+30%,6,2,4,33.33%,1.03,69.15,1122.11,1305.6,-635.51
28%,8 pts,ITM_50,-15%,+40%,+25%,3,1,2,33.33%,1.02,33.77,998.38,2261.15,-1113.69
28%,8 pts,ITM_50,-15%,+40%,+30%,3,1,2,33.33%,1.02,33.77,998.38,2261.15,-1113.69
32%,10 pts,OTM_50,-20%,+40%,+25%,11,5,6,45.45%,1.0,10.32,5156.73,1447.34,-1204.4
36%,10 pts,OTM_50,-20%,+40%,+25%,11,5,6,45.45%,1.0,10.32,5156.73,1447.34,-1204.4
28%,8 pts,ATM,-30%,+60%,+25%,3,1,2,33.33%,1.0,2.94,1222.71,2374.37,-1185.72
28%,8 pts,ATM,-30%,+60%,+30%,3,1,2,33.33%,1.0,2.94,1222.71,2374.37,-1185.72
32%,6 pts,ITM_50,-15%,+100%,+30%,6,2,4,33.33%,1.0,1.64,1795.0,1962.72,-980.95
36%,6 pts,ITM_50,-15%,+100%,+30%,6,2,4,33.33%,1.0,1.64,1795.0,1962.72,-980.95
32%,10 pts,OTM_50,-15%,+40%,+30%,11,3,8,27.27%,1.0,-16.33,4453.12,2331.06,-876.19
36%,10 pts,OTM_50,-15%,+40%,+30%,11,3,8,27.27%,1.0,-16.33,4453.12,2331.06,-876.19
28%,10 pts,ITM_50,-20%,+80%,+25%,3,1,2,33.33%,0.99,-22.45,1159.18,2365.73,-1194.09
28%,10 pts,ITM_50,-20%,+80%,+30%,3,1,2,33.33%,0.99,-22.45,1159.18,2365.73,-1194.09
28%,10 pts,ITM_50,-20%,+100%,+25%,3,1,2,33.33%,0.99,-22.45,1159.18,2365.73,-1194.09
28%,10 pts,ITM_50,-20%,+100%,+30%,3,1,2,33.33%,0.99,-22.45,1159.18,2365.73,-1194.09
28%,8 pts,ATM,-20%,+40%,+25%,3,1,2,33.33%,0.98,-41.23,737.44,1709.14,-875.18
28%,8 pts,ATM,-20%,+40%,+30%,3,1,2,33.33%,0.98,-41.23,737.44,1709.14,-875.18
32%,6 pts,ITM_50,-25%,+60%,+25%,6,3,3,50.0%,0.99,-43.91,3111.38,1607.4,-1622.04
36%,6 pts,ITM_50,-25%,+60%,+25%,6,3,3,50.0%,0.99,-43.91,3111.38,1607.4,-1622.04
32%,6 pts,OTM_50,-15%,+40%,+30%,12,4,8,33.33%,0.99,-65.07,3388.1,1848.88,-932.57
36%,6 pts,OTM_50,-15%,+40%,+30%,12,4,8,33.33%,0.99,-65.07,3388.1,1848.88,-932.57
32%,8 pts,ATM,-20%,+40%,+25%,6,3,3,50.0%,0.97,-82.55,1417.0,782.46,-809.98
36%,8 pts,ATM,-20%,+40%,+25%,6,3,3,50.0%,0.97,-82.55,1417.0,782.46,-809.98
28%,6 pts,ATM,-25%,+80%,+25%,4,2,2,50.0%,0.97,-85.63,857.9,1657.54,-1700.36
28%,6 pts,ITM_50,-30%,+100%,+30%,3,1,2,33.33%,0.97,-89.57,1694.69,3304.54,-1697.06
32%,6 pts,OTM_50,-20%,+60%,+30%,12,4,8,33.33%,0.99,-101.45,3846.69,2017.01,-1021.18
36%,6 pts,OTM_50,-20%,+60%,+30%,12,4,8,33.33%,0.99,-101.45,3846.69,2017.01,-1021.18
32%,8 pts,ATM,-25%,+80%,+30%,6,2,4,33.33%,0.97,-112.86,1594.48,1811.17,-933.8
36%,8 pts,ATM,-25%,+80%,+30%,6,2,4,33.33%,0.97,-112.86,1594.48,1811.17,-933.8
28%,8 pts,ITM_50,-20%,+40%,+25%,3,1,2,33.33%,0.95,-127.03,1159.18,2261.15,-1194.09
28%,8 pts,ITM_50,-20%,+40%,+30%,3,1,2,33.33%,0.95,-127.03,1159.18,2261.15,-1194.09
28%,6 pts,OTM_50,-15%,+60%,+30%,8,2,6,25.0%,0.98,-140.82,3718.52,3174.27,-1081.56
28%,10 pts,ITM_50,-25%,+40%,+25%,3,1,2,33.33%,0.95,-143.96,1694.69,3046.97,-1595.46
28%,10 pts,ITM_50,-25%,+40%,+30%,3,1,2,33.33%,0.95,-143.96,1694.69,3046.97,-1595.46
32%,10 pts,ITM_50,-20%,+60%,+30%,6,2,4,33.33%,0.97,-144.29,2246.11,2454.68,-1263.41
36%,10 pts,ITM_50,-20%,+60%,+30%,6,2,4,33.33%,0.97,-144.29,2246.11,2454.68,-1263.41
28%,8 pts,ATM,-25%,+40%,+25%,3,1,2,33.33%,0.91,-161.69,857.9,1709.14,-935.42
28%,8 pts,ATM,-25%,+40%,+30%,3,1,2,33.33%,0.91,-161.69,857.9,1709.14,-935.42
28%,6 pts,ITM_50,-20%,+40%,+30%,3,1,2,33.33%,0.93,-167.09,1159.18,2303.93,-1235.51
32%,6 pts,ATM,-25%,+80%,+25%,7,4,3,57.14%,0.96,-183.97,1594.48,988.33,-1379.1
36%,6 pts,ATM,-25%,+80%,+25%,7,4,3,57.14%,0.96,-183.97,1594.48,988.33,-1379.1
28%,8 pts,ATM,-30%,+100%,+25%,3,1,2,33.33%,0.9,-230.54,1222.71,2140.89,-1185.72
28%,8 pts,ATM,-30%,+100%,+30%,3,1,2,33.33%,0.9,-230.54,1222.71,2140.89,-1185.72
32%,8 pts,ATM,-25%,+40%,+25%,6,3,3,50.0%,0.9,-260.03,1594.48,782.46,-869.14
36%,8 pts,ATM,-25%,+40%,+25%,6,3,3,50.0%,0.9,-260.03,1594.48,782.46,-869.14
32%,6 pts,ATM,-15%,+40%,+25%,7,4,3,57.14%,0.9,-272.45,1122.11,627.61,-927.63
36%,6 pts,ATM,-15%,+40%,+25%,7,4,3,57.14%,0.9,-272.45,1122.11,627.61,-927.63
32%,8 pts,ITM_50,-15%,+100%,+25%,6,2,4,33.33%,0.93,-276.32,1795.0,1941.34,-1039.75
32%,8 pts,ITM_50,-15%,+100%,+30%,6,2,4,33.33%,0.93,-276.32,1795.0,1941.34,-1039.75
36%,8 pts,ITM_50,-15%,+100%,+25%,6,2,4,33.33%,0.93,-276.32,1795.0,1941.34,-1039.75
36%,8 pts,ITM_50,-15%,+100%,+30%,6,2,4,33.33%,0.93,-276.32,1795.0,1941.34,-1039.75
28%,8 pts,ITM_50,-30%,+100%,+25%,3,1,2,33.33%,0.92,-291.34,1694.69,3261.76,-1776.55
28%,8 pts,ITM_50,-30%,+100%,+30%,3,1,2,33.33%,0.92,-291.34,1694.69,3261.76,-1776.55
32%,10 pts,ITM_50,-15%,+40%,+30%,6,2,4,33.33%,0.93,-296.35,1884.67,1976.16,-1062.16
36%,10 pts,ITM_50,-15%,+40%,+30%,6,2,4,33.33%,0.93,-296.35,1884.67,1976.16,-1062.16
28%,10 pts,ATM,-20%,+60%,+25%,3,1,2,33.33%,0.83,-301.39,737.44,1448.98,-875.18
28%,10 pts,ATM,-20%,+60%,+30%,3,1,2,33.33%,0.83,-301.39,737.44,1448.98,-875.18
28%,10 pts,ATM,-20%,+80%,+25%,3,1,2,33.33%,0.83,-301.39,737.44,1448.98,-875.18
28%,10 pts,ATM,-20%,+80%,+30%,3,1,2,33.33%,0.83,-301.39,737.44,1448.98,-875.18
28%,10 pts,ATM,-20%,+100%,+25%,3,1,2,33.33%,0.83,-301.39,737.44,1448.98,-875.18
28%,10 pts,ATM,-20%,+100%,+30%,3,1,2,33.33%,0.83,-301.39,737.44,1448.98,-875.18
28%,6 pts,ATM,-15%,+40%,+25%,4,2,2,50.0%,0.85,-338.25,549.67,936.1,-1105.22
28%,6 pts,ATM,-20%,+80%,+30%,4,1,3,25.0%,0.9,-354.84,737.44,3183.55,-1179.46
32%,8 pts,ATM,-30%,+60%,+25%,6,3,3,50.0%,0.89,-362.3,2226.19,1004.2,-1124.97
36%,8 pts,ATM,-30%,+60%,+25%,6,3,3,50.0%,0.89,-362.3,2226.19,1004.2,-1124.97
32%,8 pts,ATM,-15%,+40%,+30%,6,2,4,33.33%,0.86,-362.6,1122.11,1089.72,-635.51
36%,8 pts,ATM,-15%,+40%,+30%,6,2,4,33.33%,0.86,-362.6,1122.11,1089.72,-635.51
28%,6 pts,ATM,-20%,+60%,+25%,4,2,2,50.0%,0.87,-368.39,737.44,1220.0,-1404.19
32%,6 pts,ITM_50,-30%,+60%,+25%,6,3,3,50.0%,0.93,-390.25,3271.9,1607.4,-1737.49
36%,6 pts,ITM_50,-30%,+60%,+25%,6,3,3,50.0%,0.93,-390.25,3271.9,1607.4,-1737.49
32%,10 pts,OTM_50,-15%,+80%,+25%,11,5,6,45.45%,0.93,-395.7,3748.97,1063.78,-952.43
32%,10 pts,OTM_50,-15%,+100%,+25%,11,5,6,45.45%,0.93,-395.7,3748.97,1063.78,-952.43
36%,10 pts,OTM_50,-15%,+80%,+25%,11,5,6,45.45%,0.93,-395.7,3748.97,1063.78,-952.43
36%,10 pts,OTM_50,-15%,+100%,+25%,11,5,6,45.45%,0.93,-395.7,3748.97,1063.78,-952.43
32%,6 pts,ATM,-20%,+60%,+25%,7,4,3,57.14%,0.88,-409.71,1417.0,769.56,-1162.65
36%,6 pts,ATM,-20%,+60%,+25%,7,4,3,57.14%,0.88,-409.71,1417.0,769.56,-1162.65
32%,8 pts,ITM_50,-20%,+60%,+25%,6,2,4,33.33%,0.92,-416.49,2172.85,2281.95,-1245.1
32%,8 pts,ITM_50,-20%,+60%,+30%,6,2,4,33.33%,0.92,-416.49,2172.85,2281.95,-1245.1
36%,8 pts,ITM_50,-20%,+60%,+25%,6,2,4,33.33%,0.92,-416.49,2172.85,2281.95,-1245.1
36%,8 pts,ITM_50,-20%,+60%,+30%,6,2,4,33.33%,0.92,-416.49,2172.85,2281.95,-1245.1
28%,10 pts,ATM,-25%,+60%,+25%,3,1,2,33.33%,0.77,-421.85,857.9,1448.98,-935.42
28%,10 pts,ATM,-25%,+60%,+30%,3,1,2,33.33%,0.77,-421.85,857.9,1448.98,-935.42
28%,10 pts,ATM,-25%,+80%,+25%,3,1,2,33.33%,0.77,-421.85,857.9,1448.98,-935.42
28%,10 pts,ATM,-25%,+80%,+30%,3,1,2,33.33%,0.77,-421.85,857.9,1448.98,-935.42
28%,10 pts,ATM,-25%,+100%,+25%,3,1,2,33.33%,0.77,-421.85,857.9,1448.98,-935.42
28%,10 pts,ATM,-25%,+100%,+30%,3,1,2,33.33%,0.77,-421.85,857.9,1448.98,-935.42
32%,10 pts,ATM,-30%,+40%,+25%,6,3,3,50.0%,0.87,-424.39,2190.17,971.5,-1112.96
36%,10 pts,ATM,-30%,+40%,+25%,6,3,3,50.0%,0.87,-424.39,2190.17,971.5,-1112.96
32%,6 pts,ITM_50,-20%,+60%,+30%,6,2,4,33.33%,0.91,-456.55,2172.85,2303.34,-1265.81
36%,6 pts,ITM_50,-20%,+60%,+30%,6,2,4,33.33%,0.91,-456.55,2172.85,2303.34,-1265.81
32%,6 pts,OTM_50,-15%,+100%,+30%,12,4,8,33.33%,0.94,-469.89,2992.61,1747.67,-932.57
36%,6 pts,OTM_50,-15%,+100%,+30%,12,4,8,33.33%,0.94,-469.89,2992.61,1747.67,-932.57
32%,10 pts,ATM,-20%,+60%,+25%,6,3,3,50.0%,0.8,-490.55,1380.98,634.45,-797.97
32%,10 pts,ATM,-20%,+80%,+25%,6,3,3,50.0%,0.8,-490.55,1380.98,634.45,-797.97
32%,10 pts,ATM,-20%,+100%,+25%,6,3,3,50.0%,0.8,-490.55,1380.98,634.45,-797.97
36%,10 pts,ATM,-20%,+60%,+25%,6,3,3,50.0%,0.8,-490.55,1380.98,634.45,-797.97
36%,10 pts,ATM,-20%,+80%,+25%,6,3,3,50.0%,0.8,-490.55,1380.98,634.45,-797.97
36%,10 pts,ATM,-20%,+100%,+25%,6,3,3,50.0%,0.8,-490.55,1380.98,634.45,-797.97
28%,6 pts,ATM,-20%,+100%,+25%,4,2,2,50.0%,0.82,-504.44,737.44,1151.97,-1404.19
28%,10 pts,ITM_50,-30%,+40%,+25%,3,1,2,33.33%,0.86,-506.13,1694.69,3046.97,-1776.55
28%,10 pts,ITM_50,-30%,+40%,+30%,3,1,2,33.33%,0.86,-506.13,1694.69,3046.97,-1776.55
28%,8 pts,OTM_50,-15%,+60%,+30%,8,2,6,25.0%,0.93,-513.8,5076.64,3247.4,-1168.1
32%,10 pts,ATM,-20%,+40%,+30%,6,2,4,33.33%,0.85,-513.94,1380.98,1469.2,-863.08
36%,10 pts,ATM,-20%,+40%,+30%,6,2,4,33.33%,0.85,-513.94,1380.98,1469.2,-863.08
32%,6 pts,OTM_50,-15%,+80%,+30%,12,4,8,33.33%,0.93,-531.46,2992.61,1732.28,-932.57
36%,6 pts,OTM_50,-15%,+80%,+30%,12,4,8,33.33%,0.93,-531.46,2992.61,1732.28,-932.57
32%,6 pts,ATM,-20%,+100%,+25%,7,4,3,57.14%,0.84,-545.76,1417.0,735.54,-1162.65
36%,6 pts,ATM,-20%,+100%,+25%,7,4,3,57.14%,0.84,-545.76,1417.0,735.54,-1162.65
32%,10 pts,ATM,-15%,+60%,+30%,6,2,4,33.33%,0.77,-578.76,1086.09,963.63,-626.5
32%,10 pts,ATM,-15%,+80%,+30%,6,2,4,33.33%,0.77,-578.76,1086.09,963.63,-626.5
32%,10 pts,ATM,-15%,+100%,+30%,6,2,4,33.33%,0.77,-578.76,1086.09,963.63,-626.5
36%,10 pts,ATM,-15%,+60%,+30%,6,2,4,33.33%,0.77,-578.76,1086.09,963.63,-626.5
36%,10 pts,ATM,-15%,+80%,+30%,6,2,4,33.33%,0.77,-578.76,1086.09,963.63,-626.5
36%,10 pts,ATM,-15%,+100%,+30%,6,2,4,33.33%,0.77,-578.76,1086.09,963.63,-626.5
32%,8 pts,ATM,-30%,+100%,+25%,6,3,3,50.0%,0.82,-595.78,2226.19,926.38,-1124.97
36%,8 pts,ATM,-30%,+100%,+25%,6,3,3,50.0%,0.82,-595.78,2226.19,926.38,-1124.97
32%,8 pts,OTM_50,-15%,+40%,+30%,12,4,8,33.33%,0.92,-605.32,4574.44,1843.62,-997.48
36%,8 pts,OTM_50,-15%,+40%,+30%,12,4,8,33.33%,0.92,-605.32,4574.44,1843.62,-997.48
32%,6 pts,ITM_50,-20%,+40%,+25%,6,3,3,50.0%,0.84,-611.02,2172.85,1046.79,-1250.46
36%,6 pts,ITM_50,-20%,+40%,+25%,6,3,3,50.0%,0.84,-611.02,2172.85,1046.79,-1250.46
32%,6 pts,ATM,-15%,+80%,+30%,7,2,5,28.57%,0.86,-614.54,1485.51,1826.93,-853.68
36%,6 pts,ATM,-15%,+80%,+30%,7,2,5,28.57%,0.86,-614.54,1485.51,1826.93,-853.68
28%,6 pts,ATM,-15%,+60%,+30%,4,1,3,25.0%,0.79,-631.99,730.01,2308.46,-980.15
32%,8 pts,ATM,-20%,+60%,+30%,6,2,4,33.33%,0.82,-643.69,1417.0,1422.34,-872.09
36%,8 pts,ATM,-20%,+60%,+30%,6,2,4,33.33%,0.82,-643.69,1417.0,1422.34,-872.09
32%,8 pts,OTM_50,-20%,+60%,+30%,12,4,8,33.33%,0.93,-660.82,5093.69,2053.57,-1109.39
36%,8 pts,OTM_50,-20%,+60%,+30%,12,4,8,33.33%,0.93,-660.82,5093.69,2053.57,-1109.39
28%,8 pts,ATM,-30%,+40%,+25%,3,1,2,33.33%,0.72,-662.29,1222.71,1709.14,-1185.72
28%,8 pts,ATM,-30%,+40%,+30%,3,1,2,33.33%,0.72,-662.29,1222.71,1709.14,-1185.72
32%,10 pts,ITM_50,-20%,+60%,+25%,6,2,4,33.33%,0.86,-701.13,2246.11,2176.26,-1263.41
36%,10 pts,ITM_50,-20%,+60%,+25%,6,2,4,33.33%,0.86,-701.13,2246.11,2176.26,-1263.41
32%,6 pts,ITM_50,-25%,+100%,+25%,6,3,3,50.0%,0.85,-725.14,3111.38,1380.33,-1622.04
36%,6 pts,ITM_50,-25%,+100%,+25%,6,3,3,50.0%,0.85,-725.14,3111.38,1380.33,-1622.04
32%,10 pts,ATM,-25%,+60%,+25%,6,3,3,50.0%,0.72,-748.83,1639.26,634.45,-884.06
32%,10 pts,ATM,-25%,+80%,+25%,6,3,3,50.0%,0.72,-748.83,1639.26,634.45,-884.06
32%,10 pts,ATM,-25%,+100%,+25%,6,3,3,50.0%,0.72,-748.83,1639.26,634.45,-884.06
36%,10 pts,ATM,-25%,+60%,+25%,6,3,3,50.0%,0.72,-748.83,1639.26,634.45,-884.06
36%,10 pts,ATM,-25%,+80%,+25%,6,3,3,50.0%,0.72,-748.83,1639.26,634.45,-884.06
36%,10 pts,ATM,-25%,+100%,+25%,6,3,3,50.0%,0.72,-748.83,1639.26,634.45,-884.06
28%,6 pts,OTM_50,-20%,+60%,+30%,8,2,6,25.0%,0.89,-754.39,4467.1,3174.27,-1183.82
28%,6 pts,ATM,-15%,+100%,+30%,4,1,3,25.0%,0.74,-768.04,730.01,2172.41,-980.15
32%,6 pts,OTM_50,-20%,+40%,+30%,12,4,8,33.33%,0.91,-773.98,3846.69,1848.88,-1021.18
36%,6 pts,OTM_50,-20%,+40%,+30%,12,4,8,33.33%,0.91,-773.98,3846.69,1848.88,-1021.18
28%,6 pts,OTM_50,-15%,+40%,+30%,8,2,6,25.0%,0.87,-813.35,4136.38,2838.0,-1081.56
28%,10 pts,ITM_50,-25%,+80%,+25%,3,1,2,33.33%,0.74,-825.2,1694.69,2365.73,-1595.46
28%,10 pts,ITM_50,-25%,+80%,+30%,3,1,2,33.33%,0.74,-825.2,1694.69,2365.73,-1595.46
28%,10 pts,ITM_50,-25%,+100%,+25%,3,1,2,33.33%,0.74,-825.2,1694.69,2365.73,-1595.46
28%,10 pts,ITM_50,-25%,+100%,+30%,3,1,2,33.33%,0.74,-825.2,1694.69,2365.73,-1595.46
32%,10 pts,ATM,-25%,+40%,+30%,6,2,4,33.33%,0.78,-841.57,1639.26,1469.2,-944.99
36%,10 pts,ATM,-25%,+40%,+30%,6,2,4,33.33%,0.78,-841.57,1639.26,1469.2,-944.99
32%,10 pts,ITM_50,-15%,+40%,+25%,6,2,4,33.33%,0.8,-853.19,1884.67,1697.74,-1062.16
36%,10 pts,ITM_50,-15%,+40%,+25%,6,2,4,33.33%,0.8,-853.19,1884.67,1697.74,-1062.16
28%,6 pts,ITM_50,-25%,+40%,+30%,3,1,2,33.33%,0.73,-862.69,1694.69,2303.93,-1583.31
32%,8 pts,ATM,-20%,+100%,+30%,6,2,4,33.33%,0.75,-877.17,1417.0,1305.6,-872.09
36%,8 pts,ATM,-20%,+100%,+30%,6,2,4,33.33%,0.75,-877.17,1417.0,1305.6,-872.09
32%,8 pts,ATM,-25%,+60%,+30%,6,2,4,33.33%,0.76,-890.52,1594.48,1422.34,-933.8
36%,8 pts,ATM,-25%,+60%,+30%,6,2,4,33.33%,0.76,-890.52,1594.48,1422.34,-933.8
32%,6 pts,ITM_50,-25%,+80%,+30%,6,2,4,33.33%,0.86,-916.28,3111.38,2710.88,-1584.51
36%,6 pts,ITM_50,-25%,+80%,+30%,6,2,4,33.33%,0.86,-916.28,3111.38,2710.88,-1584.51
28%,10 pts,ATM,-30%,+60%,+25%,3,1,2,33.33%,0.61,-922.45,1222.71,1448.98,-1185.72
28%,10 pts,ATM,-30%,+60%,+30%,3,1,2,33.33%,0.61,-922.45,1222.71,1448.98,-1185.72
28%,10 pts,ATM,-30%,+80%,+25%,3,1,2,33.33%,0.61,-922.45,1222.71,1448.98,-1185.72
28%,10 pts,ATM,-30%,+80%,+30%,3,1,2,33.33%,0.61,-922.45,1222.71,1448.98,-1185.72
28%,10 pts,ATM,-30%,+100%,+25%,3,1,2,33.33%,0.61,-922.45,1222.71,1448.98,-1185.72
28%,10 pts,ATM,-30%,+100%,+30%,3,1,2,33.33%,0.61,-922.45,1222.71,1448.98,-1185.72
28%,8 pts,ITM_50,-25%,+40%,+25%,3,1,2,33.33%,0.71,-929.78,1694.69,2261.15,-1595.46
28%,8 pts,ITM_50,-25%,+40%,+30%,3,1,2,33.33%,0.71,-929.78,1694.69,2261.15,-1595.46
28%,6 pts,ATM,-20%,+40%,+25%,4,2,2,50.0%,0.67,-936.19,737.44,936.1,-1404.19
28%,6 pts,ATM,-25%,+60%,+25%,4,2,2,50.0%,0.72,-960.72,857.9,1220.0,-1700.36
32%,6 pts,ATM,-20%,+40%,+25%,7,4,3,57.14%,0.72,-977.51,1417.0,627.61,-1162.65
36%,6 pts,ATM,-20%,+40%,+25%,7,4,3,57.14%,0.72,-977.51,1417.0,627.61,-1162.65
32%,10 pts,ITM_50,-15%,+80%,+30%,6,2,4,33.33%,0.77,-977.59,1884.67,1635.54,-1062.16
32%,10 pts,ITM_50,-15%,+100%,+30%,6,2,4,33.33%,0.77,-977.59,1884.67,1635.54,-1062.16
36%,10 pts,ITM_50,-15%,+80%,+30%,6,2,4,33.33%,0.77,-977.59,1884.67,1635.54,-1062.16
36%,10 pts,ITM_50,-15%,+100%,+30%,6,2,4,33.33%,0.77,-977.59,1884.67,1635.54,-1062.16
32%,8 pts,ITM_50,-25%,+80%,+25%,6,2,4,33.33%,0.85,-983.36,3111.38,2689.5,-1590.59
32%,8 pts,ITM_50,-25%,+80%,+30%,6,2,4,33.33%,0.85,-983.36,3111.38,2689.5,-1590.59
36%,8 pts,ITM_50,-25%,+80%,+25%,6,2,4,33.33%,0.85,-983.36,3111.38,2689.5,-1590.59
36%,8 pts,ITM_50,-25%,+80%,+30%,6,2,4,33.33%,0.85,-983.36,3111.38,2689.5,-1590.59
32%,6 pts,ITM_50,-15%,+40%,+30%,6,2,4,33.33%,0.75,-998.97,1795.0,1462.42,-980.95
36%,6 pts,ITM_50,-15%,+40%,+30%,6,2,4,33.33%,0.75,-998.97,1795.0,1462.42,-980.95
28%,10 pts,OTM_50,-15%,+60%,+25%,7,2,5,28.57%,0.81,-1008.95,5011.86,2179.68,-1073.66
28%,10 pts,OTM_50,-15%,+60%,+30%,7,2,5,28.57%,0.81,-1008.95,5011.86,2179.68,-1073.66
32%,8 pts,ATM,-30%,+40%,+25%,6,3,3,50.0%,0.7,-1027.53,2226.19,782.46,-1124.97
36%,8 pts,ATM,-30%,+40%,+25%,6,3,3,50.0%,0.7,-1027.53,2226.19,782.46,-1124.97
32%,6 pts,ATM,-25%,+60%,+25%,7,4,3,57.14%,0.74,-1059.06,1594.48,769.56,-1379.1
36%,6 pts,ATM,-25%,+60%,+25%,7,4,3,57.14%,0.74,-1059.06,1594.48,769.56,-1379.1
32%,6 pts,ITM_50,-30%,+100%,+25%,6,3,3,50.0%,0.79,-1071.48,3271.9,1380.33,-1737.49
36%,6 pts,ITM_50,-30%,+100%,+25%,6,3,3,50.0%,0.79,-1071.48,3271.9,1380.33,-1737.49
32%,8 pts,OTM_50,-15%,+80%,+30%,12,4,8,33.33%,0.87,-1071.71,3590.59,1727.02,-997.48
36%,8 pts,OTM_50,-15%,+80%,+30%,12,4,8,33.33%,0.87,-1071.71,3590.59,1727.02,-997.48
28%,6 pts,ATM,-25%,+80%,+30%,4,1,3,25.0%,0.75,-1082.97,865.81,3183.55,-1422.17
28%,6 pts,ITM_50,-30%,+40%,+30%,3,1,2,33.33%,0.68,-1090.18,1694.69,2303.93,-1697.06
28%,6 pts,ATM,-25%,+100%,+25%,4,2,2,50.0%,0.68,-1096.77,857.9,1151.97,-1700.36
32%,8 pts,ITM_50,-20%,+100%,+25%,6,2,4,33.33%,0.78,-1097.72,2172.85,1941.34,-1245.1
32%,8 pts,ITM_50,-20%,+100%,+30%,6,2,4,33.33%,0.78,-1097.72,2172.85,1941.34,-1245.1
36%,8 pts,ITM_50,-20%,+100%,+25%,6,2,4,33.33%,0.78,-1097.72,2172.85,1941.34,-1245.1
36%,8 pts,ITM_50,-20%,+100%,+30%,6,2,4,33.33%,0.78,-1097.72,2172.85,1941.34,-1245.1
32%,10 pts,ITM_50,-20%,+40%,+30%,6,2,4,33.33%,0.78,-1101.34,2246.11,1976.16,-1263.41
36%,10 pts,ITM_50,-20%,+40%,+30%,6,2,4,33.33%,0.78,-1101.34,2246.11,1976.16,-1263.41
32%,10 pts,OTM_50,-20%,+60%,+25%,11,5,6,45.45%,0.85,-1119.07,5156.73,1221.47,-1204.4
36%,10 pts,OTM_50,-20%,+60%,+25%,11,5,6,45.45%,0.85,-1119.07,5156.73,1221.47,-1204.4
32%,8 pts,ATM,-25%,+100%,+30%,6,2,4,33.33%,0.7,-1124.0,1594.48,1305.6,-933.8
36%,8 pts,ATM,-25%,+100%,+30%,6,2,4,33.33%,0.7,-1124.0,1594.48,1305.6,-933.8
32%,6 pts,ITM_50,-20%,+100%,+30%,6,2,4,33.33%,0.78,-1137.78,2172.85,1962.72,-1265.81
36%,6 pts,ITM_50,-20%,+100%,+30%,6,2,4,33.33%,0.78,-1137.78,2172.85,1962.72,-1265.81
32%,10 pts,OTM_50,-15%,+60%,+30%,11,3,8,27.27%,0.84,-1145.72,4453.12,1954.6,-876.19
36%,10 pts,OTM_50,-15%,+60%,+30%,11,3,8,27.27%,0.84,-1145.72,4453.12,1954.6,-876.19
32%,6 pts,OTM_50,-20%,+100%,+30%,12,4,8,33.33%,0.86,-1178.8,3846.69,1747.67,-1021.18
36%,6 pts,OTM_50,-20%,+100%,+30%,12,4,8,33.33%,0.86,-1178.8,3846.69,1747.67,-1021.18
28%,10 pts,ITM_50,-30%,+80%,+25%,3,1,2,33.33%,0.67,-1187.37,1694.69,2365.73,-1776.55
28%,10 pts,ITM_50,-30%,+80%,+30%,3,1,2,33.33%,0.67,-1187.37,1694.69,2365.73,-1776.55
28%,10 pts,ITM_50,-30%,+100%,+25%,3,1,2,33.33%,0.67,-1187.37,1694.69,2365.73,-1776.55
28%,10 pts,ITM_50,-30%,+100%,+30%,3,1,2,33.33%,0.67,-1187.37,1694.69,2365.73,-1776.55
32%,8 pts,ATM,-30%,+80%,+30%,6,2,4,33.33%,0.75,-1194.7,2226.19,1811.17,-1204.26
36%,8 pts,ATM,-30%,+80%,+30%,6,2,4,33.33%,0.75,-1194.7,2226.19,1811.17,-1204.26
32%,6 pts,ATM,-25%,+100%,+25%,7,4,3,57.14%,0.71,-1195.11,1594.48,735.54,-1379.1
36%,6 pts,ATM,-25%,+100%,+25%,7,4,3,57.14%,0.71,-1195.11,1594.48,735.54,-1379.1
28%,6 pts,ATM,-15%,+40%,+30%,4,1,3,25.0%,0.59,-1199.79,730.01,1740.66,-980.15
28%,6 pts,OTM_50,-15%,+100%,+30%,8,2,6,25.0%,0.81,-1218.17,3527.45,2635.6,-1081.56
28%,6 pts,ATM,-20%,+60%,+30%,4,1,3,25.0%,0.65,-1229.93,737.44,2308.46,-1179.46
32%,6 pts,OTM_50,-20%,+80%,+30%,12,4,8,33.33%,0.85,-1240.37,3846.69,1732.28,-1021.18
36%,6 pts,OTM_50,-20%,+80%,+30%,12,4,8,33.33%,0.85,-1240.37,3846.69,1732.28,-1021.18
28%,6 pts,ATM,-30%,+80%,+25%,4,2,2,50.0%,0.72,-1267.28,1222.71,1657.54,-2291.18
32%,8 pts,ITM_50,-15%,+40%,+25%,6,2,4,33.33%,0.69,-1276.93,1795.0,1441.03,-1039.75
32%,8 pts,ITM_50,-15%,+40%,+30%,6,2,4,33.33%,0.69,-1276.93,1795.0,1441.03,-1039.75
36%,8 pts,ITM_50,-15%,+40%,+25%,6,2,4,33.33%,0.69,-1276.93,1795.0,1441.03,-1039.75
36%,8 pts,ITM_50,-15%,+40%,+30%,6,2,4,33.33%,0.69,-1276.93,1795.0,1441.03,-1039.75
28%,6 pts,OTM_50,-15%,+80%,+30%,8,2,6,25.0%,0.8,-1279.74,3527.45,2604.81,-1081.56
28%,8 pts,ITM_50,-30%,+40%,+25%,3,1,2,33.33%,0.64,-1291.95,1694.69,2261.15,-1776.55
28%,8 pts,ITM_50,-30%,+40%,+30%,3,1,2,33.33%,0.64,-1291.95,1694.69,2261.15,-1776.55
32%,8 pts,ATM,-20%,+40%,+30%,6,2,4,33.33%,0.62,-1308.92,1417.0,1089.72,-872.09
36%,8 pts,ATM,-20%,+40%,+30%,6,2,4,33.33%,0.62,-1308.92,1417.0,1089.72,-872.09
28%,8 pts,OTM_50,-20%,+60%,+30%,8,2,6,25.0%,0.83,-1313.76,6442.14,3247.4,-1301.43
28%,8 pts,OTM_50,-15%,+40%,+30%,8,2,6,25.0%,0.81,-1353.6,5661.77,2827.5,-1168.1
28%,6 pts,ATM,-20%,+100%,+30%,4,1,3,25.0%,0.61,-1365.98,737.44,2172.41,-1179.46
28%,10 pts,OTM_50,-20%,+40%,+25%,7,2,5,28.57%,0.8,-1391.36,6419.62,2744.38,-1376.02
28%,10 pts,OTM_50,-20%,+40%,+30%,7,2,5,28.57%,0.8,-1391.36,6419.62,2744.38,-1376.02
32%,10 pts,ITM_50,-25%,+60%,+30%,6,2,4,33.33%,0.78,-1406.48,3064.86,2454.68,-1578.96
36%,10 pts,ITM_50,-25%,+60%,+30%,6,2,4,33.33%,0.78,-1406.48,3064.86,2454.68,-1578.96
28%,6 pts,OTM_50,-20%,+40%,+30%,8,2,6,25.0%,0.8,-1426.92,4467.1,2838.0,-1183.82
32%,10 pts,ATM,-30%,+60%,+25%,6,3,3,50.0%,0.57,-1435.53,2190.17,634.45,-1112.96
32%,10 pts,ATM,-30%,+80%,+25%,6,3,3,50.0%,0.57,-1435.53,2190.17,634.45,-1112.96
32%,10 pts,ATM,-30%,+100%,+25%,6,3,3,50.0%,0.57,-1435.53,2190.17,634.45,-1112.96
36%,10 pts,ATM,-30%,+60%,+25%,6,3,3,50.0%,0.57,-1435.53,2190.17,634.45,-1112.96
36%,10 pts,ATM,-30%,+80%,+25%,6,3,3,50.0%,0.57,-1435.53,2190.17,634.45,-1112.96
36%,10 pts,ATM,-30%,+100%,+25%,6,3,3,50.0%,0.57,-1435.53,2190.17,634.45,-1112.96
32%,6 pts,ATM,-15%,+60%,+30%,7,2,5,28.57%,0.65,-1489.63,1485.51,1389.38,-853.68
36%,6 pts,ATM,-15%,+60%,+30%,7,2,5,28.57%,0.65,-1489.63,1485.51,1389.38,-853.68
32%,6 pts,ITM_50,-30%,+80%,+30%,6,2,4,33.33%,0.78,-1490.11,3271.9,2710.88,-1727.97
36%,6 pts,ITM_50,-30%,+80%,+30%,6,2,4,33.33%,0.78,-1490.11,3271.9,2710.88,-1727.97
32%,8 pts,OTM_50,-20%,+40%,+30%,12,4,8,33.33%,0.83,-1500.62,5469.74,1843.62,-1109.39
36%,8 pts,OTM_50,-20%,+40%,+30%,12,4,8,33.33%,0.83,-1500.62,5469.74,1843.62,-1109.39
32%,10 pts,ATM,-20%,+60%,+30%,6,2,4,33.33%,0.56,-1525.08,1380.98,963.63,-863.08
32%,10 pts,ATM,-20%,+80%,+30%,6,2,4,33.33%,0.56,-1525.08,1380.98,963.63,-863.08
32%,10 pts,ATM,-20%,+100%,+30%,6,2,4,33.33%,0.56,-1525.08,1380.98,963.63,-863.08
36%,10 pts,ATM,-20%,+60%,+30%,6,2,4,33.33%,0.56,-1525.08,1380.98,963.63,-863.08
36%,10 pts,ATM,-20%,+80%,+30%,6,2,4,33.33%,0.56,-1525.08,1380.98,963.63,-863.08
36%,10 pts,ATM,-20%,+100%,+30%,6,2,4,33.33%,0.56,-1525.08,1380.98,963.63,-863.08
28%,6 pts,ATM,-25%,+40%,+25%,4,2,2,50.0%,0.55,-1528.52,857.9,936.1,-1700.36
32%,10 pts,ITM_50,-15%,+80%,+25%,6,2,4,33.33%,0.64,-1534.43,1884.67,1357.12,-1062.16
32%,10 pts,ITM_50,-15%,+100%,+25%,6,2,4,33.33%,0.64,-1534.43,1884.67,1357.12,-1062.16
36%,10 pts,ITM_50,-15%,+80%,+25%,6,2,4,33.33%,0.64,-1534.43,1884.67,1357.12,-1062.16
36%,10 pts,ITM_50,-15%,+100%,+25%,6,2,4,33.33%,0.64,-1534.43,1884.67,1357.12,-1062.16
32%,8 pts,ATM,-25%,+40%,+30%,6,2,4,33.33%,0.58,-1555.75,1594.48,1089.72,-933.8
36%,8 pts,ATM,-25%,+40%,+30%,6,2,4,33.33%,0.58,-1555.75,1594.48,1089.72,-933.8
32%,10 pts,OTM_50,-20%,+40%,+30%,11,3,8,27.27%,0.82,-1577.44,5910.19,2331.06,-1071.33
36%,10 pts,OTM_50,-20%,+40%,+30%,11,3,8,27.27%,0.82,-1577.44,5910.19,2331.06,-1071.33
32%,6 pts,ATM,-20%,+80%,+30%,7,2,5,28.57%,0.69,-1622.53,1788.44,1826.93,-1055.28
36%,6 pts,ATM,-20%,+80%,+30%,7,2,5,28.57%,0.69,-1622.53,1788.44,1826.93,-1055.28
32%,6 pts,ATM,-15%,+100%,+30%,7,2,5,28.57%,0.62,-1625.68,1485.51,1321.36,-853.68
36%,6 pts,ATM,-15%,+100%,+30%,7,2,5,28.57%,0.62,-1625.68,1485.51,1321.36,-853.68
32%,6 pts,ATM,-25%,+40%,+25%,7,4,3,57.14%,0.61,-1626.86,1594.48,627.61,-1379.1
36%,6 pts,ATM,-25%,+40%,+25%,7,4,3,57.14%,0.61,-1626.86,1594.48,627.61,-1379.1
32%,6 pts,ATM,-30%,+80%,+25%,7,4,3,57.14%,0.71,-1632.52,2226.19,988.33,-1861.95
36%,6 pts,ATM,-30%,+80%,+25%,7,4,3,57.14%,0.71,-1632.52,2226.19,988.33,-1861.95
32%,10 pts,ITM_50,-20%,+40%,+25%,6,2,4,33.33%,0.67,-1658.18,2246.11,1697.74,-1263.41
36%,10 pts,ITM_50,-20%,+40%,+25%,6,2,4,33.33%,0.67,-1658.18,2246.11,1697.74,-1263.41
32%,8 pts,ITM_50,-30%,+80%,+25%,6,2,4,33.33%,0.76,-1691.87,3271.9,2689.5,-1767.72
32%,8 pts,ITM_50,-30%,+80%,+30%,6,2,4,33.33%,0.76,-1691.87,3271.9,2689.5,-1767.72
36%,8 pts,ITM_50,-30%,+80%,+25%,6,2,4,33.33%,0.76,-1691.87,3271.9,2689.5,-1767.72
36%,8 pts,ITM_50,-30%,+80%,+30%,6,2,4,33.33%,0.76,-1691.87,3271.9,2689.5,-1767.72
32%,6 pts,ITM_50,-25%,+40%,+25%,6,3,3,50.0%,0.65,-1725.75,3111.38,1046.79,-1622.04
36%,6 pts,ITM_50,-25%,+40%,+25%,6,3,3,50.0%,0.65,-1725.75,3111.38,1046.79,-1622.04
32%,6 pts,ITM_50,-25%,+60%,+30%,6,2,4,33.33%,0.73,-1731.37,3111.38,2303.34,-1584.51
36%,6 pts,ITM_50,-25%,+60%,+30%,6,2,4,33.33%,0.73,-1731.37,3111.38,2303.34,-1584.51
32%,10 pts,ITM_50,-20%,+80%,+30%,6,2,4,33.33%,0.65,-1782.58,2246.11,1635.54,-1263.41
32%,10 pts,ITM_50,-20%,+100%,+30%,6,2,4,33.33%,0.65,-1782.58,2246.11,1635.54,-1263.41
36%,10 pts,ITM_50,-20%,+80%,+30%,6,2,4,33.33%,0.65,-1782.58,2246.11,1635.54,-1263.41
36%,10 pts,ITM_50,-20%,+100%,+30%,6,2,4,33.33%,0.65,-1782.58,2246.11,1635.54,-1263.41
28%,10 pts,OTM_50,-15%,+80%,+25%,7,2,5,28.57%,0.67,-1797.38,5011.86,1785.47,-1073.66
28%,10 pts,OTM_50,-15%,+80%,+30%,7,2,5,28.57%,0.67,-1797.38,5011.86,1785.47,-1073.66
28%,10 pts,OTM_50,-15%,+100%,+25%,7,2,5,28.57%,0.67,-1797.38,5011.86,1785.47,-1073.66
28%,10 pts,OTM_50,-15%,+100%,+30%,7,2,5,28.57%,0.67,-1797.38,5011.86,1785.47,-1073.66
28%,6 pts,ATM,-20%,+40%,+30%,4,1,3,25.0%,0.49,-1797.73,737.44,1740.66,-1179.46
32%,8 pts,ITM_50,-25%,+60%,+25%,6,2,4,33.33%,0.72,-1798.46,3111.38,2281.95,-1590.59
32%,8 pts,ITM_50,-25%,+60%,+30%,6,2,4,33.33%,0.72,-1798.46,3111.38,2281.95,-1590.59
36%,8 pts,ITM_50,-25%,+60%,+25%,6,2,4,33.33%,0.72,-1798.46,3111.38,2281.95,-1590.59
36%,8 pts,ITM_50,-25%,+60%,+30%,6,2,4,33.33%,0.72,-1798.46,3111.38,2281.95,-1590.59
28%,8 pts,OTM_50,-15%,+80%,+30%,8,2,6,25.0%,0.74,-1819.99,5034.38,2594.31,-1168.1
28%,6 pts,OTM_50,-20%,+100%,+30%,8,2,6,25.0%,0.74,-1831.74,4467.1,2635.6,-1183.82
32%,10 pts,ATM,-30%,+40%,+30%,6,2,4,33.33%,0.61,-1842.61,2190.17,1469.2,-1195.25
36%,10 pts,ATM,-30%,+40%,+30%,6,2,4,33.33%,0.61,-1842.61,2190.17,1469.2,-1195.25
32%,10 pts,ATM,-25%,+60%,+30%,6,2,4,33.33%,0.51,-1852.71,1639.26,963.63,-944.99
32%,10 pts,ATM,-25%,+80%,+30%,6,2,4,33.33%,0.51,-1852.71,1639.26,963.63,-944.99
32%,10 pts,ATM,-25%,+100%,+30%,6,2,4,33.33%,0.51,-1852.71,1639.26,963.63,-944.99
36%,10 pts,ATM,-25%,+60%,+30%,6,2,4,33.33%,0.51,-1852.71,1639.26,963.63,-944.99
36%,10 pts,ATM,-25%,+80%,+30%,6,2,4,33.33%,0.51,-1852.71,1639.26,963.63,-944.99
36%,10 pts,ATM,-25%,+100%,+30%,6,2,4,33.33%,0.51,-1852.71,1639.26,963.63,-944.99
32%,8 pts,OTM_50,-15%,+100%,+30%,12,4,8,33.33%,0.77,-1860.15,4016.56,1529.92,-997.48
36%,8 pts,OTM_50,-15%,+100%,+30%,12,4,8,33.33%,0.77,-1860.15,4016.56,1529.92,-997.48
28%,6 pts,OTM_50,-20%,+80%,+30%,8,2,6,25.0%,0.73,-1893.31,4467.1,2604.81,-1183.82
32%,10 pts,OTM_50,-20%,+80%,+25%,11,5,6,45.45%,0.74,-1907.5,5156.73,1063.78,-1204.4
32%,10 pts,OTM_50,-20%,+100%,+25%,11,5,6,45.45%,0.74,-1907.5,5156.73,1063.78,-1204.4
36%,10 pts,OTM_50,-20%,+80%,+25%,11,5,6,45.45%,0.74,-1907.5,5156.73,1063.78,-1204.4
36%,10 pts,OTM_50,-20%,+100%,+25%,11,5,6,45.45%,0.74,-1907.5,5156.73,1063.78,-1204.4
32%,10 pts,OTM_50,-15%,+80%,+30%,11,3,8,27.27%,0.72,-1934.15,4453.12,1691.79,-876.19
32%,10 pts,OTM_50,-15%,+100%,+30%,11,3,8,27.27%,0.72,-1934.15,4453.12,1691.79,-876.19
36%,10 pts,OTM_50,-15%,+80%,+30%,11,3,8,27.27%,0.72,-1934.15,4453.12,1691.79,-876.19
36%,10 pts,OTM_50,-15%,+100%,+30%,11,3,8,27.27%,0.72,-1934.15,4453.12,1691.79,-876.19
28%,6 pts,ATM,-25%,+60%,+30%,4,1,3,25.0%,0.54,-1958.06,865.81,2308.46,-1422.17
32%,10 pts,ITM_50,-25%,+60%,+25%,6,2,4,33.33%,0.69,-1963.32,3064.86,2176.26,-1578.96
36%,10 pts,ITM_50,-25%,+60%,+25%,6,2,4,33.33%,0.69,-1963.32,3064.86,2176.26,-1578.96
32%,8 pts,OTM_50,-20%,+80%,+30%,12,4,8,33.33%,0.78,-1967.01,5093.69,1727.02,-1109.39
36%,8 pts,OTM_50,-20%,+80%,+30%,12,4,8,33.33%,0.78,-1967.01,5093.69,1727.02,-1109.39
32%,8 pts,ATM,-30%,+60%,+30%,6,2,4,33.33%,0.59,-1972.36,2226.19,1422.34,-1204.26
36%,8 pts,ATM,-30%,+60%,+30%,6,2,4,33.33%,0.59,-1972.36,2226.19,1422.34,-1204.26
32%,6 pts,ATM,-15%,+40%,+30%,7,2,5,28.57%,0.52,-2057.43,1485.51,1105.48,-853.68
36%,6 pts,ATM,-15%,+40%,+30%,7,2,5,28.57%,0.52,-2057.43,1485.51,1105.48,-853.68
32%,6 pts,ITM_50,-30%,+40%,+25%,6,3,3,50.0%,0.6,-2072.09,3271.9,1046.79,-1737.49
36%,6 pts,ITM_50,-30%,+40%,+25%,6,3,3,50.0%,0.6,-2072.09,3271.9,1046.79,-1737.49
28%,6 pts,ATM,-25%,+100%,+30%,4,1,3,25.0%,0.51,-2094.11,865.81,2172.41,-1422.17
32%,8 pts,ITM_50,-20%,+40%,+25%,6,2,4,33.33%,0.58,-2098.33,2172.85,1441.03,-1245.1
32%,8 pts,ITM_50,-20%,+40%,+30%,6,2,4,33.33%,0.58,-2098.33,2172.85,1441.03,-1245.1
36%,8 pts,ITM_50,-20%,+40%,+25%,6,2,4,33.33%,0.58,-2098.33,2172.85,1441.03,-1245.1
36%,8 pts,ITM_50,-20%,+40%,+30%,6,2,4,33.33%,0.58,-2098.33,2172.85,1441.03,-1245.1
32%,10 pts,ITM_50,-30%,+60%,+30%,6,2,4,33.33%,0.7,-2114.98,3225.37,2454.68,-1756.08
36%,10 pts,ITM_50,-30%,+60%,+30%,6,2,4,33.33%,0.7,-2114.98,3225.37,2454.68,-1756.08
32%,6 pts,ITM_50,-20%,+40%,+30%,6,2,4,33.33%,0.58,-2138.39,2172.85,1462.42,-1265.81
36%,6 pts,ITM_50,-20%,+40%,+30%,6,2,4,33.33%,0.58,-2138.39,2172.85,1462.42,-1265.81
28%,6 pts,ATM,-30%,+60%,+25%,4,2,2,50.0%,0.53,-2142.37,1222.71,1220.0,-2291.18
28%,8 pts,OTM_50,-20%,+40%,+30%,8,2,6,25.0%,0.72,-2153.56,6442.14,2827.5,-1301.43
32%,8 pts,ATM,-30%,+100%,+30%,6,2,4,33.33%,0.54,-2205.84,2226.19,1305.6,-1204.26
36%,8 pts,ATM,-30%,+100%,+30%,6,2,4,33.33%,0.54,-2205.84,2226.19,1305.6,-1204.26
28%,6 pts,ATM,-30%,+100%,+25%,4,2,2,50.0%,0.5,-2278.42,1222.71,1151.97,-2291.18
32%,6 pts,ITM_50,-30%,+60%,+30%,6,2,4,33.33%,0.67,-2305.2,3271.9,2303.34,-1727.97
36%,6 pts,ITM_50,-30%,+60%,+30%,6,2,4,33.33%,0.67,-2305.2,3271.9,2303.34,-1727.97
32%,10 pts,ITM_50,-20%,+80%,+25%,6,2,4,33.33%,0.54,-2339.42,2246.11,1357.12,-1263.41
32%,10 pts,ITM_50,-20%,+100%,+25%,6,2,4,33.33%,0.54,-2339.42,2246.11,1357.12,-1263.41
36%,10 pts,ITM_50,-20%,+80%,+25%,6,2,4,33.33%,0.54,-2339.42,2246.11,1357.12,-1263.41
36%,10 pts,ITM_50,-20%,+100%,+25%,6,2,4,33.33%,0.54,-2339.42,2246.11,1357.12,-1263.41
32%,10 pts,ITM_50,-25%,+40%,+30%,6,2,4,33.33%,0.63,-2363.53,3064.86,1976.16,-1578.96
36%,10 pts,ITM_50,-25%,+40%,+30%,6,2,4,33.33%,0.63,-2363.53,3064.86,1976.16,-1578.96
32%,6 pts,ITM_50,-25%,+100%,+30%,6,2,4,33.33%,0.62,-2412.6,3111.38,1962.72,-1584.51
36%,6 pts,ITM_50,-25%,+100%,+30%,6,2,4,33.33%,0.62,-2412.6,3111.38,1962.72,-1584.51
32%,6 pts,OTM_50,-15%,+100%,+25%,12,5,7,41.67%,0.64,-2431.5,2992.61,866.71,-966.44
36%,6 pts,OTM_50,-15%,+100%,+25%,12,5,7,41.67%,0.64,-2431.5,2992.61,866.71,-966.44
32%,6 pts,ATM,-25%,+80%,+30%,7,2,5,28.57%,0.6,-2477.03,1993.59,1826.93,-1226.18
36%,6 pts,ATM,-25%,+80%,+30%,7,2,5,28.57%,0.6,-2477.03,1993.59,1826.93,-1226.18
32%,8 pts,ITM_50,-25%,+100%,+25%,6,2,4,33.33%,0.61,-2479.69,3111.38,1941.34,-1590.59
32%,8 pts,ITM_50,-25%,+100%,+30%,6,2,4,33.33%,0.61,-2479.69,3111.38,1941.34,-1590.59
36%,8 pts,ITM_50,-25%,+100%,+25%,6,2,4,33.33%,0.61,-2479.69,3111.38,1941.34,-1590.59
36%,8 pts,ITM_50,-25%,+100%,+30%,6,2,4,33.33%,0.61,-2479.69,3111.38,1941.34,-1590.59
28%,6 pts,ATM,-30%,+80%,+30%,4,1,3,25.0%,0.56,-2483.77,1222.71,3183.55,-1889.11
32%,6 pts,OTM_50,-15%,+80%,+25%,12,5,7,41.67%,0.63,-2493.07,2992.61,854.4,-966.44
36%,6 pts,OTM_50,-15%,+80%,+25%,12,5,7,41.67%,0.63,-2493.07,2992.61,854.4,-966.44
32%,6 pts,ATM,-20%,+60%,+30%,7,2,5,28.57%,0.53,-2497.62,1788.44,1389.38,-1055.28
36%,6 pts,ATM,-20%,+60%,+30%,7,2,5,28.57%,0.53,-2497.62,1788.44,1389.38,-1055.28
32%,8 pts,ITM_50,-30%,+60%,+25%,6,2,4,33.33%,0.65,-2506.97,3271.9,2281.95,-1767.72
32%,8 pts,ITM_50,-30%,+60%,+30%,6,2,4,33.33%,0.65,-2506.97,3271.9,2281.95,-1767.72
36%,8 pts,ITM_50,-30%,+60%,+25%,6,2,4,33.33%,0.65,-2506.97,3271.9,2281.95,-1767.72
36%,8 pts,ITM_50,-30%,+60%,+30%,6,2,4,33.33%,0.65,-2506.97,3271.9,2281.95,-1767.72
32%,6 pts,ATM,-30%,+60%,+25%,7,4,3,57.14%,0.55,-2507.61,2226.19,769.56,-1861.95
36%,6 pts,ATM,-30%,+60%,+25%,7,4,3,57.14%,0.55,-2507.61,2226.19,769.56,-1861.95
28%,10 pts,OTM_50,-20%,+60%,+25%,7,2,5,28.57%,0.63,-2520.75,6419.62,2179.68,-1376.02
28%,10 pts,OTM_50,-20%,+60%,+30%,7,2,5,28.57%,0.63,-2520.75,6419.62,2179.68,-1376.02
28%,6 pts,ATM,-25%,+40%,+30%,4,1,3,25.0%,0.41,-2525.86,865.81,1740.66,-1422.17
28%,8 pts,OTM_50,-15%,+100%,+30%,8,2,6,25.0%,0.63,-2608.43,5103.89,2200.08,-1168.1
28%,8 pts,OTM_50,-20%,+80%,+30%,8,2,6,25.0%,0.66,-2619.95,6442.14,2594.31,-1301.43
32%,6 pts,ATM,-20%,+100%,+30%,7,2,5,28.57%,0.5,-2633.67,1788.44,1321.36,-1055.28
36%,6 pts,ATM,-20%,+100%,+30%,7,2,5,28.57%,0.5,-2633.67,1788.44,1321.36,-1055.28
32%,8 pts,ATM,-30%,+40%,+30%,6,2,4,33.33%,0.45,-2637.59,2226.19,1089.72,-1204.26
36%,8 pts,ATM,-30%,+40%,+30%,6,2,4,33.33%,0.45,-2637.59,2226.19,1089.72,-1204.26
32%,6 pts,ATM,-30%,+100%,+25%,7,4,3,57.14%,0.53,-2643.66,2226.19,735.54,-1861.95
36%,6 pts,ATM,-30%,+100%,+25%,7,4,3,57.14%,0.53,-2643.66,2226.19,735.54,-1861.95
32%,10 pts,OTM_50,-25%,+40%,+25%,11,5,6,45.45%,0.73,-2669.31,7567.98,1447.34,-1651.0
36%,10 pts,OTM_50,-25%,+40%,+25%,11,5,6,45.45%,0.73,-2669.31,7567.98,1447.34,-1651.0
32%,10 pts,ITM_50,-30%,+60%,+25%,6,2,4,33.33%,0.62,-2671.82,3225.37,2176.26,-1756.08
36%,10 pts,ITM_50,-30%,+60%,+25%,6,2,4,33.33%,0.62,-2671.82,3225.37,2176.26,-1756.08
32%,10 pts,OTM_50,-20%,+60%,+30%,11,3,8,27.27%,0.68,-2706.83,5910.19,1954.6,-1071.33
36%,10 pts,OTM_50,-20%,+60%,+30%,11,3,8,27.27%,0.68,-2706.83,5910.19,1954.6,-1071.33
28%,6 pts,ATM,-30%,+40%,+25%,4,2,2,50.0%,0.41,-2710.17,1222.71,936.1,-2291.18
32%,6 pts,OTM_50,-25%,+60%,+30%,12,4,8,33.33%,0.75,-2753.02,5787.89,2017.01,-1352.63
36%,6 pts,OTM_50,-25%,+60%,+30%,12,4,8,33.33%,0.75,-2753.02,5787.89,2017.01,-1352.63
32%,8 pts,OTM_50,-20%,+100%,+30%,12,4,8,33.33%,0.69,-2755.45,5093.69,1529.92,-1109.39
36%,8 pts,OTM_50,-20%,+100%,+30%,12,4,8,33.33%,0.69,-2755.45,5093.69,1529.92,-1109.39
32%,10 pts,ATM,-30%,+60%,+30%,6,2,4,33.33%,0.4,-2853.75,2190.17,963.63,-1195.25
32%,10 pts,ATM,-30%,+80%,+30%,6,2,4,33.33%,0.4,-2853.75,2190.17,963.63,-1195.25
32%,10 pts,ATM,-30%,+100%,+30%,6,2,4,33.33%,0.4,-2853.75,2190.17,963.63,-1195.25
36%,10 pts,ATM,-30%,+60%,+30%,6,2,4,33.33%,0.4,-2853.75,2190.17,963.63,-1195.25
36%,10 pts,ATM,-30%,+80%,+30%,6,2,4,33.33%,0.4,-2853.75,2190.17,963.63,-1195.25
36%,10 pts,ATM,-30%,+100%,+30%,6,2,4,33.33%,0.4,-2853.75,2190.17,963.63,-1195.25
32%,10 pts,ITM_50,-25%,+40%,+25%,6,2,4,33.33%,0.54,-2920.37,3064.86,1697.74,-1578.96
36%,10 pts,ITM_50,-25%,+40%,+25%,6,2,4,33.33%,0.54,-2920.37,3064.86,1697.74,-1578.96
32%,6 pts,ITM_50,-30%,+100%,+30%,6,2,4,33.33%,0.57,-2986.43,3271.9,1962.72,-1727.97
36%,6 pts,ITM_50,-30%,+100%,+30%,6,2,4,33.33%,0.57,-2986.43,3271.9,1962.72,-1727.97
32%,8 pts,OTM_50,-15%,+80%,+25%,12,5,7,41.67%,0.58,-3033.32,3590.59,850.2,-1040.61
36%,8 pts,OTM_50,-15%,+80%,+25%,12,5,7,41.67%,0.58,-3033.32,3590.59,850.2,-1040.61
32%,10 pts,ITM_50,-25%,+80%,+30%,6,2,4,33.33%,0.52,-3044.77,3064.86,1635.54,-1578.96
32%,10 pts,ITM_50,-25%,+100%,+30%,6,2,4,33.33%,0.52,-3044.77,3064.86,1635.54,-1578.96
36%,10 pts,ITM_50,-25%,+80%,+30%,6,2,4,33.33%,0.52,-3044.77,3064.86,1635.54,-1578.96
36%,10 pts,ITM_50,-25%,+100%,+30%,6,2,4,33.33%,0.52,-3044.77,3064.86,1635.54,-1578.96
32%,6 pts,ATM,-20%,+40%,+30%,7,2,5,28.57%,0.42,-3065.42,1788.44,1105.48,-1055.28
36%,6 pts,ATM,-20%,+40%,+30%,7,2,5,28.57%,0.42,-3065.42,1788.44,1105.48,-1055.28
32%,10 pts,ITM_50,-30%,+40%,+30%,6,2,4,33.33%,0.56,-3072.03,3225.37,1976.16,-1756.08
36%,10 pts,ITM_50,-30%,+40%,+30%,6,2,4,33.33%,0.56,-3072.03,3225.37,1976.16,-1756.08
32%,6 pts,ATM,-30%,+40%,+25%,7,4,3,57.14%,0.45,-3075.41,2226.19,627.61,-1861.95
36%,6 pts,ATM,-30%,+40%,+25%,7,4,3,57.14%,0.45,-3075.41,2226.19,627.61,-1861.95
32%,6 pts,OTM_50,-20%,+100%,+25%,12,5,7,41.67%,0.58,-3140.41,3846.69,866.71,-1067.71
36%,6 pts,OTM_50,-20%,+100%,+25%,12,5,7,41.67%,0.58,-3140.41,3846.69,866.71,-1067.71
32%,8 pts,ITM_50,-30%,+100%,+25%,6,2,4,33.33%,0.55,-3188.2,3271.9,1941.34,-1767.72
32%,8 pts,ITM_50,-30%,+100%,+30%,6,2,4,33.33%,0.55,-3188.2,3271.9,1941.34,-1767.72
36%,8 pts,ITM_50,-30%,+100%,+25%,6,2,4,33.33%,0.55,-3188.2,3271.9,1941.34,-1767.72
36%,8 pts,ITM_50,-30%,+100%,+30%,6,2,4,33.33%,0.55,-3188.2,3271.9,1941.34,-1767.72
32%,6 pts,OTM_50,-20%,+80%,+25%,12,5,7,41.67%,0.57,-3201.98,3846.69,854.4,-1067.71
36%,6 pts,OTM_50,-20%,+80%,+25%,12,5,7,41.67%,0.57,-3201.98,3846.69,854.4,-1067.71
28%,6 pts,OTM_50,-25%,+60%,+30%,8,2,6,25.0%,0.66,-3232.09,6496.08,3174.27,-1596.77
28%,10 pts,OTM_50,-20%,+80%,+25%,7,2,5,28.57%,0.52,-3309.18,6419.62,1785.47,-1376.02
28%,10 pts,OTM_50,-20%,+80%,+30%,7,2,5,28.57%,0.52,-3309.18,6419.62,1785.47,-1376.02
28%,10 pts,OTM_50,-20%,+100%,+25%,7,2,5,28.57%,0.52,-3309.18,6419.62,1785.47,-1376.02
28%,10 pts,OTM_50,-20%,+100%,+30%,7,2,5,28.57%,0.52,-3309.18,6419.62,1785.47,-1376.02
32%,6 pts,ATM,-25%,+60%,+30%,7,2,5,28.57%,0.45,-3352.12,1993.59,1389.38,-1226.18
36%,6 pts,ATM,-25%,+60%,+30%,7,2,5,28.57%,0.45,-3352.12,1993.59,1389.38,-1226.18
28%,6 pts,ATM,-30%,+60%,+30%,4,1,3,25.0%,0.41,-3358.86,1222.71,2308.46,-1889.11
28%,8 pts,OTM_50,-20%,+100%,+30%,8,2,6,25.0%,0.56,-3408.39,6442.14,2200.08,-1301.43
32%,6 pts,ITM_50,-25%,+40%,+30%,6,2,4,33.33%,0.46,-3413.21,3111.38,1462.42,-1584.51
36%,6 pts,ITM_50,-25%,+40%,+30%,6,2,4,33.33%,0.46,-3413.21,3111.38,1462.42,-1584.51
32%,6 pts,OTM_50,-15%,+60%,+25%,12,5,7,41.67%,0.49,-3421.53,2992.61,668.71,-966.44
36%,6 pts,OTM_50,-15%,+60%,+25%,12,5,7,41.67%,0.49,-3421.53,2992.61,668.71,-966.44
32%,6 pts,OTM_50,-25%,+40%,+30%,12,4,8,33.33%,0.68,-3425.55,5914.1,1848.88,-1352.63
36%,6 pts,OTM_50,-25%,+40%,+30%,12,4,8,33.33%,0.68,-3425.55,5914.1,1848.88,-1352.63
32%,8 pts,OTM_50,-25%,+60%,+30%,12,4,8,33.33%,0.7,-3441.85,7564.24,2053.57,-1457.02
36%,8 pts,OTM_50,-25%,+60%,+30%,12,4,8,33.33%,0.7,-3441.85,7564.24,2053.57,-1457.02
32%,8 pts,ITM_50,-25%,+40%,+25%,6,2,4,33.33%,0.45,-3480.3,3111.38,1441.03,-1590.59
32%,8 pts,ITM_50,-25%,+40%,+30%,6,2,4,33.33%,0.45,-3480.3,3111.38,1441.03,-1590.59
36%,8 pts,ITM_50,-25%,+40%,+25%,6,2,4,33.33%,0.45,-3480.3,3111.38,1441.03,-1590.59
36%,8 pts,ITM_50,-25%,+40%,+30%,6,2,4,33.33%,0.45,-3480.3,3111.38,1441.03,-1590.59
32%,6 pts,ATM,-25%,+100%,+30%,7,2,5,28.57%,0.43,-3488.17,1993.59,1321.36,-1226.18
36%,6 pts,ATM,-25%,+100%,+30%,7,2,5,28.57%,0.43,-3488.17,1993.59,1321.36,-1226.18
28%,6 pts,ATM,-30%,+100%,+30%,4,1,3,25.0%,0.38,-3494.91,1222.71,2172.41,-1889.11
32%,10 pts,OTM_50,-20%,+80%,+30%,11,3,8,27.27%,0.59,-3495.26,5910.19,1691.79,-1071.33
32%,10 pts,OTM_50,-20%,+100%,+30%,11,3,8,27.27%,0.59,-3495.26,5910.19,1691.79,-1071.33
36%,10 pts,OTM_50,-20%,+80%,+30%,11,3,8,27.27%,0.59,-3495.26,5910.19,1691.79,-1071.33
36%,10 pts,OTM_50,-20%,+100%,+30%,11,3,8,27.27%,0.59,-3495.26,5910.19,1691.79,-1071.33
32%,10 pts,ITM_50,-25%,+80%,+25%,6,2,4,33.33%,0.43,-3601.61,3064.86,1357.12,-1578.96
32%,10 pts,ITM_50,-25%,+100%,+25%,6,2,4,33.33%,0.43,-3601.61,3064.86,1357.12,-1578.96
36%,10 pts,ITM_50,-25%,+80%,+25%,6,2,4,33.33%,0.43,-3601.61,3064.86,1357.12,-1578.96
36%,10 pts,ITM_50,-25%,+100%,+25%,6,2,4,33.33%,0.43,-3601.61,3064.86,1357.12,-1578.96
32%,10 pts,ITM_50,-30%,+40%,+25%,6,2,4,33.33%,0.48,-3628.87,3225.37,1697.74,-1756.08
36%,10 pts,ITM_50,-30%,+40%,+25%,6,2,4,33.33%,0.48,-3628.87,3225.37,1697.74,-1756.08
32%,10 pts,ITM_50,-30%,+80%,+30%,6,2,4,33.33%,0.47,-3753.27,3225.37,1635.54,-1756.08
32%,10 pts,ITM_50,-30%,+100%,+30%,6,2,4,33.33%,0.47,-3753.27,3225.37,1635.54,-1756.08
36%,10 pts,ITM_50,-30%,+80%,+30%,6,2,4,33.33%,0.47,-3753.27,3225.37,1635.54,-1756.08
36%,10 pts,ITM_50,-30%,+100%,+30%,6,2,4,33.33%,0.47,-3753.27,3225.37,1635.54,-1756.08
32%,8 pts,OTM_50,-15%,+60%,+25%,12,5,7,41.67%,0.48,-3794.51,3989.31,697.96,-1040.61
36%,8 pts,OTM_50,-15%,+60%,+25%,12,5,7,41.67%,0.48,-3794.51,3989.31,697.96,-1040.61
32%,10 pts,OTM_50,-25%,+60%,+25%,11,5,6,45.45%,0.62,-3798.7,7567.98,1221.47,-1651.0
36%,10 pts,OTM_50,-25%,+60%,+25%,11,5,6,45.45%,0.62,-3798.7,7567.98,1221.47,-1651.0
32%,8 pts,OTM_50,-15%,+100%,+25%,12,5,7,41.67%,0.48,-3821.76,4016.56,692.51,-1040.61
36%,8 pts,OTM_50,-15%,+100%,+25%,12,5,7,41.67%,0.48,-3821.76,4016.56,692.51,-1040.61
32%,6 pts,OTM_50,-25%,+100%,+30%,12,4,8,33.33%,0.65,-3830.37,5787.89,1747.67,-1352.63
36%,6 pts,OTM_50,-25%,+100%,+30%,12,4,8,33.33%,0.65,-3830.37,5787.89,1747.67,-1352.63
32%,10 pts,OTM_50,-30%,+40%,+25%,11,5,6,45.45%,0.65,-3832.21,8730.88,1447.34,-1844.82
36%,10 pts,OTM_50,-30%,+40%,+25%,11,5,6,45.45%,0.65,-3832.21,8730.88,1447.34,-1844.82
32%,6 pts,OTM_50,-15%,+40%,+25%,12,5,7,41.67%,0.43,-3839.39,2992.61,585.13,-966.44
36%,6 pts,OTM_50,-15%,+40%,+25%,12,5,7,41.67%,0.43,-3839.39,2992.61,585.13,-966.44
32%,6 pts,OTM_50,-25%,+80%,+30%,12,4,8,33.33%,0.64,-3891.94,5787.89,1732.28,-1352.63
36%,6 pts,OTM_50,-25%,+80%,+30%,12,4,8,33.33%,0.64,-3891.94,5787.89,1732.28,-1352.63
28%,6 pts,OTM_50,-25%,+40%,+30%,8,2,6,25.0%,0.59,-3904.62,6496.08,2838.0,-1596.77
32%,6 pts,ATM,-25%,+40%,+30%,7,2,5,28.57%,0.36,-3919.92,1993.59,1105.48,-1226.18
36%,6 pts,ATM,-25%,+40%,+30%,7,2,5,28.57%,0.36,-3919.92,1993.59,1105.48,-1226.18
28%,8 pts,OTM_50,-25%,+60%,+30%,8,2,6,25.0%,0.62,-3920.92,8780.92,3247.4,-1735.95
28%,6 pts,ATM,-30%,+40%,+30%,4,1,3,25.0%,0.31,-3926.66,1222.71,1740.66,-1889.11
32%,8 pts,OTM_50,-20%,+80%,+25%,12,5,7,41.67%,0.52,-3928.62,5093.69,850.2,-1168.51
36%,8 pts,OTM_50,-20%,+80%,+25%,12,5,7,41.67%,0.52,-3928.62,5093.69,850.2,-1168.51
32%,6 pts,ITM_50,-30%,+40%,+30%,6,2,4,33.33%,0.42,-3987.04,3271.9,1462.42,-1727.97
36%,6 pts,ITM_50,-30%,+40%,+30%,6,2,4,33.33%,0.42,-3987.04,3271.9,1462.42,-1727.97
28%,10 pts,OTM_50,-25%,+40%,+25%,7,2,5,28.57%,0.58,-3998.53,8758.41,2744.38,-1897.46
28%,10 pts,OTM_50,-25%,+40%,+30%,7,2,5,28.57%,0.58,-3998.53,8758.41,2744.38,-1897.46
28%,6 pts,OTM_50,-15%,+100%,+25%,8,2,6,25.0%,0.38,-4014.08,3527.45,1237.64,-1081.56
32%,6 pts,OTM_50,-30%,+60%,+30%,12,4,8,33.33%,0.66,-4068.07,6081.86,2017.01,-1517.01
36%,6 pts,OTM_50,-30%,+60%,+30%,12,4,8,33.33%,0.66,-4068.07,6081.86,2017.01,-1517.01
28%,6 pts,OTM_50,-15%,+80%,+25%,8,2,6,25.0%,0.37,-4075.65,3527.45,1206.86,-1081.56
32%,6 pts,OTM_50,-20%,+60%,+25%,12,5,7,41.67%,0.45,-4130.44,3846.69,668.71,-1067.71
36%,6 pts,OTM_50,-20%,+60%,+25%,12,5,7,41.67%,0.45,-4130.44,3846.69,668.71,-1067.71
32%,8 pts,ITM_50,-30%,+40%,+25%,6,2,4,33.33%,0.41,-4188.81,3271.9,1441.03,-1767.72
32%,8 pts,ITM_50,-30%,+40%,+30%,6,2,4,33.33%,0.41,-4188.81,3271.9,1441.03,-1767.72
36%,8 pts,ITM_50,-30%,+40%,+25%,6,2,4,33.33%,0.41,-4188.81,3271.9,1441.03,-1767.72
36%,8 pts,ITM_50,-30%,+40%,+30%,6,2,4,33.33%,0.41,-4188.81,3271.9,1441.03,-1767.72
32%,8 pts,OTM_50,-25%,+40%,+30%,12,4,8,33.33%,0.63,-4281.65,8149.37,1843.62,-1457.02
36%,8 pts,OTM_50,-25%,+40%,+30%,12,4,8,33.33%,0.63,-4281.65,8149.37,1843.62,-1457.02
28%,6 pts,OTM_50,-25%,+100%,+30%,8,2,6,25.0%,0.55,-4309.44,6496.08,2635.6,-1596.77
32%,10 pts,ITM_50,-30%,+80%,+25%,6,2,4,33.33%,0.39,-4310.11,3225.37,1357.12,-1756.08
32%,10 pts,ITM_50,-30%,+100%,+25%,6,2,4,33.33%,0.39,-4310.11,3225.37,1357.12,-1756.08
36%,10 pts,ITM_50,-30%,+80%,+25%,6,2,4,33.33%,0.39,-4310.11,3225.37,1357.12,-1756.08
36%,10 pts,ITM_50,-30%,+100%,+25%,6,2,4,33.33%,0.39,-4310.11,3225.37,1357.12,-1756.08
28%,6 pts,OTM_50,-25%,+80%,+30%,8,2,6,25.0%,0.54,-4371.01,6496.08,2604.81,-1596.77
32%,8 pts,OTM_50,-15%,+40%,+25%,12,5,7,41.67%,0.4,-4379.64,4574.44,580.93,-1040.61
36%,8 pts,OTM_50,-15%,+40%,+25%,12,5,7,41.67%,0.4,-4379.64,4574.44,580.93,-1040.61
28%,6 pts,OTM_50,-30%,+60%,+30%,8,2,6,25.0%,0.59,-4402.54,6869.32,3174.27,-1791.85
32%,6 pts,ATM,-30%,+80%,+30%,7,2,5,28.57%,0.45,-4459.07,2527.08,1826.93,-1622.58
36%,6 pts,ATM,-30%,+80%,+30%,7,2,5,28.57%,0.45,-4459.07,2527.08,1826.93,-1622.58
32%,10 pts,OTM_50,-25%,+40%,+30%,11,3,8,27.27%,0.61,-4529.69,8492.66,2331.06,-1440.36
36%,10 pts,OTM_50,-25%,+40%,+30%,11,3,8,27.27%,0.61,-4529.69,8492.66,2331.06,-1440.36
32%,6 pts,OTM_50,-20%,+40%,+25%,12,5,7,41.67%,0.39,-4548.3,3846.69,585.13,-1067.71
36%,6 pts,OTM_50,-20%,+40%,+25%,12,5,7,41.67%,0.39,-4548.3,3846.69,585.13,-1067.71
32%,8 pts,OTM_50,-30%,+60%,+30%,12,4,8,33.33%,0.64,-4587.07,8599.61,2053.57,-1600.17
36%,8 pts,OTM_50,-30%,+60%,+30%,12,4,8,33.33%,0.64,-4587.07,8599.61,2053.57,-1600.17
32%,10 pts,OTM_50,-25%,+80%,+25%,11,5,6,45.45%,0.54,-4587.13,7567.98,1063.78,-1651.0
32%,10 pts,OTM_50,-25%,+100%,+25%,11,5,6,45.45%,0.54,-4587.13,7567.98,1063.78,-1651.0
36%,10 pts,OTM_50,-25%,+80%,+25%,11,5,6,45.45%,0.54,-4587.13,7567.98,1063.78,-1651.0
36%,10 pts,OTM_50,-25%,+100%,+25%,11,5,6,45.45%,0.54,-4587.13,7567.98,1063.78,-1651.0
28%,8 pts,OTM_50,-15%,+80%,+25%,8,2,6,25.0%,0.34,-4615.9,5034.38,1196.35,-1168.1
28%,6 pts,OTM_50,-20%,+100%,+25%,8,2,6,25.0%,0.35,-4627.65,4467.1,1237.64,-1183.82
28%,6 pts,OTM_50,-20%,+80%,+25%,8,2,6,25.0%,0.34,-4689.22,4467.1,1206.86,-1183.82
32%,8 pts,OTM_50,-20%,+60%,+25%,12,5,7,41.67%,0.43,-4689.81,5093.69,697.96,-1168.51
36%,8 pts,OTM_50,-20%,+60%,+25%,12,5,7,41.67%,0.43,-4689.81,5093.69,697.96,-1168.51
32%,8 pts,OTM_50,-20%,+100%,+25%,12,5,7,41.67%,0.42,-4717.06,5093.69,692.51,-1168.51
36%,8 pts,OTM_50,-20%,+100%,+25%,12,5,7,41.67%,0.42,-4717.06,5093.69,692.51,-1168.51
32%,6 pts,OTM_50,-30%,+40%,+30%,12,4,8,33.33%,0.61,-4740.6,6431.94,1848.88,-1517.01
36%,6 pts,OTM_50,-30%,+40%,+30%,12,4,8,33.33%,0.61,-4740.6,6431.94,1848.88,-1517.01
32%,8 pts,OTM_50,-25%,+80%,+30%,12,4,8,33.33%,0.59,-4748.04,7504.94,1727.02,-1457.02
36%,8 pts,OTM_50,-25%,+80%,+30%,12,4,8,33.33%,0.59,-4748.04,7504.94,1727.02,-1457.02
28%,8 pts,OTM_50,-25%,+40%,+30%,8,2,6,25.0%,0.54,-4760.72,8780.92,2827.5,-1735.95
28%,8 pts,OTM_50,-30%,+60%,+30%,8,2,6,25.0%,0.57,-4921.54,9781.54,3247.4,-1902.72
32%,10 pts,OTM_50,-30%,+60%,+25%,11,5,6,45.45%,0.55,-4961.6,8730.88,1221.47,-1844.82
36%,10 pts,OTM_50,-30%,+60%,+25%,11,5,6,45.45%,0.55,-4961.6,8730.88,1221.47,-1844.82
28%,6 pts,OTM_50,-15%,+60%,+25%,8,2,6,25.0%,0.23,-5004.11,3718.52,742.62,-1081.56
28%,6 pts,OTM_50,-30%,+40%,+30%,8,2,6,25.0%,0.53,-5075.07,6869.32,2838.0,-1791.85
28%,10 pts,OTM_50,-30%,+40%,+25%,7,2,5,28.57%,0.52,-5079.71,9839.59,2744.38,-2113.69
28%,10 pts,OTM_50,-30%,+40%,+30%,7,2,5,28.57%,0.52,-5079.71,9839.59,2744.38,-2113.69
28%,10 pts,OTM_50,-25%,+60%,+25%,7,2,5,28.57%,0.46,-5127.92,8758.41,2179.68,-1897.46
28%,10 pts,OTM_50,-25%,+60%,+30%,7,2,5,28.57%,0.46,-5127.92,8758.41,2179.68,-1897.46
32%,6 pts,OTM_50,-30%,+100%,+30%,12,4,8,33.33%,0.58,-5145.42,6081.86,1747.67,-1517.01
36%,6 pts,OTM_50,-30%,+100%,+30%,12,4,8,33.33%,0.58,-5145.42,6081.86,1747.67,-1517.01
32%,6 pts,OTM_50,-30%,+80%,+30%,12,4,8,33.33%,0.57,-5206.99,6081.86,1732.28,-1517.01
36%,6 pts,OTM_50,-30%,+80%,+30%,12,4,8,33.33%,0.57,-5206.99,6081.86,1732.28,-1517.01
28%,8 pts,OTM_50,-25%,+80%,+30%,8,2,6,25.0%,0.5,-5227.11,8780.92,2594.31,-1735.95
32%,8 pts,OTM_50,-20%,+40%,+25%,12,5,7,41.67%,0.36,-5274.94,5469.74,580.93,-1168.51
36%,8 pts,OTM_50,-20%,+40%,+25%,12,5,7,41.67%,0.36,-5274.94,5469.74,580.93,-1168.51
32%,6 pts,ATM,-30%,+60%,+30%,7,2,5,28.57%,0.34,-5334.16,2527.08,1389.38,-1622.58
36%,6 pts,ATM,-30%,+60%,+30%,7,2,5,28.57%,0.34,-5334.16,2527.08,1389.38,-1622.58
28%,8 pts,OTM_50,-15%,+60%,+25%,8,2,6,25.0%,0.23,-5377.09,5076.64,815.76,-1168.1
28%,8 pts,OTM_50,-15%,+100%,+25%,8,2,6,25.0%,0.23,-5404.34,5103.89,802.13,-1168.1
28%,8 pts,OTM_50,-20%,+80%,+25%,8,2,6,25.0%,0.31,-5415.86,6442.14,1196.35,-1301.43
28%,6 pts,OTM_50,-15%,+40%,+25%,8,2,6,25.0%,0.16,-5421.97,4136.38,533.7,-1081.56
32%,8 pts,OTM_50,-30%,+40%,+30%,12,4,8,33.33%,0.58,-5426.87,9184.74,1843.62,-1600.17
36%,8 pts,OTM_50,-30%,+40%,+30%,12,4,8,33.33%,0.58,-5426.87,9184.74,1843.62,-1600.17
32%,6 pts,ATM,-30%,+100%,+30%,7,2,5,28.57%,0.33,-5470.21,2580.86,1321.36,-1622.58
36%,6 pts,ATM,-30%,+100%,+30%,7,2,5,28.57%,0.33,-5470.21,2580.86,1321.36,-1622.58
28%,6 pts,OTM_50,-30%,+100%,+30%,8,2,6,25.0%,0.49,-5479.89,6869.32,2635.6,-1791.85
32%,8 pts,OTM_50,-25%,+100%,+30%,12,4,8,33.33%,0.53,-5536.48,7591.49,1529.92,-1457.02
36%,8 pts,OTM_50,-25%,+100%,+30%,12,4,8,33.33%,0.53,-5536.48,7591.49,1529.92,-1457.02
28%,6 pts,OTM_50,-30%,+80%,+30%,8,2,6,25.0%,0.48,-5541.46,6869.32,2604.81,-1791.85
28%,6 pts,OTM_50,-20%,+60%,+25%,8,2,6,25.0%,0.21,-5617.68,4467.1,742.62,-1183.82
32%,10 pts,OTM_50,-25%,+60%,+30%,11,3,8,27.27%,0.51,-5659.08,8492.66,1954.6,-1440.36
36%,10 pts,OTM_50,-25%,+60%,+30%,11,3,8,27.27%,0.51,-5659.08,8492.66,1954.6,-1440.36
32%,6 pts,OTM_50,-25%,+100%,+25%,12,5,7,41.67%,0.43,-5690.58,5787.89,866.71,-1432.02
36%,6 pts,OTM_50,-25%,+100%,+25%,12,5,7,41.67%,0.43,-5690.58,5787.89,866.71,-1432.02
32%,10 pts,OTM_50,-30%,+80%,+25%,11,5,6,45.45%,0.48,-5750.03,8730.88,1063.78,-1844.82
32%,10 pts,OTM_50,-30%,+100%,+25%,11,5,6,45.45%,0.48,-5750.03,8730.88,1063.78,-1844.82
36%,10 pts,OTM_50,-30%,+80%,+25%,11,5,6,45.45%,0.48,-5750.03,8730.88,1063.78,-1844.82
36%,10 pts,OTM_50,-30%,+100%,+25%,11,5,6,45.45%,0.48,-5750.03,8730.88,1063.78,-1844.82
32%,6 pts,OTM_50,-25%,+80%,+25%,12,5,7,41.67%,0.43,-5752.15,5787.89,854.4,-1432.02
36%,6 pts,OTM_50,-25%,+80%,+25%,12,5,7,41.67%,0.43,-5752.15,5787.89,854.4,-1432.02
28%,8 pts,OTM_50,-30%,+40%,+30%,8,2,6,25.0%,0.5,-5761.34,9781.54,2827.5,-1902.72
32%,8 pts,OTM_50,-30%,+80%,+30%,12,4,8,33.33%,0.54,-5893.26,8540.31,1727.02,-1600.17
36%,8 pts,OTM_50,-30%,+80%,+30%,12,4,8,33.33%,0.54,-5893.26,8540.31,1727.02,-1600.17
32%,6 pts,ATM,-30%,+40%,+30%,7,2,5,28.57%,0.27,-5901.96,3012.61,1105.48,-1622.58
36%,6 pts,ATM,-30%,+40%,+30%,7,2,5,28.57%,0.27,-5901.96,3012.61,1105.48,-1622.58
28%,10 pts,OTM_50,-25%,+80%,+25%,7,2,5,28.57%,0.38,-5916.35,8758.41,1785.47,-1897.46
28%,10 pts,OTM_50,-25%,+80%,+30%,7,2,5,28.57%,0.38,-5916.35,8758.41,1785.47,-1897.46
28%,10 pts,OTM_50,-25%,+100%,+25%,7,2,5,28.57%,0.38,-5916.35,8758.41,1785.47,-1897.46
28%,10 pts,OTM_50,-25%,+100%,+30%,7,2,5,28.57%,0.38,-5916.35,8758.41,1785.47,-1897.46
28%,8 pts,OTM_50,-15%,+40%,+25%,8,2,6,25.0%,0.15,-5962.22,5661.77,523.19,-1168.1
32%,10 pts,OTM_50,-30%,+40%,+30%,11,3,8,27.27%,0.54,-5997.72,9850.84,2331.06,-1623.86
36%,10 pts,OTM_50,-30%,+40%,+30%,11,3,8,27.27%,0.54,-5997.72,9850.84,2331.06,-1623.86
28%,8 pts,OTM_50,-25%,+100%,+30%,8,2,6,25.0%,0.42,-6015.55,8780.92,2200.08,-1735.95
28%,6 pts,OTM_50,-20%,+40%,+25%,8,2,6,25.0%,0.15,-6035.54,4467.1,533.7,-1183.82
28%,8 pts,OTM_50,-20%,+60%,+25%,8,2,6,25.0%,0.21,-6177.05,6442.14,815.76,-1301.43
28%,8 pts,OTM_50,-20%,+100%,+25%,8,2,6,25.0%,0.21,-6204.3,6442.14,802.13,-1301.43
28%,10 pts,OTM_50,-30%,+60%,+25%,7,2,5,28.57%,0.41,-6209.1,9839.59,2179.68,-2113.69
28%,10 pts,OTM_50,-30%,+60%,+30%,7,2,5,28.57%,0.41,-6209.1,9839.59,2179.68,-2113.69
28%,8 pts,OTM_50,-30%,+80%,+30%,8,2,6,25.0%,0.45,-6227.73,9781.54,2594.31,-1902.72
32%,10 pts,OTM_50,-25%,+80%,+30%,11,3,8,27.27%,0.44,-6447.51,8492.66,1691.79,-1440.36
32%,10 pts,OTM_50,-25%,+100%,+30%,11,3,8,27.27%,0.44,-6447.51,8492.66,1691.79,-1440.36
36%,10 pts,OTM_50,-25%,+80%,+30%,11,3,8,27.27%,0.44,-6447.51,8492.66,1691.79,-1440.36
36%,10 pts,OTM_50,-25%,+100%,+30%,11,3,8,27.27%,0.44,-6447.51,8492.66,1691.79,-1440.36
32%,8 pts,OTM_50,-25%,+80%,+25%,12,5,7,41.67%,0.39,-6608.25,7504.94,850.2,-1551.32
36%,8 pts,OTM_50,-25%,+80%,+25%,12,5,7,41.67%,0.39,-6608.25,7504.94,850.2,-1551.32
32%,6 pts,OTM_50,-25%,+60%,+25%,12,5,7,41.67%,0.33,-6680.61,5787.89,668.71,-1432.02
36%,6 pts,OTM_50,-25%,+60%,+25%,12,5,7,41.67%,0.33,-6680.61,5787.89,668.71,-1432.02
32%,8 pts,OTM_50,-30%,+100%,+30%,12,4,8,33.33%,0.48,-6681.7,8626.86,1529.92,-1600.17
36%,8 pts,OTM_50,-30%,+100%,+30%,12,4,8,33.33%,0.48,-6681.7,8626.86,1529.92,-1600.17
28%,8 pts,OTM_50,-20%,+40%,+25%,8,2,6,25.0%,0.13,-6762.18,6442.14,523.19,-1301.43
32%,6 pts,OTM_50,-30%,+100%,+25%,12,5,7,41.67%,0.39,-6895.78,6081.86,866.71,-1604.19
36%,6 pts,OTM_50,-30%,+100%,+25%,12,5,7,41.67%,0.39,-6895.78,6081.86,866.71,-1604.19
32%,6 pts,OTM_50,-30%,+80%,+25%,12,5,7,41.67%,0.38,-6957.35,6081.86,854.4,-1604.19
36%,6 pts,OTM_50,-30%,+80%,+25%,12,5,7,41.67%,0.38,-6957.35,6081.86,854.4,-1604.19
28%,10 pts,OTM_50,-30%,+80%,+25%,7,2,5,28.57%,0.34,-6997.53,9839.59,1785.47,-2113.69
28%,10 pts,OTM_50,-30%,+80%,+30%,7,2,5,28.57%,0.34,-6997.53,9839.59,1785.47,-2113.69
28%,10 pts,OTM_50,-30%,+100%,+25%,7,2,5,28.57%,0.34,-6997.53,9839.59,1785.47,-2113.69
28%,10 pts,OTM_50,-30%,+100%,+30%,7,2,5,28.57%,0.34,-6997.53,9839.59,1785.47,-2113.69
28%,8 pts,OTM_50,-30%,+100%,+30%,8,2,6,25.0%,0.39,-7016.17,9781.54,2200.08,-1902.72
32%,6 pts,OTM_50,-25%,+40%,+25%,12,5,7,41.67%,0.29,-7098.47,5787.89,585.13,-1432.02
36%,6 pts,OTM_50,-25%,+40%,+25%,12,5,7,41.67%,0.29,-7098.47,5787.89,585.13,-1432.02
28%,6 pts,OTM_50,-25%,+100%,+25%,8,2,6,25.0%,0.26,-7105.35,6496.08,1237.64,-1596.77
32%,10 pts,OTM_50,-30%,+60%,+30%,11,3,8,27.27%,0.45,-7127.11,9850.84,1954.6,-1623.86
36%,10 pts,OTM_50,-30%,+60%,+30%,11,3,8,27.27%,0.45,-7127.11,9850.84,1954.6,-1623.86
28%,6 pts,OTM_50,-25%,+80%,+25%,8,2,6,25.0%,0.25,-7166.92,6496.08,1206.86,-1596.77
32%,8 pts,OTM_50,-25%,+60%,+25%,12,5,7,41.67%,0.32,-7369.44,7564.24,697.96,-1551.32
36%,8 pts,OTM_50,-25%,+60%,+25%,12,5,7,41.67%,0.32,-7369.44,7564.24,697.96,-1551.32
32%,8 pts,OTM_50,-25%,+100%,+25%,12,5,7,41.67%,0.32,-7396.69,7591.49,692.51,-1551.32
36%,8 pts,OTM_50,-25%,+100%,+25%,12,5,7,41.67%,0.32,-7396.69,7591.49,692.51,-1551.32
32%,8 pts,OTM_50,-30%,+80%,+25%,12,5,7,41.67%,0.36,-7643.62,8540.31,850.2,-1699.23
36%,8 pts,OTM_50,-30%,+80%,+25%,12,5,7,41.67%,0.36,-7643.62,8540.31,850.2,-1699.23
32%,6 pts,OTM_50,-30%,+60%,+25%,12,5,7,41.67%,0.3,-7885.81,6081.86,668.71,-1604.19
36%,6 pts,OTM_50,-30%,+60%,+25%,12,5,7,41.67%,0.3,-7885.81,6081.86,668.71,-1604.19
32%,10 pts,OTM_50,-30%,+80%,+30%,11,3,8,27.27%,0.39,-7915.54,9850.84,1691.79,-1623.86
32%,10 pts,OTM_50,-30%,+100%,+30%,11,3,8,27.27%,0.39,-7915.54,9850.84,1691.79,-1623.86
36%,10 pts,OTM_50,-30%,+80%,+30%,11,3,8,27.27%,0.39,-7915.54,9850.84,1691.79,-1623.86
36%,10 pts,OTM_50,-30%,+100%,+30%,11,3,8,27.27%,0.39,-7915.54,9850.84,1691.79,-1623.86
32%,8 pts,OTM_50,-25%,+40%,+25%,12,5,7,41.67%,0.27,-7954.57,8149.37,580.93,-1551.32
36%,8 pts,OTM_50,-25%,+40%,+25%,12,5,7,41.67%,0.27,-7954.57,8149.37,580.93,-1551.32
28%,8 pts,OTM_50,-25%,+80%,+25%,8,2,6,25.0%,0.23,-8023.02,8780.92,1196.35,-1735.95
28%,6 pts,OTM_50,-25%,+60%,+25%,8,2,6,25.0%,0.16,-8095.38,6496.08,742.62,-1596.77
28%,6 pts,OTM_50,-30%,+100%,+25%,8,2,6,25.0%,0.23,-8275.8,6869.32,1237.64,-1791.85
32%,6 pts,OTM_50,-30%,+40%,+25%,12,5,7,41.67%,0.26,-8303.67,6081.86,585.13,-1604.19
36%,6 pts,OTM_50,-30%,+40%,+25%,12,5,7,41.67%,0.26,-8303.67,6081.86,585.13,-1604.19
28%,6 pts,OTM_50,-30%,+80%,+25%,8,2,6,25.0%,0.22,-8337.37,6869.32,1206.86,-1791.85
32%,8 pts,OTM_50,-30%,+60%,+25%,12,5,7,41.67%,0.29,-8404.81,8599.61,697.96,-1699.23
36%,8 pts,OTM_50,-30%,+60%,+25%,12,5,7,41.67%,0.29,-8404.81,8599.61,697.96,-1699.23
32%,8 pts,OTM_50,-30%,+100%,+25%,12,5,7,41.67%,0.29,-8432.06,8626.86,692.51,-1699.23
36%,8 pts,OTM_50,-30%,+100%,+25%,12,5,7,41.67%,0.29,-8432.06,8626.86,692.51,-1699.23
28%,6 pts,OTM_50,-25%,+40%,+25%,8,2,6,25.0%,0.11,-8513.24,6496.08,533.7,-1596.77
28%,8 pts,OTM_50,-25%,+60%,+25%,8,2,6,25.0%,0.16,-8784.21,8780.92,815.76,-1735.95
28%,8 pts,OTM_50,-25%,+100%,+25%,8,2,6,25.0%,0.15,-8811.46,8780.92,802.13,-1735.95
32%,8 pts,OTM_50,-30%,+40%,+25%,12,5,7,41.67%,0.24,-8989.94,9184.74,580.93,-1699.23
36%,8 pts,OTM_50,-30%,+40%,+25%,12,5,7,41.67%,0.24,-8989.94,9184.74,580.93,-1699.23
28%,8 pts,OTM_50,-30%,+80%,+25%,8,2,6,25.0%,0.21,-9023.64,9781.54,1196.35,-1902.72
28%,6 pts,OTM_50,-30%,+60%,+25%,8,2,6,25.0%,0.14,-9265.83,6869.32,742.62,-1791.85
28%,8 pts,OTM_50,-25%,+40%,+25%,8,2,6,25.0%,0.1,-9369.34,8780.92,523.19,-1735.95
28%,6 pts,OTM_50,-30%,+40%,+25%,8,2,6,25.0%,0.1,-9683.69,6869.32,533.7,-1791.85
28%,8 pts,OTM_50,-30%,+60%,+25%,8,2,6,25.0%,0.14,-9784.83,9781.54,815.76,-1902.72
28%,8 pts,OTM_50,-30%,+100%,+25%,8,2,6,25.0%,0.14,-9812.08,9781.54,802.13,-1902.72
28%,8 pts,OTM_50,-30%,+40%,+25%,8,2,6,25.0%,0.09,-10369.96,9781.54,523.19,-1902.72
