Window,Compression,Target Premium,SL,Target,Time Stop,Trades,Wins,Losses,Win Rate (%),Profit Factor,Net PnL (INR),Max DD (INR),Avg Win,Avg Loss
morning,20m,~INR 45,-25%,+80%,45m,11,5,6,45.45%,3.73,6212.17,1029.85,1697.46,-379.19
both,20m,~INR 45,-25%,+80%,45m,11,5,6,45.45%,3.73,6212.17,1029.85,1697.46,-379.19
afternoon,30m,~INR 32,-45%,+80%,45m,9,4,5,44.44%,2.54,5989.89,1617.58,2466.93,-775.57
afternoon,30m,~INR 45,-45%,+80%,45m,9,4,5,44.44%,2.54,5989.89,1617.58,2466.93,-775.57
morning,20m,~INR 45,-25%,+80%,30m,11,5,6,45.45%,3.38,5974.45,1335.08,1697.46,-418.81
both,20m,~INR 45,-25%,+80%,30m,11,5,6,45.45%,3.38,5974.45,1335.08,1697.46,-418.81
morning,20m,~INR 45,-35%,+80%,45m,11,5,6,45.45%,3.37,5968.29,1006.83,1697.46,-419.84
both,20m,~INR 45,-35%,+80%,45m,11,5,6,45.45%,3.37,5968.29,1006.83,1697.46,-419.84
morning,20m,~INR 45,-35%,+80%,30m,11,5,6,45.45%,3.09,5736.27,1306.36,1697.46,-458.51
both,20m,~INR 45,-35%,+80%,30m,11,5,6,45.45%,3.09,5736.27,1306.36,1697.46,-458.51
morning,20m,~INR 45,-45%,+80%,45m,11,5,6,45.45%,2.95,5614.23,1357.54,1697.46,-478.84
both,20m,~INR 45,-45%,+80%,45m,11,5,6,45.45%,2.95,5614.23,1357.54,1697.46,-478.84
afternoon,20m,~INR 32,-45%,+80%,45m,9,4,5,44.44%,2.2,5411.8,1617.58,2480.25,-901.84
afternoon,20m,~INR 45,-45%,+80%,45m,9,4,5,44.44%,2.2,5411.8,1617.58,2480.25,-901.84
morning,20m,~INR 45,-45%,+80%,30m,11,5,6,45.45%,2.73,5382.21,1357.54,1697.46,-517.52
both,20m,~INR 45,-45%,+80%,30m,11,5,6,45.45%,2.73,5382.21,1357.54,1697.46,-517.52
morning,20m,~INR 45,-25%,+120%,45m,11,5,6,45.45%,3.15,4898.65,1029.85,1434.76,-379.19
morning,20m,~INR 45,-25%,+180%,45m,11,5,6,45.45%,3.15,4898.65,1029.85,1434.76,-379.19
morning,20m,~INR 45,-25%,+250%,45m,11,5,6,45.45%,3.15,4898.65,1029.85,1434.76,-379.19
both,20m,~INR 45,-25%,+120%,45m,11,5,6,45.45%,3.15,4898.65,1029.85,1434.76,-379.19
both,20m,~INR 45,-25%,+180%,45m,11,5,6,45.45%,3.15,4898.65,1029.85,1434.76,-379.19
both,20m,~INR 45,-25%,+250%,45m,11,5,6,45.45%,3.15,4898.65,1029.85,1434.76,-379.19
morning,20m,~INR 45,-25%,+120%,30m,11,5,6,45.45%,2.85,4660.93,1335.08,1434.76,-418.81
morning,20m,~INR 45,-25%,+180%,30m,11,5,6,45.45%,2.85,4660.93,1335.08,1434.76,-418.81
morning,20m,~INR 45,-25%,+250%,30m,11,5,6,45.45%,2.85,4660.93,1335.08,1434.76,-418.81
both,20m,~INR 45,-25%,+120%,30m,11,5,6,45.45%,2.85,4660.93,1335.08,1434.76,-418.81
both,20m,~INR 45,-25%,+180%,30m,11,5,6,45.45%,2.85,4660.93,1335.08,1434.76,-418.81
both,20m,~INR 45,-25%,+250%,30m,11,5,6,45.45%,2.85,4660.93,1335.08,1434.76,-418.81
morning,20m,~INR 45,-35%,+120%,45m,11,5,6,45.45%,2.85,4654.77,1006.83,1434.76,-419.84
morning,20m,~INR 45,-35%,+180%,45m,11,5,6,45.45%,2.85,4654.77,1006.83,1434.76,-419.84
morning,20m,~INR 45,-35%,+250%,45m,11,5,6,45.45%,2.85,4654.77,1006.83,1434.76,-419.84
both,20m,~INR 45,-35%,+120%,45m,11,5,6,45.45%,2.85,4654.77,1006.83,1434.76,-419.84
both,20m,~INR 45,-35%,+180%,45m,11,5,6,45.45%,2.85,4654.77,1006.83,1434.76,-419.84
both,20m,~INR 45,-35%,+250%,45m,11,5,6,45.45%,2.85,4654.77,1006.83,1434.76,-419.84
morning,20m,~INR 45,-35%,+120%,30m,11,5,6,45.45%,2.61,4422.75,1306.36,1434.76,-458.51
morning,20m,~INR 45,-35%,+180%,30m,11,5,6,45.45%,2.61,4422.75,1306.36,1434.76,-458.51
morning,20m,~INR 45,-35%,+250%,30m,11,5,6,45.45%,2.61,4422.75,1306.36,1434.76,-458.51
both,20m,~INR 45,-35%,+120%,30m,11,5,6,45.45%,2.61,4422.75,1306.36,1434.76,-458.51
both,20m,~INR 45,-35%,+180%,30m,11,5,6,45.45%,2.61,4422.75,1306.36,1434.76,-458.51
both,20m,~INR 45,-35%,+250%,30m,11,5,6,45.45%,2.61,4422.75,1306.36,1434.76,-458.51
morning,20m,~INR 45,-45%,+120%,45m,11,5,6,45.45%,2.5,4300.71,1357.54,1434.76,-478.84
morning,20m,~INR 45,-45%,+180%,45m,11,5,6,45.45%,2.5,4300.71,1357.54,1434.76,-478.84
morning,20m,~INR 45,-45%,+250%,45m,11,5,6,45.45%,2.5,4300.71,1357.54,1434.76,-478.84
both,20m,~INR 45,-45%,+120%,45m,11,5,6,45.45%,2.5,4300.71,1357.54,1434.76,-478.84
both,20m,~INR 45,-45%,+180%,45m,11,5,6,45.45%,2.5,4300.71,1357.54,1434.76,-478.84
both,20m,~INR 45,-45%,+250%,45m,11,5,6,45.45%,2.5,4300.71,1357.54,1434.76,-478.84
afternoon,30m,~INR 32,-45%,+120%,45m,9,4,5,44.44%,2.1,4269.75,1617.58,2036.9,-775.57
afternoon,30m,~INR 45,-45%,+120%,45m,9,4,5,44.44%,2.1,4269.75,1617.58,2036.9,-775.57
morning,20m,~INR 45,-45%,+120%,30m,11,5,6,45.45%,2.31,4068.69,1357.54,1434.76,-517.52
morning,20m,~INR 45,-45%,+180%,30m,11,5,6,45.45%,2.31,4068.69,1357.54,1434.76,-517.52
morning,20m,~INR 45,-45%,+250%,30m,11,5,6,45.45%,2.31,4068.69,1357.54,1434.76,-517.52
both,20m,~INR 45,-45%,+120%,30m,11,5,6,45.45%,2.31,4068.69,1357.54,1434.76,-517.52
both,20m,~INR 45,-45%,+180%,30m,11,5,6,45.45%,2.31,4068.69,1357.54,1434.76,-517.52
both,20m,~INR 45,-45%,+250%,30m,11,5,6,45.45%,2.31,4068.69,1357.54,1434.76,-517.52
afternoon,30m,~INR 32,-45%,+180%,45m,9,4,5,44.44%,1.97,3751.87,1617.58,1907.43,-775.57
afternoon,30m,~INR 32,-45%,+250%,45m,9,4,5,44.44%,1.97,3751.87,1617.58,1907.43,-775.57
afternoon,30m,~INR 45,-45%,+180%,45m,9,4,5,44.44%,1.97,3751.87,1617.58,1907.43,-775.57
afternoon,30m,~INR 45,-45%,+250%,45m,9,4,5,44.44%,1.97,3751.87,1617.58,1907.43,-775.57
afternoon,20m,~INR 32,-45%,+120%,45m,9,4,5,44.44%,1.82,3691.66,1617.58,2050.22,-901.84
afternoon,20m,~INR 45,-45%,+120%,45m,9,4,5,44.44%,1.82,3691.66,1617.58,2050.22,-901.84
morning,45m,~INR 45,-35%,+80%,30m,7,2,5,28.57%,4.62,3465.64,540.02,2211.19,-191.35
morning,45m,~INR 45,-45%,+80%,30m,7,2,5,28.57%,4.62,3465.64,540.02,2211.19,-191.35
both,45m,~INR 45,-45%,+80%,45m,10,3,7,30.0%,2.17,3452.69,1120.96,2134.64,-421.6
afternoon,20m,~INR 32,-45%,+180%,45m,9,4,5,44.44%,1.7,3173.78,1617.58,1920.75,-901.84
afternoon,20m,~INR 32,-45%,+250%,45m,9,4,5,44.44%,1.7,3173.78,1617.58,1920.75,-901.84
afternoon,20m,~INR 45,-45%,+180%,45m,9,4,5,44.44%,1.7,3173.78,1617.58,1920.75,-901.84
afternoon,20m,~INR 45,-45%,+250%,45m,9,4,5,44.44%,1.7,3173.78,1617.58,1920.75,-901.84
morning,45m,~INR 45,-35%,+80%,45m,7,2,5,28.57%,3.38,3114.09,581.68,2211.19,-261.66
morning,45m,~INR 45,-45%,+80%,45m,7,2,5,28.57%,3.38,3114.09,581.68,2211.19,-261.66
afternoon,20m,~INR 32,-35%,+80%,45m,9,3,6,33.33%,1.55,2818.74,2260.31,2646.49,-853.46
afternoon,20m,~INR 45,-35%,+80%,45m,9,3,6,33.33%,1.55,2818.74,2260.31,2646.49,-853.46
morning,45m,~INR 45,-25%,+80%,30m,7,2,5,28.57%,2.52,2669.92,1093.1,2211.19,-350.49
both,45m,~INR 45,-45%,+80%,30m,10,2,8,20.0%,2.28,2479.33,864.75,2211.19,-242.88
morning,45m,~INR 45,-25%,+80%,45m,7,2,5,28.57%,2.18,2394.55,1273.13,2211.19,-405.57
morning,20m,~INR 32,-25%,+80%,45m,11,5,6,45.45%,1.99,2263.83,1044.98,910.82,-381.71
both,20m,~INR 32,-25%,+80%,45m,11,5,6,45.45%,1.99,2263.83,1044.98,910.82,-381.71
morning,20m,~INR 32,-25%,+80%,30m,11,5,6,45.45%,1.89,2140.76,1235.56,910.82,-402.22
both,20m,~INR 32,-25%,+80%,30m,11,5,6,45.45%,1.89,2140.76,1235.56,910.82,-402.22
morning,30m,~INR 45,-25%,+80%,45m,10,4,6,40.0%,1.79,2122.53,1507.1,1202.78,-448.1
morning,45m,~INR 45,-35%,+120%,30m,7,2,5,28.57%,3.19,2094.9,540.02,1525.82,-191.35
morning,45m,~INR 45,-35%,+180%,30m,7,2,5,28.57%,3.19,2094.9,540.02,1525.82,-191.35
morning,45m,~INR 45,-35%,+250%,30m,7,2,5,28.57%,3.19,2094.9,540.02,1525.82,-191.35
morning,45m,~INR 45,-45%,+120%,30m,7,2,5,28.57%,3.19,2094.9,540.02,1525.82,-191.35
morning,45m,~INR 45,-45%,+180%,30m,7,2,5,28.57%,3.19,2094.9,540.02,1525.82,-191.35
morning,45m,~INR 45,-45%,+250%,30m,7,2,5,28.57%,3.19,2094.9,540.02,1525.82,-191.35
morning,20m,~INR 32,-35%,+80%,45m,11,5,6,45.45%,1.8,2019.95,1021.96,910.82,-422.36
both,20m,~INR 32,-35%,+80%,45m,11,5,6,45.45%,1.8,2019.95,1021.96,910.82,-422.36
afternoon,45m,~INR 32,-45%,+80%,45m,7,3,4,42.86%,1.55,2007.06,2693.14,1877.73,-906.54
afternoon,45m,~INR 45,-45%,+80%,45m,7,3,4,42.86%,1.55,2007.06,2693.14,1877.73,-906.54
morning,20m,~INR 22,-25%,+120%,45m,11,5,6,45.45%,2.23,2003.06,663.02,725.46,-270.71
both,20m,~INR 22,-25%,+120%,45m,11,5,6,45.45%,2.23,2003.06,663.02,725.46,-270.71
morning,20m,~INR 22,-25%,+80%,45m,11,5,6,45.45%,2.22,1982.16,663.02,721.28,-270.71
both,20m,~INR 22,-25%,+80%,45m,11,5,6,45.45%,2.22,1982.16,663.02,721.28,-270.71
morning,20m,~INR 22,-25%,+120%,30m,11,5,6,45.45%,2.2,1978.5,853.6,725.46,-274.8
both,20m,~INR 22,-25%,+120%,30m,11,5,6,45.45%,2.2,1978.5,853.6,725.46,-274.8
morning,20m,~INR 22,-25%,+80%,30m,11,5,6,45.45%,2.19,1957.6,853.6,721.28,-274.8
both,20m,~INR 22,-25%,+80%,30m,11,5,6,45.45%,2.19,1957.6,853.6,721.28,-274.8
morning,45m,~INR 32,-35%,+80%,30m,7,2,5,28.57%,3.19,1947.88,457.96,1418.19,-177.7
morning,45m,~INR 32,-45%,+80%,30m,7,2,5,28.57%,3.19,1947.88,457.96,1418.19,-177.7
afternoon,45m,~INR 32,-45%,+120%,45m,7,3,4,42.86%,1.53,1912.87,2693.14,1846.34,-906.54
afternoon,45m,~INR 45,-45%,+120%,45m,7,3,4,42.86%,1.53,1912.87,2693.14,1846.34,-906.54
both,45m,~INR 32,-45%,+80%,45m,10,3,7,30.0%,1.66,1909.33,1111.02,1605.97,-415.51
morning,20m,~INR 32,-35%,+80%,30m,11,5,6,45.45%,1.72,1902.58,1206.84,910.82,-441.92
both,20m,~INR 32,-35%,+80%,30m,11,5,6,45.45%,1.72,1902.58,1206.84,910.82,-441.92
both,45m,~INR 45,-35%,+80%,30m,10,2,8,20.0%,1.73,1865.42,1135.19,2211.19,-319.62
afternoon,20m,~INR 32,-35%,+120%,45m,9,3,6,33.33%,1.36,1841.36,2297.79,2320.7,-853.46
afternoon,20m,~INR 45,-35%,+120%,45m,9,3,6,33.33%,1.36,1841.36,2297.79,2320.7,-853.46
morning,30m,~INR 45,-25%,+120%,45m,10,4,6,40.0%,1.68,1820.15,1507.1,1127.18,-448.1
morning,30m,~INR 45,-25%,+180%,45m,10,4,6,40.0%,1.68,1820.15,1507.1,1127.18,-448.1
morning,30m,~INR 45,-25%,+250%,45m,10,4,6,40.0%,1.68,1820.15,1507.1,1127.18,-448.1
morning,30m,~INR 45,-35%,+80%,45m,10,4,6,40.0%,1.6,1806.9,1555.83,1202.78,-500.7
morning,45m,~INR 32,-35%,+120%,30m,7,2,5,28.57%,3.01,1788.36,457.96,1338.43,-177.7
morning,45m,~INR 32,-35%,+180%,30m,7,2,5,28.57%,3.01,1788.36,457.96,1338.43,-177.7
morning,45m,~INR 32,-35%,+250%,30m,7,2,5,28.57%,3.01,1788.36,457.96,1338.43,-177.7
morning,45m,~INR 32,-45%,+120%,30m,7,2,5,28.57%,3.01,1788.36,457.96,1338.43,-177.7
morning,45m,~INR 32,-45%,+180%,30m,7,2,5,28.57%,3.01,1788.36,457.96,1338.43,-177.7
morning,45m,~INR 32,-45%,+250%,30m,7,2,5,28.57%,3.01,1788.36,457.96,1338.43,-177.7
morning,45m,~INR 45,-35%,+120%,45m,7,2,5,28.57%,2.33,1743.35,581.68,1525.82,-261.66
morning,45m,~INR 45,-35%,+180%,45m,7,2,5,28.57%,2.33,1743.35,581.68,1525.82,-261.66
morning,45m,~INR 45,-35%,+250%,45m,7,2,5,28.57%,2.33,1743.35,581.68,1525.82,-261.66
morning,45m,~INR 45,-45%,+120%,45m,7,2,5,28.57%,2.33,1743.35,581.68,1525.82,-261.66
morning,45m,~INR 45,-45%,+180%,45m,7,2,5,28.57%,2.33,1743.35,581.68,1525.82,-261.66
morning,45m,~INR 45,-45%,+250%,45m,7,2,5,28.57%,2.33,1743.35,581.68,1525.82,-261.66
morning,20m,~INR 22,-35%,+120%,45m,11,5,6,45.45%,1.89,1709.32,770.05,725.46,-319.66
both,20m,~INR 22,-35%,+120%,45m,11,5,6,45.45%,1.89,1709.32,770.05,725.46,-319.66
morning,20m,~INR 22,-35%,+120%,30m,11,5,6,45.45%,1.89,1705.49,939.9,725.46,-320.3
both,20m,~INR 22,-35%,+120%,30m,11,5,6,45.45%,1.89,1705.49,939.9,725.46,-320.3
morning,20m,~INR 22,-35%,+80%,45m,11,5,6,45.45%,1.88,1688.42,770.05,721.28,-319.66
both,20m,~INR 22,-35%,+80%,45m,11,5,6,45.45%,1.88,1688.42,770.05,721.28,-319.66
morning,20m,~INR 22,-35%,+80%,30m,11,5,6,45.45%,1.88,1684.59,939.9,721.28,-320.3
both,20m,~INR 22,-35%,+80%,30m,11,5,6,45.45%,1.88,1684.59,939.9,721.28,-320.3
morning,20m,~INR 32,-45%,+80%,45m,11,5,6,45.45%,1.58,1665.89,1357.54,910.82,-481.37
both,20m,~INR 32,-45%,+80%,45m,11,5,6,45.45%,1.58,1665.89,1357.54,910.82,-481.37
morning,20m,~INR 22,-45%,+120%,45m,11,5,6,45.45%,1.84,1651.33,770.05,725.46,-329.33
both,20m,~INR 22,-45%,+120%,45m,11,5,6,45.45%,1.84,1651.33,770.05,725.46,-329.33
morning,20m,~INR 22,-45%,+120%,30m,11,5,6,45.45%,1.83,1647.5,939.9,725.46,-329.97
both,20m,~INR 22,-45%,+120%,30m,11,5,6,45.45%,1.83,1647.5,939.9,725.46,-329.97
morning,20m,~INR 22,-45%,+80%,45m,11,5,6,45.45%,1.83,1630.43,770.05,721.28,-329.33
both,20m,~INR 22,-45%,+80%,45m,11,5,6,45.45%,1.83,1630.43,770.05,721.28,-329.33
morning,20m,~INR 22,-45%,+80%,30m,11,5,6,45.45%,1.82,1626.6,939.9,721.28,-329.97
both,20m,~INR 22,-45%,+80%,30m,11,5,6,45.45%,1.82,1626.6,939.9,721.28,-329.97
morning,30m,~INR 45,-25%,+80%,30m,10,4,6,40.0%,1.51,1624.94,1812.33,1202.78,-531.03
morning,45m,~INR 32,-35%,+80%,45m,7,2,5,28.57%,2.24,1570.73,548.97,1418.19,-253.13
morning,45m,~INR 32,-45%,+80%,45m,7,2,5,28.57%,2.24,1570.73,548.97,1418.19,-253.13
morning,20m,~INR 32,-25%,+120%,45m,11,5,6,45.45%,1.69,1568.83,1044.98,771.82,-381.71
morning,20m,~INR 32,-25%,+180%,45m,11,5,6,45.45%,1.69,1568.83,1044.98,771.82,-381.71
morning,20m,~INR 32,-25%,+250%,45m,11,5,6,45.45%,1.69,1568.83,1044.98,771.82,-381.71
both,20m,~INR 32,-25%,+120%,45m,11,5,6,45.45%,1.69,1568.83,1044.98,771.82,-381.71
both,20m,~INR 32,-25%,+180%,45m,11,5,6,45.45%,1.69,1568.83,1044.98,771.82,-381.71
both,20m,~INR 32,-25%,+250%,45m,11,5,6,45.45%,1.69,1568.83,1044.98,771.82,-381.71
morning,20m,~INR 32,-45%,+80%,30m,11,5,6,45.45%,1.52,1548.52,1357.54,910.82,-500.93
both,20m,~INR 32,-45%,+80%,30m,11,5,6,45.45%,1.52,1548.52,1357.54,910.82,-500.93
both,30m,~INR 45,-25%,+80%,30m,11,4,7,36.36%,1.47,1536.09,1812.33,1202.78,-467.86
morning,20m,~INR 22,-25%,+180%,45m,11,5,6,45.45%,1.93,1504.73,663.02,625.79,-270.71
morning,20m,~INR 22,-25%,+250%,45m,11,5,6,45.45%,1.93,1504.73,663.02,625.79,-270.71
both,20m,~INR 22,-25%,+180%,45m,11,5,6,45.45%,1.93,1504.73,663.02,625.79,-270.71
both,20m,~INR 22,-25%,+250%,45m,11,5,6,45.45%,1.93,1504.73,663.02,625.79,-270.71
morning,30m,~INR 45,-35%,+120%,45m,10,4,6,40.0%,1.5,1504.52,1555.83,1127.18,-500.7
morning,30m,~INR 45,-35%,+180%,45m,10,4,6,40.0%,1.5,1504.52,1555.83,1127.18,-500.7
morning,30m,~INR 45,-35%,+250%,45m,10,4,6,40.0%,1.5,1504.52,1555.83,1127.18,-500.7
morning,45m,~INR 32,-25%,+80%,30m,7,2,5,28.57%,2.12,1498.9,760.17,1418.19,-267.5
morning,20m,~INR 22,-25%,+180%,30m,11,5,6,45.45%,1.9,1480.17,853.6,625.79,-274.8
morning,20m,~INR 22,-25%,+250%,30m,11,5,6,45.45%,1.9,1480.17,853.6,625.79,-274.8
both,20m,~INR 22,-25%,+180%,30m,11,5,6,45.45%,1.9,1480.17,853.6,625.79,-274.8
both,20m,~INR 22,-25%,+250%,30m,11,5,6,45.45%,1.9,1480.17,853.6,625.79,-274.8
morning,20m,~INR 32,-25%,+120%,30m,11,5,6,45.45%,1.6,1445.76,1235.56,771.82,-402.22
morning,20m,~INR 32,-25%,+180%,30m,11,5,6,45.45%,1.6,1445.76,1235.56,771.82,-402.22
morning,20m,~INR 32,-25%,+250%,30m,11,5,6,45.45%,1.6,1445.76,1235.56,771.82,-402.22
both,20m,~INR 32,-25%,+120%,30m,11,5,6,45.45%,1.6,1445.76,1235.56,771.82,-402.22
both,20m,~INR 32,-25%,+180%,30m,11,5,6,45.45%,1.6,1445.76,1235.56,771.82,-402.22
both,20m,~INR 32,-25%,+250%,30m,11,5,6,45.45%,1.6,1445.76,1235.56,771.82,-402.22
morning,45m,~INR 32,-35%,+120%,45m,7,2,5,28.57%,2.12,1411.21,548.97,1338.43,-253.13
morning,45m,~INR 32,-35%,+180%,45m,7,2,5,28.57%,2.12,1411.21,548.97,1338.43,-253.13
morning,45m,~INR 32,-35%,+250%,45m,7,2,5,28.57%,2.12,1411.21,548.97,1338.43,-253.13
morning,45m,~INR 32,-45%,+120%,45m,7,2,5,28.57%,2.12,1411.21,548.97,1338.43,-253.13
morning,45m,~INR 32,-45%,+180%,45m,7,2,5,28.57%,2.12,1411.21,548.97,1338.43,-253.13
morning,45m,~INR 32,-45%,+250%,45m,7,2,5,28.57%,2.12,1411.21,548.97,1338.43,-253.13
afternoon,30m,~INR 32,-25%,+80%,45m,9,2,7,22.22%,1.31,1394.0,3283.11,2957.69,-645.91
afternoon,30m,~INR 45,-25%,+80%,45m,9,2,7,22.22%,1.31,1394.0,3283.11,2957.69,-645.91
both,45m,~INR 45,-25%,+80%,30m,10,2,8,20.0%,1.45,1372.4,1444.58,2211.19,-381.25
morning,45m,~INR 32,-25%,+120%,30m,7,2,5,28.57%,2.0,1339.38,760.17,1338.43,-267.5
morning,45m,~INR 32,-25%,+180%,30m,7,2,5,28.57%,2.0,1339.38,760.17,1338.43,-267.5
morning,45m,~INR 32,-25%,+250%,30m,7,2,5,28.57%,2.0,1339.38,760.17,1338.43,-267.5
both,45m,~INR 45,-45%,+120%,45m,10,3,7,30.0%,1.45,1339.19,1120.96,1430.14,-421.6
both,45m,~INR 45,-45%,+180%,45m,10,3,7,30.0%,1.45,1339.19,1120.96,1430.14,-421.6
both,45m,~INR 45,-45%,+250%,45m,10,3,7,30.0%,1.45,1339.19,1120.96,1430.14,-421.6
morning,20m,~INR 32,-35%,+120%,45m,11,5,6,45.45%,1.52,1324.95,1021.96,771.82,-422.36
morning,20m,~INR 32,-35%,+180%,45m,11,5,6,45.45%,1.52,1324.95,1021.96,771.82,-422.36
morning,20m,~INR 32,-35%,+250%,45m,11,5,6,45.45%,1.52,1324.95,1021.96,771.82,-422.36
both,20m,~INR 32,-35%,+120%,45m,11,5,6,45.45%,1.52,1324.95,1021.96,771.82,-422.36
both,20m,~INR 32,-35%,+180%,45m,11,5,6,45.45%,1.52,1324.95,1021.96,771.82,-422.36
both,20m,~INR 32,-35%,+250%,45m,11,5,6,45.45%,1.52,1324.95,1021.96,771.82,-422.36
afternoon,20m,~INR 32,-35%,+180%,45m,9,3,6,33.33%,1.26,1323.48,2297.79,2148.07,-853.46
afternoon,20m,~INR 32,-35%,+250%,45m,9,3,6,33.33%,1.26,1323.48,2297.79,2148.07,-853.46
afternoon,20m,~INR 45,-35%,+180%,45m,9,3,6,33.33%,1.26,1323.48,2297.79,2148.07,-853.46
afternoon,20m,~INR 45,-35%,+250%,45m,9,3,6,33.33%,1.26,1323.48,2297.79,2148.07,-853.46
morning,30m,~INR 45,-25%,+120%,30m,10,4,6,40.0%,1.42,1322.56,1812.33,1127.18,-531.03
morning,30m,~INR 45,-25%,+180%,30m,10,4,6,40.0%,1.42,1322.56,1812.33,1127.18,-531.03
morning,30m,~INR 45,-25%,+250%,30m,10,4,6,40.0%,1.42,1322.56,1812.33,1127.18,-531.03
morning,30m,~INR 45,-35%,+80%,30m,10,4,6,40.0%,1.37,1309.31,1861.06,1202.78,-583.63
morning,45m,~INR 45,-25%,+120%,30m,7,2,5,28.57%,1.74,1299.18,1093.1,1525.82,-350.49
morning,45m,~INR 45,-25%,+180%,30m,7,2,5,28.57%,1.74,1299.18,1093.1,1525.82,-350.49
morning,45m,~INR 45,-25%,+250%,30m,7,2,5,28.57%,1.74,1299.18,1093.1,1525.82,-350.49
both,30m,~INR 45,-25%,+120%,30m,11,4,7,36.36%,1.38,1233.71,1812.33,1127.18,-467.86
both,30m,~INR 45,-25%,+180%,30m,11,4,7,36.36%,1.38,1233.71,1812.33,1127.18,-467.86
both,30m,~INR 45,-25%,+250%,30m,11,4,7,36.36%,1.38,1233.71,1812.33,1127.18,-467.86
both,30m,~INR 45,-35%,+80%,30m,11,4,7,36.36%,1.34,1220.46,1861.06,1202.78,-512.95
morning,20m,~INR 22,-35%,+180%,45m,11,5,6,45.45%,1.63,1210.99,770.05,625.79,-319.66
morning,20m,~INR 22,-35%,+250%,45m,11,5,6,45.45%,1.63,1210.99,770.05,625.79,-319.66
both,20m,~INR 22,-35%,+180%,45m,11,5,6,45.45%,1.63,1210.99,770.05,625.79,-319.66
both,20m,~INR 22,-35%,+250%,45m,11,5,6,45.45%,1.63,1210.99,770.05,625.79,-319.66
morning,20m,~INR 32,-35%,+120%,30m,11,5,6,45.45%,1.46,1207.58,1206.84,771.82,-441.92
morning,20m,~INR 32,-35%,+180%,30m,11,5,6,45.45%,1.46,1207.58,1206.84,771.82,-441.92
morning,20m,~INR 32,-35%,+250%,30m,11,5,6,45.45%,1.46,1207.58,1206.84,771.82,-441.92
both,20m,~INR 32,-35%,+120%,30m,11,5,6,45.45%,1.46,1207.58,1206.84,771.82,-441.92
both,20m,~INR 32,-35%,+180%,30m,11,5,6,45.45%,1.46,1207.58,1206.84,771.82,-441.92
both,20m,~INR 32,-35%,+250%,30m,11,5,6,45.45%,1.46,1207.58,1206.84,771.82,-441.92
morning,20m,~INR 22,-35%,+180%,30m,11,5,6,45.45%,1.63,1207.16,939.9,625.79,-320.3
morning,20m,~INR 22,-35%,+250%,30m,11,5,6,45.45%,1.63,1207.16,939.9,625.79,-320.3
both,20m,~INR 22,-35%,+180%,30m,11,5,6,45.45%,1.63,1207.16,939.9,625.79,-320.3
both,20m,~INR 22,-35%,+250%,30m,11,5,6,45.45%,1.63,1207.16,939.9,625.79,-320.3
morning,45m,~INR 32,-25%,+80%,45m,7,2,5,28.57%,1.74,1205.13,909.25,1418.19,-326.25
morning,20m,~INR 22,-45%,+180%,45m,11,5,6,45.45%,1.58,1153.0,770.05,625.79,-329.33
morning,20m,~INR 22,-45%,+250%,45m,11,5,6,45.45%,1.58,1153.0,770.05,625.79,-329.33
both,20m,~INR 22,-45%,+180%,45m,11,5,6,45.45%,1.58,1153.0,770.05,625.79,-329.33
both,20m,~INR 22,-45%,+250%,45m,11,5,6,45.45%,1.58,1153.0,770.05,625.79,-329.33
morning,20m,~INR 22,-45%,+180%,30m,11,5,6,45.45%,1.58,1149.17,939.9,625.79,-329.97
morning,20m,~INR 22,-45%,+250%,30m,11,5,6,45.45%,1.58,1149.17,939.9,625.79,-329.97
both,20m,~INR 22,-45%,+180%,30m,11,5,6,45.45%,1.58,1149.17,939.9,625.79,-329.97
both,20m,~INR 22,-45%,+250%,30m,11,5,6,45.45%,1.58,1149.17,939.9,625.79,-329.97
afternoon,45m,~INR 32,-45%,+180%,45m,7,3,4,42.86%,1.32,1148.33,2693.14,1591.49,-906.54
afternoon,45m,~INR 32,-45%,+250%,45m,7,3,4,42.86%,1.32,1148.33,2693.14,1591.49,-906.54
afternoon,45m,~INR 45,-45%,+180%,45m,7,3,4,42.86%,1.32,1148.33,2693.14,1591.49,-906.54
afternoon,45m,~INR 45,-45%,+250%,45m,7,3,4,42.86%,1.32,1148.33,2693.14,1591.49,-906.54
both,30m,~INR 45,-25%,+80%,45m,11,4,7,36.36%,1.31,1138.68,1720.43,1202.78,-524.63
morning,30m,~INR 45,-45%,+80%,45m,10,4,6,40.0%,1.31,1133.14,1875.53,1202.78,-613.0
both,45m,~INR 45,-45%,+120%,30m,10,2,8,20.0%,1.57,1108.59,864.75,1525.82,-242.88
both,45m,~INR 45,-45%,+180%,30m,10,2,8,20.0%,1.57,1108.59,864.75,1525.82,-242.88
both,45m,~INR 45,-45%,+250%,30m,10,2,8,20.0%,1.57,1108.59,864.75,1525.82,-242.88
morning,45m,~INR 32,-25%,+120%,45m,7,2,5,28.57%,1.64,1045.61,909.25,1338.43,-326.25
morning,45m,~INR 32,-25%,+180%,45m,7,2,5,28.57%,1.64,1045.61,909.25,1338.43,-326.25
morning,45m,~INR 32,-25%,+250%,45m,7,2,5,28.57%,1.64,1045.61,909.25,1338.43,-326.25
afternoon,20m,~INR 32,-25%,+80%,45m,9,2,7,22.22%,1.21,1044.21,3632.9,2957.69,-695.88
afternoon,20m,~INR 45,-25%,+80%,45m,9,2,7,22.22%,1.21,1044.21,3632.9,2957.69,-695.88
morning,45m,~INR 45,-25%,+120%,45m,7,2,5,28.57%,1.5,1023.81,1273.13,1525.82,-405.57
morning,45m,~INR 45,-25%,+180%,45m,7,2,5,28.57%,1.5,1023.81,1273.13,1525.82,-405.57
morning,45m,~INR 45,-25%,+250%,45m,7,2,5,28.57%,1.5,1023.81,1273.13,1525.82,-405.57
both,45m,~INR 32,-45%,+120%,45m,10,3,7,30.0%,1.35,1007.05,1111.02,1305.21,-415.51
both,45m,~INR 32,-45%,+180%,45m,10,3,7,30.0%,1.35,1007.05,1111.02,1305.21,-415.51
both,45m,~INR 32,-45%,+250%,45m,10,3,7,30.0%,1.35,1007.05,1111.02,1305.21,-415.51
morning,30m,~INR 45,-35%,+120%,30m,10,4,6,40.0%,1.29,1006.93,1861.06,1127.18,-583.63
morning,30m,~INR 45,-35%,+180%,30m,10,4,6,40.0%,1.29,1006.93,1861.06,1127.18,-583.63
morning,30m,~INR 45,-35%,+250%,30m,10,4,6,40.0%,1.29,1006.93,1861.06,1127.18,-583.63
morning,20m,~INR 32,-45%,+120%,45m,11,5,6,45.45%,1.34,970.89,1357.54,771.82,-481.37
morning,20m,~INR 32,-45%,+180%,45m,11,5,6,45.45%,1.34,970.89,1357.54,771.82,-481.37
morning,20m,~INR 32,-45%,+250%,45m,11,5,6,45.45%,1.34,970.89,1357.54,771.82,-481.37
both,20m,~INR 32,-45%,+120%,45m,11,5,6,45.45%,1.34,970.89,1357.54,771.82,-481.37
both,20m,~INR 32,-45%,+180%,45m,11,5,6,45.45%,1.34,970.89,1357.54,771.82,-481.37
both,20m,~INR 32,-45%,+250%,45m,11,5,6,45.45%,1.34,970.89,1357.54,771.82,-481.37
both,45m,~INR 32,-45%,+80%,30m,10,2,8,20.0%,1.51,961.57,878.56,1418.19,-234.35
morning,45m,~INR 22,-35%,+120%,45m,7,2,5,28.57%,1.75,956.06,548.97,1118.49,-256.18
morning,45m,~INR 22,-45%,+120%,45m,7,2,5,28.57%,1.75,956.06,548.97,1118.49,-256.18
both,30m,~INR 45,-35%,+120%,30m,11,4,7,36.36%,1.26,918.08,1861.06,1127.18,-512.95
both,30m,~INR 45,-35%,+180%,30m,11,4,7,36.36%,1.26,918.08,1861.06,1127.18,-512.95
both,30m,~INR 45,-35%,+250%,30m,11,4,7,36.36%,1.26,918.08,1861.06,1127.18,-512.95
morning,30m,~INR 45,-45%,+80%,30m,10,4,6,40.0%,1.23,898.48,1917.83,1202.78,-652.1
morning,20m,~INR 32,-45%,+120%,30m,11,5,6,45.45%,1.28,853.52,1357.54,771.82,-500.93
morning,20m,~INR 32,-45%,+180%,30m,11,5,6,45.45%,1.28,853.52,1357.54,771.82,-500.93
morning,20m,~INR 32,-45%,+250%,30m,11,5,6,45.45%,1.28,853.52,1357.54,771.82,-500.93
both,20m,~INR 32,-45%,+120%,30m,11,5,6,45.45%,1.28,853.52,1357.54,771.82,-500.93
both,20m,~INR 32,-45%,+180%,30m,11,5,6,45.45%,1.28,853.52,1357.54,771.82,-500.93
both,20m,~INR 32,-45%,+250%,30m,11,5,6,45.45%,1.28,853.52,1357.54,771.82,-500.93
both,30m,~INR 45,-25%,+120%,45m,11,4,7,36.36%,1.23,836.3,1720.43,1127.18,-524.63
both,30m,~INR 45,-25%,+180%,45m,11,4,7,36.36%,1.23,836.3,1720.43,1127.18,-524.63
both,30m,~INR 45,-25%,+250%,45m,11,4,7,36.36%,1.23,836.3,1720.43,1127.18,-524.63
morning,30m,~INR 45,-45%,+120%,45m,10,4,6,40.0%,1.23,830.76,1875.53,1127.18,-613.0
morning,30m,~INR 45,-45%,+180%,45m,10,4,6,40.0%,1.23,830.76,1875.53,1127.18,-613.0
morning,30m,~INR 45,-45%,+250%,45m,10,4,6,40.0%,1.23,830.76,1875.53,1127.18,-613.0
both,30m,~INR 45,-45%,+80%,30m,11,4,7,36.36%,1.2,809.63,1917.83,1202.78,-571.64
both,45m,~INR 32,-45%,+120%,30m,10,2,8,20.0%,1.43,802.05,878.56,1338.43,-234.35
both,45m,~INR 32,-45%,+180%,30m,10,2,8,20.0%,1.43,802.05,878.56,1338.43,-234.35
both,45m,~INR 32,-45%,+250%,30m,10,2,8,20.0%,1.43,802.05,878.56,1338.43,-234.35
morning,30m,~INR 45,-45%,+120%,30m,10,4,6,40.0%,1.15,596.1,1917.83,1127.18,-652.1
morning,30m,~INR 45,-45%,+180%,30m,10,4,6,40.0%,1.15,596.1,1917.83,1127.18,-652.1
morning,30m,~INR 45,-45%,+250%,30m,10,4,6,40.0%,1.15,596.1,1917.83,1127.18,-652.1
both,30m,~INR 45,-35%,+80%,45m,11,4,7,36.36%,1.14,592.93,2217.45,1202.78,-602.6
morning,45m,~INR 22,-25%,+120%,45m,7,2,5,28.57%,1.36,590.46,909.25,1118.49,-329.3
both,30m,~INR 45,-45%,+120%,30m,11,4,7,36.36%,1.13,507.25,1917.83,1127.18,-571.64
both,30m,~INR 45,-45%,+180%,30m,11,4,7,36.36%,1.13,507.25,1917.83,1127.18,-571.64
both,30m,~INR 45,-45%,+250%,30m,11,4,7,36.36%,1.13,507.25,1917.83,1127.18,-571.64
both,45m,~INR 45,-35%,+120%,30m,10,2,8,20.0%,1.19,494.68,1135.19,1525.82,-319.62
both,45m,~INR 45,-35%,+180%,30m,10,2,8,20.0%,1.19,494.68,1135.19,1525.82,-319.62
both,45m,~INR 45,-35%,+250%,30m,10,2,8,20.0%,1.19,494.68,1135.19,1525.82,-319.62
afternoon,20m,~INR 22,-25%,+120%,45m,9,2,7,22.22%,1.14,427.32,1704.74,1768.84,-444.34
afternoon,30m,~INR 32,-25%,+120%,45m,9,2,7,22.22%,1.09,416.62,3283.11,2469.0,-645.91
afternoon,30m,~INR 45,-25%,+120%,45m,9,2,7,22.22%,1.09,416.62,3283.11,2469.0,-645.91
morning,45m,~INR 22,-35%,+80%,45m,7,2,5,28.57%,1.32,413.19,548.97,847.05,-256.18
morning,45m,~INR 22,-45%,+80%,45m,7,2,5,28.57%,1.32,413.19,548.97,847.05,-256.18
morning,45m,~INR 22,-35%,+180%,45m,7,2,5,28.57%,1.32,407.77,548.97,844.34,-256.18
morning,45m,~INR 22,-35%,+250%,45m,7,2,5,28.57%,1.32,407.77,548.97,844.34,-256.18
morning,45m,~INR 22,-45%,+180%,45m,7,2,5,28.57%,1.32,407.77,548.97,844.34,-256.18
morning,45m,~INR 22,-45%,+250%,45m,7,2,5,28.57%,1.32,407.77,548.97,844.34,-256.18
both,45m,~INR 45,-35%,+80%,45m,10,2,8,20.0%,1.1,388.75,2260.31,2211.19,-504.2
afternoon,30m,~INR 22,-25%,+120%,45m,9,2,7,22.22%,1.11,356.74,1775.32,1768.84,-454.42
both,45m,~INR 32,-35%,+80%,30m,10,2,8,20.0%,1.14,347.66,1135.19,1418.19,-311.09
both,30m,~INR 45,-35%,+120%,45m,11,4,7,36.36%,1.07,290.55,2217.45,1127.18,-602.6
both,30m,~INR 45,-35%,+180%,45m,11,4,7,36.36%,1.07,290.55,2217.45,1127.18,-602.6
both,30m,~INR 45,-35%,+250%,45m,11,4,7,36.36%,1.07,290.55,2217.45,1127.18,-602.6
both,45m,~INR 45,-25%,+80%,45m,10,2,8,20.0%,1.05,202.03,1841.04,2211.19,-527.55
both,45m,~INR 32,-25%,+80%,30m,10,2,8,20.0%,1.08,201.38,1111.65,1418.19,-329.38
both,45m,~INR 32,-35%,+120%,30m,10,2,8,20.0%,1.08,188.14,1135.19,1338.43,-311.09
both,45m,~INR 32,-35%,+180%,30m,10,2,8,20.0%,1.08,188.14,1135.19,1338.43,-311.09
both,45m,~INR 32,-35%,+250%,30m,10,2,8,20.0%,1.08,188.14,1135.19,1338.43,-311.09
morning,30m,~INR 32,-25%,+80%,45m,10,4,6,40.0%,1.08,160.7,1080.38,542.71,-335.02
morning,30m,~INR 32,-25%,+120%,45m,10,4,6,40.0%,1.08,160.7,1080.38,542.71,-335.02
morning,30m,~INR 32,-25%,+180%,45m,10,4,6,40.0%,1.08,160.7,1080.38,542.71,-335.02
morning,30m,~INR 32,-25%,+250%,45m,10,4,6,40.0%,1.08,160.7,1080.38,542.71,-335.02
afternoon,30m,~INR 32,-35%,+80%,45m,9,2,7,22.22%,1.03,149.14,4192.84,2957.69,-823.75
afternoon,30m,~INR 45,-35%,+80%,45m,9,2,7,22.22%,1.03,149.14,4192.84,2957.69,-823.75
afternoon,20m,~INR 22,-35%,+120%,45m,9,2,7,22.22%,1.03,101.83,2043.45,1768.84,-490.83
afternoon,20m,~INR 32,-25%,+120%,45m,9,2,7,22.22%,1.01,66.83,3632.9,2469.0,-695.88
afternoon,20m,~INR 45,-25%,+120%,45m,9,2,7,22.22%,1.01,66.83,3632.9,2469.0,-695.88
both,30m,~INR 45,-45%,+80%,45m,11,4,7,36.36%,1.01,57.58,2433.1,1202.78,-679.08
morning,45m,~INR 22,-25%,+80%,45m,7,2,5,28.57%,1.03,47.59,909.25,847.05,-329.3
morning,45m,~INR 22,-25%,+180%,45m,7,2,5,28.57%,1.03,42.17,909.25,844.34,-329.3
morning,45m,~INR 22,-25%,+250%,45m,7,2,5,28.57%,1.03,42.17,909.25,844.34,-329.3
both,45m,~INR 32,-25%,+120%,30m,10,2,8,20.0%,1.02,41.86,1111.65,1338.43,-329.38
both,45m,~INR 32,-25%,+180%,30m,10,2,8,20.0%,1.02,41.86,1111.65,1338.43,-329.38
both,45m,~INR 32,-25%,+250%,30m,10,2,8,20.0%,1.02,41.86,1111.65,1338.43,-329.38
afternoon,20m,~INR 22,-25%,+180%,45m,9,2,7,22.22%,1.01,35.47,1801.16,1572.91,-444.34
both,45m,~INR 45,-25%,+120%,30m,10,2,8,20.0%,1.0,1.66,1444.58,1525.82,-381.25
both,45m,~INR 45,-25%,+180%,30m,10,2,8,20.0%,1.0,1.66,1444.58,1525.82,-381.25
both,45m,~INR 45,-25%,+250%,30m,10,2,8,20.0%,1.0,1.66,1444.58,1525.82,-381.25
afternoon,30m,~INR 22,-25%,+180%,45m,9,2,7,22.22%,0.99,-35.11,1871.74,1572.91,-454.42
afternoon,30m,~INR 22,-35%,+120%,45m,9,2,7,22.22%,0.99,-45.96,2191.24,1768.84,-511.95
morning,30m,~INR 22,-25%,+80%,45m,10,4,6,40.0%,0.97,-55.93,797.38,415.15,-286.09
morning,30m,~INR 22,-25%,+120%,45m,10,4,6,40.0%,0.97,-55.93,797.38,415.15,-286.09
morning,30m,~INR 22,-25%,+180%,45m,10,4,6,40.0%,0.97,-55.93,797.38,415.15,-286.09
morning,30m,~INR 22,-25%,+250%,45m,10,4,6,40.0%,0.97,-55.93,797.38,415.15,-286.09
afternoon,20m,~INR 22,-25%,+250%,45m,9,2,7,22.22%,0.97,-80.5,1801.16,1514.92,-444.34
afternoon,30m,~INR 32,-25%,+180%,45m,9,2,7,22.22%,0.98,-101.26,3283.11,2210.06,-645.91
afternoon,30m,~INR 32,-25%,+250%,45m,9,2,7,22.22%,0.98,-101.26,3283.11,2210.06,-645.91
afternoon,30m,~INR 45,-25%,+180%,45m,9,2,7,22.22%,0.98,-101.26,3283.11,2210.06,-645.91
afternoon,30m,~INR 45,-25%,+250%,45m,9,2,7,22.22%,0.98,-101.26,3283.11,2210.06,-645.91
morning,30m,~INR 32,-25%,+80%,30m,10,4,6,40.0%,0.95,-102.34,1270.96,542.71,-378.86
morning,30m,~INR 32,-25%,+120%,30m,10,4,6,40.0%,0.95,-102.34,1270.96,542.71,-378.86
morning,30m,~INR 32,-25%,+180%,30m,10,4,6,40.0%,0.95,-102.34,1270.96,542.71,-378.86
morning,30m,~INR 32,-25%,+250%,30m,10,4,6,40.0%,0.95,-102.34,1270.96,542.71,-378.86
morning,45m,~INR 22,-35%,+80%,30m,7,1,6,14.29%,0.85,-133.06,457.96,762.19,-149.21
morning,45m,~INR 22,-35%,+120%,30m,7,1,6,14.29%,0.85,-133.06,457.96,762.19,-149.21
morning,45m,~INR 22,-35%,+180%,30m,7,1,6,14.29%,0.85,-133.06,457.96,762.19,-149.21
morning,45m,~INR 22,-35%,+250%,30m,7,1,6,14.29%,0.85,-133.06,457.96,762.19,-149.21
morning,45m,~INR 22,-45%,+80%,30m,7,1,6,14.29%,0.85,-133.06,457.96,762.19,-149.21
morning,45m,~INR 22,-45%,+120%,30m,7,1,6,14.29%,0.85,-133.06,457.96,762.19,-149.21
morning,45m,~INR 22,-45%,+180%,30m,7,1,6,14.29%,0.85,-133.06,457.96,762.19,-149.21
morning,45m,~INR 22,-45%,+250%,30m,7,1,6,14.29%,0.85,-133.06,457.96,762.19,-149.21
afternoon,30m,~INR 22,-25%,+250%,45m,9,2,7,22.22%,0.95,-151.08,1871.74,1514.92,-454.42
afternoon,45m,~INR 22,-25%,+120%,30m,7,1,6,14.29%,0.92,-190.28,1943.14,2329.41,-419.95
both,30m,~INR 32,-25%,+80%,30m,11,4,7,36.36%,0.92,-191.19,1359.81,542.71,-337.43
both,30m,~INR 32,-25%,+120%,30m,11,4,7,36.36%,0.92,-191.19,1359.81,542.71,-337.43
both,30m,~INR 32,-25%,+180%,30m,11,4,7,36.36%,0.92,-191.19,1359.81,542.71,-337.43
both,30m,~INR 32,-25%,+250%,30m,11,4,7,36.36%,0.92,-191.19,1359.81,542.71,-337.43
both,30m,~INR 45,-45%,+120%,45m,11,4,7,36.36%,0.95,-244.8,2433.1,1127.18,-679.08
both,30m,~INR 45,-45%,+180%,45m,11,4,7,36.36%,0.95,-244.8,2433.1,1127.18,-679.08
both,30m,~INR 45,-45%,+250%,45m,11,4,7,36.36%,0.95,-244.8,2433.1,1127.18,-679.08
morning,30m,~INR 22,-25%,+80%,30m,10,4,6,40.0%,0.87,-250.21,987.96,415.15,-318.47
morning,30m,~INR 22,-25%,+120%,30m,10,4,6,40.0%,0.87,-250.21,987.96,415.15,-318.47
morning,30m,~INR 22,-25%,+180%,30m,10,4,6,40.0%,0.87,-250.21,987.96,415.15,-318.47
morning,30m,~INR 22,-25%,+250%,30m,10,4,6,40.0%,0.87,-250.21,987.96,415.15,-318.47
afternoon,20m,~INR 22,-35%,+180%,45m,9,2,7,22.22%,0.92,-290.02,2435.3,1572.91,-490.83
both,30m,~INR 22,-25%,+80%,30m,11,4,7,36.36%,0.81,-377.33,1105.01,415.15,-291.13
both,30m,~INR 22,-25%,+120%,30m,11,4,7,36.36%,0.81,-377.33,1105.01,415.15,-291.13
both,30m,~INR 22,-25%,+180%,30m,11,4,7,36.36%,0.81,-377.33,1105.01,415.15,-291.13
both,30m,~INR 22,-25%,+250%,30m,11,4,7,36.36%,0.81,-377.33,1105.01,415.15,-291.13
morning,30m,~INR 32,-35%,+80%,45m,10,4,6,40.0%,0.85,-388.33,1629.41,542.71,-426.53
morning,30m,~INR 32,-35%,+120%,45m,10,4,6,40.0%,0.85,-388.33,1629.41,542.71,-426.53
morning,30m,~INR 32,-35%,+180%,45m,10,4,6,40.0%,0.85,-388.33,1629.41,542.71,-426.53
morning,30m,~INR 32,-35%,+250%,45m,10,4,6,40.0%,0.85,-388.33,1629.41,542.71,-426.53
afternoon,45m,~INR 22,-35%,+120%,30m,7,1,6,14.29%,0.85,-397.29,1977.57,2329.41,-454.45
afternoon,20m,~INR 22,-35%,+250%,45m,9,2,7,22.22%,0.88,-405.99,2435.3,1514.92,-490.83
both,45m,~INR 22,-35%,+120%,45m,10,2,8,20.0%,0.84,-413.77,1008.68,1118.49,-331.34
both,30m,~INR 22,-25%,+80%,45m,11,4,7,36.36%,0.8,-425.24,1156.62,415.15,-297.98
both,30m,~INR 22,-25%,+120%,45m,11,4,7,36.36%,0.8,-425.24,1156.62,415.15,-297.98
both,30m,~INR 22,-25%,+180%,45m,11,4,7,36.36%,0.8,-425.24,1156.62,415.15,-297.98
both,30m,~INR 22,-25%,+250%,45m,11,4,7,36.36%,0.8,-425.24,1156.62,415.15,-297.98
afternoon,45m,~INR 22,-25%,+120%,45m,7,1,6,14.29%,0.84,-432.47,2185.33,2329.41,-460.31
afternoon,30m,~INR 22,-35%,+180%,45m,9,2,7,22.22%,0.88,-437.81,2583.09,1572.91,-511.95
afternoon,20m,~INR 32,-25%,+180%,45m,9,2,7,22.22%,0.91,-451.05,3632.9,2210.06,-695.88
afternoon,20m,~INR 32,-25%,+250%,45m,9,2,7,22.22%,0.91,-451.05,3632.9,2210.06,-695.88
afternoon,20m,~INR 45,-25%,+180%,45m,9,2,7,22.22%,0.91,-451.05,3632.9,2210.06,-695.88
afternoon,20m,~INR 45,-25%,+250%,45m,9,2,7,22.22%,0.91,-451.05,3632.9,2210.06,-695.88
both,45m,~INR 22,-25%,+120%,45m,10,2,8,20.0%,0.82,-491.21,1260.73,1118.49,-341.02
morning,30m,~INR 22,-35%,+80%,45m,10,4,6,40.0%,0.76,-524.77,1256.15,415.15,-364.23
morning,30m,~INR 22,-35%,+120%,45m,10,4,6,40.0%,0.76,-524.77,1256.15,415.15,-364.23
morning,30m,~INR 22,-35%,+180%,45m,10,4,6,40.0%,0.76,-524.77,1256.15,415.15,-364.23
morning,30m,~INR 22,-35%,+250%,45m,10,4,6,40.0%,0.76,-524.77,1256.15,415.15,-364.23
afternoon,30m,~INR 22,-35%,+250%,45m,9,2,7,22.22%,0.85,-553.78,2583.09,1514.92,-511.95
morning,45m,~INR 22,-25%,+80%,30m,7,1,6,14.29%,0.57,-582.04,820.42,762.19,-224.04
morning,45m,~INR 22,-25%,+120%,30m,7,1,6,14.29%,0.57,-582.04,820.42,762.19,-224.04
morning,45m,~INR 22,-25%,+180%,30m,7,1,6,14.29%,0.57,-582.04,820.42,762.19,-224.04
morning,45m,~INR 22,-25%,+250%,30m,7,1,6,14.29%,0.57,-582.04,820.42,762.19,-224.04
morning,30m,~INR 32,-35%,+80%,30m,10,4,6,40.0%,0.77,-651.37,1819.99,542.71,-470.37
morning,30m,~INR 32,-35%,+120%,30m,10,4,6,40.0%,0.77,-651.37,1819.99,542.71,-470.37
morning,30m,~INR 32,-35%,+180%,30m,10,4,6,40.0%,0.77,-651.37,1819.99,542.71,-470.37
morning,30m,~INR 32,-35%,+250%,30m,10,4,6,40.0%,0.77,-651.37,1819.99,542.71,-470.37
morning,30m,~INR 22,-45%,+80%,45m,10,4,6,40.0%,0.71,-681.69,1413.07,415.15,-390.38
morning,30m,~INR 22,-45%,+120%,45m,10,4,6,40.0%,0.71,-681.69,1413.07,415.15,-390.38
morning,30m,~INR 22,-45%,+180%,45m,10,4,6,40.0%,0.71,-681.69,1413.07,415.15,-390.38
morning,30m,~INR 22,-45%,+250%,45m,10,4,6,40.0%,0.71,-681.69,1413.07,415.15,-390.38
morning,30m,~INR 22,-35%,+80%,30m,10,4,6,40.0%,0.7,-719.05,1446.73,415.15,-396.61
morning,30m,~INR 22,-35%,+120%,30m,10,4,6,40.0%,0.7,-719.05,1446.73,415.15,-396.61
morning,30m,~INR 22,-35%,+180%,30m,10,4,6,40.0%,0.7,-719.05,1446.73,415.15,-396.61
morning,30m,~INR 22,-35%,+250%,30m,10,4,6,40.0%,0.7,-719.05,1446.73,415.15,-396.61
both,30m,~INR 32,-35%,+80%,30m,11,4,7,36.36%,0.75,-740.22,1908.84,542.71,-415.87
both,30m,~INR 32,-35%,+120%,30m,11,4,7,36.36%,0.75,-740.22,1908.84,542.71,-415.87
both,30m,~INR 32,-35%,+180%,30m,11,4,7,36.36%,0.75,-740.22,1908.84,542.71,-415.87
both,30m,~INR 32,-35%,+250%,30m,11,4,7,36.36%,0.75,-740.22,1908.84,542.71,-415.87
afternoon,20m,~INR 22,-45%,+120%,45m,9,2,7,22.22%,0.83,-746.23,2891.51,1768.84,-611.99
afternoon,45m,~INR 32,-45%,+120%,30m,7,1,6,14.29%,0.75,-781.45,2177.86,2329.41,-518.48
afternoon,45m,~INR 45,-45%,+120%,30m,7,1,6,14.29%,0.75,-781.45,2177.86,2329.41,-518.48
both,30m,~INR 32,-25%,+80%,45m,11,4,7,36.36%,0.73,-823.15,2064.23,542.71,-427.71
both,30m,~INR 32,-25%,+120%,45m,11,4,7,36.36%,0.73,-823.15,2064.23,542.71,-427.71
both,30m,~INR 32,-25%,+180%,45m,11,4,7,36.36%,0.73,-823.15,2064.23,542.71,-427.71
both,30m,~INR 32,-25%,+250%,45m,11,4,7,36.36%,0.73,-823.15,2064.23,542.71,-427.71
both,45m,~INR 22,-45%,+120%,45m,10,2,8,20.0%,0.73,-828.03,1216.72,1118.49,-383.12
afternoon,30m,~INR 32,-35%,+120%,45m,9,2,7,22.22%,0.86,-828.24,4230.32,2469.0,-823.75
afternoon,30m,~INR 45,-35%,+120%,45m,9,2,7,22.22%,0.86,-828.24,4230.32,2469.0,-823.75
afternoon,45m,~INR 22,-25%,+80%,30m,7,1,6,14.29%,0.67,-838.85,1943.14,1680.84,-419.95
morning,30m,~INR 32,-45%,+80%,45m,10,4,6,40.0%,0.72,-841.32,2082.4,542.71,-502.03
morning,30m,~INR 32,-45%,+120%,45m,10,4,6,40.0%,0.72,-841.32,2082.4,542.71,-502.03
morning,30m,~INR 32,-45%,+180%,45m,10,4,6,40.0%,0.72,-841.32,2082.4,542.71,-502.03
morning,30m,~INR 32,-45%,+250%,45m,10,4,6,40.0%,0.72,-841.32,2082.4,542.71,-502.03
both,30m,~INR 22,-35%,+80%,30m,11,4,7,36.36%,0.66,-846.17,1573.85,415.15,-358.11
both,30m,~INR 22,-35%,+120%,30m,11,4,7,36.36%,0.66,-846.17,1573.85,415.15,-358.11
both,30m,~INR 22,-35%,+180%,30m,11,4,7,36.36%,0.66,-846.17,1573.85,415.15,-358.11
both,30m,~INR 22,-35%,+250%,30m,11,4,7,36.36%,0.66,-846.17,1573.85,415.15,-358.11
morning,30m,~INR 22,-45%,+80%,30m,10,4,6,40.0%,0.65,-875.97,1603.65,415.15,-422.76
morning,30m,~INR 22,-45%,+120%,30m,10,4,6,40.0%,0.65,-875.97,1603.65,415.15,-422.76
morning,30m,~INR 22,-45%,+180%,30m,10,4,6,40.0%,0.65,-875.97,1603.65,415.15,-422.76
morning,30m,~INR 22,-45%,+250%,30m,10,4,6,40.0%,0.65,-875.97,1603.65,415.15,-422.76
afternoon,45m,~INR 22,-25%,+180%,30m,7,1,6,14.29%,0.62,-954.82,1943.14,1564.87,-419.95
afternoon,45m,~INR 22,-25%,+250%,30m,7,1,6,14.29%,0.62,-954.82,1943.14,1564.87,-419.95
both,45m,~INR 22,-35%,+80%,45m,10,2,8,20.0%,0.64,-956.64,1008.68,847.05,-331.34
both,45m,~INR 22,-35%,+180%,45m,10,2,8,20.0%,0.64,-962.06,1008.68,844.34,-331.34
both,45m,~INR 22,-35%,+250%,45m,10,2,8,20.0%,0.64,-962.06,1008.68,844.34,-331.34
afternoon,45m,~INR 22,-45%,+120%,30m,7,1,6,14.29%,0.71,-966.8,2363.21,2329.41,-549.37
afternoon,30m,~INR 22,-45%,+120%,45m,9,2,7,22.22%,0.78,-970.19,3115.47,1768.84,-643.98
both,45m,~INR 45,-35%,+120%,45m,10,2,8,20.0%,0.76,-981.99,2260.31,1525.82,-504.2
both,45m,~INR 45,-35%,+180%,45m,10,2,8,20.0%,0.76,-981.99,2260.31,1525.82,-504.2
both,45m,~INR 45,-35%,+250%,45m,10,2,8,20.0%,0.76,-981.99,2260.31,1525.82,-504.2
both,45m,~INR 32,-25%,+80%,45m,10,2,8,20.0%,0.74,-987.39,1841.04,1418.19,-477.97
both,30m,~INR 22,-45%,+80%,30m,11,4,7,36.36%,0.62,-1003.09,1730.77,415.15,-380.53
both,30m,~INR 22,-45%,+120%,30m,11,4,7,36.36%,0.62,-1003.09,1730.77,415.15,-380.53
both,30m,~INR 22,-45%,+180%,30m,11,4,7,36.36%,0.62,-1003.09,1730.77,415.15,-380.53
both,30m,~INR 22,-45%,+250%,30m,11,4,7,36.36%,0.62,-1003.09,1730.77,415.15,-380.53
both,45m,~INR 22,-25%,+80%,45m,10,2,8,20.0%,0.62,-1034.08,1260.73,847.05,-341.02
both,45m,~INR 22,-25%,+180%,45m,10,2,8,20.0%,0.62,-1039.5,1260.73,844.34,-341.02
both,45m,~INR 22,-25%,+250%,45m,10,2,8,20.0%,0.62,-1039.5,1260.73,844.34,-341.02
afternoon,45m,~INR 32,-25%,+120%,30m,7,1,6,14.29%,0.69,-1045.26,2798.12,2329.41,-562.45
afternoon,45m,~INR 45,-25%,+120%,30m,7,1,6,14.29%,0.69,-1045.26,2798.12,2329.41,-562.45
afternoon,45m,~INR 22,-35%,+80%,30m,7,1,6,14.29%,0.62,-1045.86,1977.57,1680.84,-454.45
both,30m,~INR 22,-35%,+80%,45m,11,4,7,36.36%,0.61,-1068.69,1800.07,415.15,-389.9
both,30m,~INR 22,-35%,+120%,45m,11,4,7,36.36%,0.61,-1068.69,1800.07,415.15,-389.9
both,30m,~INR 22,-35%,+180%,45m,11,4,7,36.36%,0.61,-1068.69,1800.07,415.15,-389.9
both,30m,~INR 22,-35%,+250%,45m,11,4,7,36.36%,0.61,-1068.69,1800.07,415.15,-389.9
afternoon,45m,~INR 22,-25%,+80%,45m,7,1,6,14.29%,0.61,-1081.04,2185.33,1680.84,-460.31
both,45m,~INR 22,-35%,+80%,30m,10,1,9,10.0%,0.41,-1086.09,1324.47,762.19,-205.36
both,45m,~INR 22,-35%,+120%,30m,10,1,9,10.0%,0.41,-1086.09,1324.47,762.19,-205.36
both,45m,~INR 22,-35%,+180%,30m,10,1,9,10.0%,0.41,-1086.09,1324.47,762.19,-205.36
both,45m,~INR 22,-35%,+250%,30m,10,1,9,10.0%,0.41,-1086.09,1324.47,762.19,-205.36
morning,30m,~INR 32,-45%,+80%,30m,10,4,6,40.0%,0.66,-1104.36,2272.98,542.71,-545.87
morning,30m,~INR 32,-45%,+120%,30m,10,4,6,40.0%,0.66,-1104.36,2272.98,542.71,-545.87
morning,30m,~INR 32,-45%,+180%,30m,10,4,6,40.0%,0.66,-1104.36,2272.98,542.71,-545.87
morning,30m,~INR 32,-45%,+250%,30m,10,4,6,40.0%,0.66,-1104.36,2272.98,542.71,-545.87
afternoon,20m,~INR 22,-45%,+180%,45m,9,2,7,22.22%,0.73,-1138.08,3283.36,1572.91,-611.99
afternoon,45m,~INR 22,-35%,+120%,45m,7,1,6,14.29%,0.67,-1143.82,2724.1,2329.41,-578.87
both,45m,~INR 32,-25%,+120%,45m,10,2,8,20.0%,0.7,-1146.91,1841.04,1338.43,-477.97
both,45m,~INR 32,-25%,+180%,45m,10,2,8,20.0%,0.7,-1146.91,1841.04,1338.43,-477.97
both,45m,~INR 32,-25%,+250%,45m,10,2,8,20.0%,0.7,-1146.91,1841.04,1338.43,-477.97
both,45m,~INR 32,-35%,+80%,45m,10,2,8,20.0%,0.71,-1154.61,2260.31,1418.19,-498.87
afternoon,45m,~INR 22,-35%,+180%,30m,7,1,6,14.29%,0.57,-1161.83,1977.57,1564.87,-454.45
afternoon,45m,~INR 22,-35%,+250%,30m,7,1,6,14.29%,0.57,-1161.83,1977.57,1564.87,-454.45
both,45m,~INR 45,-25%,+120%,45m,10,2,8,20.0%,0.72,-1168.71,1841.04,1525.82,-527.55
both,45m,~INR 45,-25%,+180%,45m,10,2,8,20.0%,0.72,-1168.71,1841.04,1525.82,-527.55
both,45m,~INR 45,-25%,+250%,45m,10,2,8,20.0%,0.72,-1168.71,1841.04,1525.82,-527.55
both,30m,~INR 32,-45%,+80%,30m,11,4,7,36.36%,0.65,-1193.21,2361.83,542.71,-480.58
both,30m,~INR 32,-45%,+120%,30m,11,4,7,36.36%,0.65,-1193.21,2361.83,542.71,-480.58
both,30m,~INR 32,-45%,+180%,30m,11,4,7,36.36%,0.65,-1193.21,2361.83,542.71,-480.58
both,30m,~INR 32,-45%,+250%,30m,11,4,7,36.36%,0.65,-1193.21,2361.83,542.71,-480.58
afternoon,45m,~INR 22,-25%,+180%,45m,7,1,6,14.29%,0.57,-1197.01,2185.33,1564.87,-460.31
afternoon,45m,~INR 22,-25%,+250%,45m,7,1,6,14.29%,0.57,-1197.01,2185.33,1564.87,-460.31
afternoon,45m,~INR 32,-35%,+120%,30m,7,1,6,14.29%,0.66,-1211.49,2791.77,2329.41,-590.15
afternoon,45m,~INR 45,-35%,+120%,30m,7,1,6,14.29%,0.66,-1211.49,2791.77,2329.41,-590.15
afternoon,20m,~INR 22,-45%,+250%,45m,9,2,7,22.22%,0.71,-1254.05,3283.36,1514.92,-611.99
afternoon,20m,~INR 22,-25%,+80%,45m,9,2,7,22.22%,0.6,-1256.24,1803.74,927.06,-444.34
both,45m,~INR 32,-35%,+120%,45m,10,2,8,20.0%,0.67,-1314.13,2260.31,1338.43,-498.87
both,45m,~INR 32,-35%,+180%,45m,10,2,8,20.0%,0.67,-1314.13,2260.31,1338.43,-498.87
both,45m,~INR 32,-35%,+250%,45m,10,2,8,20.0%,0.67,-1314.13,2260.31,1338.43,-498.87
afternoon,30m,~INR 22,-25%,+80%,45m,9,2,7,22.22%,0.58,-1326.82,1874.32,927.06,-454.42
both,45m,~INR 22,-45%,+80%,30m,10,1,9,10.0%,0.36,-1339.18,1577.56,762.19,-233.49
both,45m,~INR 22,-45%,+120%,30m,10,1,9,10.0%,0.36,-1339.18,1577.56,762.19,-233.49
both,45m,~INR 22,-45%,+180%,30m,10,1,9,10.0%,0.36,-1339.18,1577.56,762.19,-233.49
both,45m,~INR 22,-45%,+250%,30m,10,1,9,10.0%,0.36,-1339.18,1577.56,762.19,-233.49
afternoon,30m,~INR 32,-35%,+180%,45m,9,2,7,22.22%,0.77,-1346.12,4230.32,2210.06,-823.75
afternoon,30m,~INR 32,-35%,+250%,45m,9,2,7,22.22%,0.77,-1346.12,4230.32,2210.06,-823.75
afternoon,30m,~INR 45,-35%,+180%,45m,9,2,7,22.22%,0.77,-1346.12,4230.32,2210.06,-823.75
afternoon,30m,~INR 45,-35%,+250%,45m,9,2,7,22.22%,0.77,-1346.12,4230.32,2210.06,-823.75
afternoon,30m,~INR 32,-45%,+80%,30m,9,1,8,11.11%,0.62,-1361.03,2016.56,2261.59,-452.83
afternoon,30m,~INR 45,-45%,+80%,30m,9,1,8,11.11%,0.62,-1361.03,2016.56,2261.59,-452.83
afternoon,30m,~INR 22,-45%,+180%,45m,9,2,7,22.22%,0.7,-1362.04,3507.32,1572.91,-643.98
both,45m,~INR 22,-45%,+80%,45m,10,2,8,20.0%,0.55,-1370.9,1395.83,847.05,-383.12
both,45m,~INR 22,-45%,+180%,45m,10,2,8,20.0%,0.55,-1376.32,1401.25,844.34,-383.12
both,45m,~INR 22,-45%,+250%,45m,10,2,8,20.0%,0.55,-1376.32,1401.25,844.34,-383.12
both,30m,~INR 22,-45%,+80%,45m,11,4,7,36.36%,0.54,-1386.78,2118.16,415.15,-435.34
both,30m,~INR 22,-45%,+120%,45m,11,4,7,36.36%,0.54,-1386.78,2118.16,415.15,-435.34
both,30m,~INR 22,-45%,+180%,45m,11,4,7,36.36%,0.54,-1386.78,2118.16,415.15,-435.34
both,30m,~INR 22,-45%,+250%,45m,11,4,7,36.36%,0.54,-1386.78,2118.16,415.15,-435.34
both,45m,~INR 22,-25%,+80%,30m,10,1,9,10.0%,0.35,-1421.52,1659.9,762.19,-242.63
both,45m,~INR 22,-25%,+120%,30m,10,1,9,10.0%,0.35,-1421.52,1659.9,762.19,-242.63
both,45m,~INR 22,-25%,+180%,30m,10,1,9,10.0%,0.35,-1421.52,1659.9,762.19,-242.63
both,45m,~INR 22,-25%,+250%,30m,10,1,9,10.0%,0.35,-1421.52,1659.9,762.19,-242.63
afternoon,45m,~INR 32,-45%,+80%,30m,7,1,6,14.29%,0.54,-1430.02,2177.86,1680.84,-518.48
afternoon,45m,~INR 45,-45%,+80%,30m,7,1,6,14.29%,0.54,-1430.02,2177.86,1680.84,-518.48
afternoon,30m,~INR 22,-45%,+250%,45m,9,2,7,22.22%,0.67,-1478.01,3507.32,1514.92,-643.98
afternoon,45m,~INR 32,-45%,+180%,30m,7,1,6,14.29%,0.5,-1545.99,2177.86,1564.87,-518.48
afternoon,45m,~INR 32,-45%,+250%,30m,7,1,6,14.29%,0.5,-1545.99,2177.86,1564.87,-518.48
afternoon,45m,~INR 45,-45%,+180%,30m,7,1,6,14.29%,0.5,-1545.99,2177.86,1564.87,-518.48
afternoon,45m,~INR 45,-45%,+250%,30m,7,1,6,14.29%,0.5,-1545.99,2177.86,1564.87,-518.48
afternoon,20m,~INR 22,-35%,+80%,45m,9,2,7,22.22%,0.54,-1581.73,2437.88,927.06,-490.83
both,30m,~INR 32,-35%,+80%,45m,11,4,7,36.36%,0.58,-1602.3,2843.38,542.71,-539.02
both,30m,~INR 32,-35%,+120%,45m,11,4,7,36.36%,0.58,-1602.3,2843.38,542.71,-539.02
both,30m,~INR 32,-35%,+180%,45m,11,4,7,36.36%,0.58,-1602.3,2843.38,542.71,-539.02
both,30m,~INR 32,-35%,+250%,45m,11,4,7,36.36%,0.58,-1602.3,2843.38,542.71,-539.02
afternoon,45m,~INR 22,-45%,+80%,30m,7,1,6,14.29%,0.51,-1615.37,2363.21,1680.84,-549.37
afternoon,30m,~INR 32,-25%,+80%,30m,9,1,8,11.11%,0.58,-1624.84,2388.11,2261.59,-485.8
afternoon,30m,~INR 45,-25%,+80%,30m,9,1,8,11.11%,0.58,-1624.84,2388.11,2261.59,-485.8
afternoon,45m,~INR 32,-25%,+80%,30m,7,1,6,14.29%,0.5,-1693.83,2798.12,1680.84,-562.45
afternoon,45m,~INR 45,-25%,+80%,30m,7,1,6,14.29%,0.5,-1693.83,2798.12,1680.84,-562.45
afternoon,30m,~INR 22,-35%,+80%,45m,9,2,7,22.22%,0.52,-1729.52,2585.67,927.06,-511.95
afternoon,45m,~INR 22,-45%,+180%,30m,7,1,6,14.29%,0.47,-1731.34,2363.21,1564.87,-549.37
afternoon,45m,~INR 22,-45%,+250%,30m,7,1,6,14.29%,0.47,-1731.34,2363.21,1564.87,-549.37
afternoon,30m,~INR 32,-35%,+80%,30m,9,1,8,11.11%,0.56,-1791.07,2548.94,2261.59,-506.58
afternoon,30m,~INR 45,-35%,+80%,30m,9,1,8,11.11%,0.56,-1791.07,2548.94,2261.59,-506.58
afternoon,45m,~INR 22,-35%,+80%,45m,7,1,6,14.29%,0.48,-1792.39,2724.1,1680.84,-578.87
afternoon,45m,~INR 32,-25%,+180%,30m,7,1,6,14.29%,0.46,-1809.8,2798.12,1564.87,-562.45
afternoon,45m,~INR 32,-25%,+250%,30m,7,1,6,14.29%,0.46,-1809.8,2798.12,1564.87,-562.45
afternoon,45m,~INR 45,-25%,+180%,30m,7,1,6,14.29%,0.46,-1809.8,2798.12,1564.87,-562.45
afternoon,45m,~INR 45,-25%,+250%,30m,7,1,6,14.29%,0.46,-1809.8,2798.12,1564.87,-562.45
afternoon,45m,~INR 32,-35%,+80%,30m,7,1,6,14.29%,0.47,-1860.06,2791.77,1680.84,-590.15
afternoon,45m,~INR 45,-35%,+80%,30m,7,1,6,14.29%,0.47,-1860.06,2791.77,1680.84,-590.15
afternoon,20m,~INR 32,-45%,+80%,30m,9,1,8,11.11%,0.55,-1870.05,2525.58,2261.59,-516.45
afternoon,20m,~INR 45,-45%,+80%,30m,9,1,8,11.11%,0.55,-1870.05,2525.58,2261.59,-516.45
afternoon,20m,~INR 22,-25%,+120%,30m,9,1,8,11.11%,0.41,-1872.83,1462.55,1281.99,-394.35
afternoon,20m,~INR 22,-35%,+120%,30m,9,1,8,11.11%,0.4,-1889.41,1586.95,1281.99,-396.42
afternoon,45m,~INR 22,-35%,+180%,45m,7,1,6,14.29%,0.45,-1908.36,2724.1,1564.87,-578.87
afternoon,45m,~INR 22,-35%,+250%,45m,7,1,6,14.29%,0.45,-1908.36,2724.1,1564.87,-578.87
both,30m,~INR 32,-45%,+80%,45m,11,4,7,36.36%,0.53,-1916.88,3157.96,542.71,-583.96
both,30m,~INR 32,-45%,+120%,45m,11,4,7,36.36%,0.53,-1916.88,3157.96,542.71,-583.96
both,30m,~INR 32,-45%,+180%,45m,11,4,7,36.36%,0.53,-1916.88,3157.96,542.71,-583.96
both,30m,~INR 32,-45%,+250%,45m,11,4,7,36.36%,0.53,-1916.88,3157.96,542.71,-583.96
afternoon,45m,~INR 32,-25%,+120%,45m,7,1,6,14.29%,0.55,-1940.26,3693.12,2329.41,-711.61
afternoon,45m,~INR 45,-25%,+120%,45m,7,1,6,14.29%,0.55,-1940.26,3693.12,2329.41,-711.61
afternoon,30m,~INR 22,-25%,+120%,30m,9,1,8,11.11%,0.4,-1943.41,1533.13,1281.99,-403.18
afternoon,20m,~INR 32,-25%,+80%,30m,9,1,8,11.11%,0.53,-1974.63,2737.9,2261.59,-529.53
afternoon,20m,~INR 45,-25%,+80%,30m,9,1,8,11.11%,0.53,-1974.63,2737.9,2261.59,-529.53
afternoon,45m,~INR 32,-35%,+180%,30m,7,1,6,14.29%,0.44,-1976.03,2791.77,1564.87,-590.15
afternoon,45m,~INR 32,-35%,+250%,30m,7,1,6,14.29%,0.44,-1976.03,2791.77,1564.87,-590.15
afternoon,45m,~INR 45,-35%,+180%,30m,7,1,6,14.29%,0.44,-1976.03,2791.77,1564.87,-590.15
afternoon,45m,~INR 45,-35%,+250%,30m,7,1,6,14.29%,0.44,-1976.03,2791.77,1564.87,-590.15
afternoon,30m,~INR 22,-35%,+120%,30m,9,1,8,11.11%,0.39,-2037.2,1734.74,1281.99,-414.9
afternoon,45m,~INR 22,-45%,+120%,45m,7,1,6,14.29%,0.53,-2068.05,3464.46,2329.41,-732.91
afternoon,20m,~INR 22,-25%,+180%,30m,9,1,8,11.11%,0.28,-2264.68,1845.63,890.14,-394.35
afternoon,20m,~INR 22,-25%,+250%,30m,9,1,8,11.11%,0.28,-2264.68,1845.63,890.14,-394.35
afternoon,20m,~INR 22,-25%,+80%,30m,9,1,8,11.11%,0.28,-2267.26,1848.21,887.56,-394.35
afternoon,20m,~INR 22,-35%,+180%,30m,9,1,8,11.11%,0.28,-2281.26,1975.43,890.14,-396.42
afternoon,20m,~INR 22,-35%,+250%,30m,9,1,8,11.11%,0.28,-2281.26,1975.43,890.14,-396.42
afternoon,20m,~INR 22,-35%,+80%,30m,9,1,8,11.11%,0.28,-2283.84,1978.01,887.56,-396.42
afternoon,20m,~INR 32,-35%,+80%,30m,9,1,8,11.11%,0.5,-2288.07,3045.94,2261.59,-568.71
afternoon,20m,~INR 45,-35%,+80%,30m,9,1,8,11.11%,0.5,-2288.07,3045.94,2261.59,-568.71
afternoon,30m,~INR 22,-25%,+180%,30m,9,1,8,11.11%,0.28,-2335.26,1916.21,890.14,-403.18
afternoon,30m,~INR 22,-25%,+250%,30m,9,1,8,11.11%,0.28,-2335.26,1916.21,890.14,-403.18
afternoon,30m,~INR 22,-25%,+80%,30m,9,1,8,11.11%,0.28,-2337.84,1918.79,887.56,-403.18
afternoon,30m,~INR 32,-45%,+120%,30m,9,1,8,11.11%,0.35,-2338.41,2119.19,1284.21,-452.83
afternoon,30m,~INR 32,-45%,+180%,30m,9,1,8,11.11%,0.35,-2338.41,2119.19,1284.21,-452.83
afternoon,30m,~INR 32,-45%,+250%,30m,9,1,8,11.11%,0.35,-2338.41,2119.19,1284.21,-452.83
afternoon,30m,~INR 45,-45%,+120%,30m,9,1,8,11.11%,0.35,-2338.41,2119.19,1284.21,-452.83
afternoon,30m,~INR 45,-45%,+180%,30m,9,1,8,11.11%,0.35,-2338.41,2119.19,1284.21,-452.83
afternoon,30m,~INR 45,-45%,+250%,30m,9,1,8,11.11%,0.35,-2338.41,2119.19,1284.21,-452.83
afternoon,20m,~INR 22,-45%,+120%,30m,9,1,8,11.11%,0.35,-2382.75,2076.92,1281.99,-458.09
afternoon,30m,~INR 22,-35%,+180%,30m,9,1,8,11.11%,0.27,-2429.05,2123.22,890.14,-414.9
afternoon,30m,~INR 22,-35%,+250%,30m,9,1,8,11.11%,0.27,-2429.05,2123.22,890.14,-414.9
afternoon,20m,~INR 22,-45%,+80%,45m,9,2,7,22.22%,0.43,-2429.79,3285.94,927.06,-611.99
afternoon,30m,~INR 22,-35%,+80%,30m,9,1,8,11.11%,0.27,-2431.63,2125.8,887.56,-414.9
afternoon,45m,~INR 32,-25%,+80%,45m,7,1,6,14.29%,0.39,-2588.83,3693.12,1680.84,-711.61
afternoon,45m,~INR 45,-25%,+80%,45m,7,1,6,14.29%,0.39,-2588.83,3693.12,1680.84,-711.61
afternoon,30m,~INR 32,-25%,+120%,30m,9,1,8,11.11%,0.33,-2602.22,2388.11,1284.21,-485.8
afternoon,30m,~INR 32,-25%,+180%,30m,9,1,8,11.11%,0.33,-2602.22,2388.11,1284.21,-485.8
afternoon,30m,~INR 32,-25%,+250%,30m,9,1,8,11.11%,0.33,-2602.22,2388.11,1284.21,-485.8
afternoon,30m,~INR 45,-25%,+120%,30m,9,1,8,11.11%,0.33,-2602.22,2388.11,1284.21,-485.8
afternoon,30m,~INR 45,-25%,+180%,30m,9,1,8,11.11%,0.33,-2602.22,2388.11,1284.21,-485.8
afternoon,30m,~INR 45,-25%,+250%,30m,9,1,8,11.11%,0.33,-2602.22,2388.11,1284.21,-485.8
afternoon,30m,~INR 22,-45%,+120%,30m,9,1,8,11.11%,0.33,-2606.71,2300.88,1281.99,-486.09
afternoon,30m,~INR 22,-45%,+80%,45m,9,2,7,22.22%,0.41,-2653.75,3509.9,927.06,-643.98
afternoon,45m,~INR 32,-25%,+180%,45m,7,1,6,14.29%,0.37,-2704.8,3693.12,1564.87,-711.61
afternoon,45m,~INR 32,-25%,+250%,45m,7,1,6,14.29%,0.37,-2704.8,3693.12,1564.87,-711.61
afternoon,45m,~INR 45,-25%,+180%,45m,7,1,6,14.29%,0.37,-2704.8,3693.12,1564.87,-711.61
afternoon,45m,~INR 45,-25%,+250%,45m,7,1,6,14.29%,0.37,-2704.8,3693.12,1564.87,-711.61
afternoon,45m,~INR 22,-45%,+80%,45m,7,1,6,14.29%,0.38,-2716.62,3464.46,1680.84,-732.91
afternoon,30m,~INR 32,-35%,+120%,30m,9,1,8,11.11%,0.32,-2768.45,2549.23,1284.21,-506.58
afternoon,30m,~INR 32,-35%,+180%,30m,9,1,8,11.11%,0.32,-2768.45,2549.23,1284.21,-506.58
afternoon,30m,~INR 32,-35%,+250%,30m,9,1,8,11.11%,0.32,-2768.45,2549.23,1284.21,-506.58
afternoon,30m,~INR 45,-35%,+120%,30m,9,1,8,11.11%,0.32,-2768.45,2549.23,1284.21,-506.58
afternoon,30m,~INR 45,-35%,+180%,30m,9,1,8,11.11%,0.32,-2768.45,2549.23,1284.21,-506.58
afternoon,30m,~INR 45,-35%,+250%,30m,9,1,8,11.11%,0.32,-2768.45,2549.23,1284.21,-506.58
afternoon,20m,~INR 22,-45%,+180%,30m,9,1,8,11.11%,0.24,-2774.6,2468.77,890.14,-458.09
afternoon,20m,~INR 22,-45%,+250%,30m,9,1,8,11.11%,0.24,-2774.6,2468.77,890.14,-458.09
afternoon,20m,~INR 22,-45%,+80%,30m,9,1,8,11.11%,0.24,-2777.18,2471.35,887.56,-458.09
afternoon,45m,~INR 22,-45%,+180%,45m,7,1,6,14.29%,0.36,-2832.59,3464.46,1564.87,-732.91
afternoon,45m,~INR 22,-45%,+250%,45m,7,1,6,14.29%,0.36,-2832.59,3464.46,1564.87,-732.91
afternoon,20m,~INR 32,-45%,+120%,30m,9,1,8,11.11%,0.31,-2847.43,2628.21,1284.21,-516.45
afternoon,20m,~INR 32,-45%,+180%,30m,9,1,8,11.11%,0.31,-2847.43,2628.21,1284.21,-516.45
afternoon,20m,~INR 32,-45%,+250%,30m,9,1,8,11.11%,0.31,-2847.43,2628.21,1284.21,-516.45
afternoon,20m,~INR 45,-45%,+120%,30m,9,1,8,11.11%,0.31,-2847.43,2628.21,1284.21,-516.45
afternoon,20m,~INR 45,-45%,+180%,30m,9,1,8,11.11%,0.31,-2847.43,2628.21,1284.21,-516.45
afternoon,20m,~INR 45,-45%,+250%,30m,9,1,8,11.11%,0.31,-2847.43,2628.21,1284.21,-516.45
afternoon,20m,~INR 32,-25%,+120%,30m,9,1,8,11.11%,0.3,-2952.01,2737.9,1284.21,-529.53
afternoon,20m,~INR 32,-25%,+180%,30m,9,1,8,11.11%,0.3,-2952.01,2737.9,1284.21,-529.53
afternoon,20m,~INR 32,-25%,+250%,30m,9,1,8,11.11%,0.3,-2952.01,2737.9,1284.21,-529.53
afternoon,20m,~INR 45,-25%,+120%,30m,9,1,8,11.11%,0.3,-2952.01,2737.9,1284.21,-529.53
afternoon,20m,~INR 45,-25%,+180%,30m,9,1,8,11.11%,0.3,-2952.01,2737.9,1284.21,-529.53
afternoon,20m,~INR 45,-25%,+250%,30m,9,1,8,11.11%,0.3,-2952.01,2737.9,1284.21,-529.53
afternoon,30m,~INR 22,-45%,+180%,30m,9,1,8,11.11%,0.23,-2998.56,2692.73,890.14,-486.09
afternoon,30m,~INR 22,-45%,+250%,30m,9,1,8,11.11%,0.23,-2998.56,2692.73,890.14,-486.09
afternoon,30m,~INR 22,-45%,+80%,30m,9,1,8,11.11%,0.23,-3001.14,2695.31,887.56,-486.09
afternoon,45m,~INR 32,-35%,+120%,45m,7,1,6,14.29%,0.42,-3185.12,4765.4,2329.41,-919.09
afternoon,45m,~INR 45,-35%,+120%,45m,7,1,6,14.29%,0.42,-3185.12,4765.4,2329.41,-919.09
afternoon,20m,~INR 32,-35%,+120%,30m,9,1,8,11.11%,0.28,-3265.45,3046.23,1284.21,-568.71
afternoon,20m,~INR 32,-35%,+180%,30m,9,1,8,11.11%,0.28,-3265.45,3046.23,1284.21,-568.71
afternoon,20m,~INR 32,-35%,+250%,30m,9,1,8,11.11%,0.28,-3265.45,3046.23,1284.21,-568.71
afternoon,20m,~INR 45,-35%,+120%,30m,9,1,8,11.11%,0.28,-3265.45,3046.23,1284.21,-568.71
afternoon,20m,~INR 45,-35%,+180%,30m,9,1,8,11.11%,0.28,-3265.45,3046.23,1284.21,-568.71
afternoon,20m,~INR 45,-35%,+250%,30m,9,1,8,11.11%,0.28,-3265.45,3046.23,1284.21,-568.71
afternoon,45m,~INR 32,-35%,+80%,45m,7,1,6,14.29%,0.3,-3833.69,4765.4,1680.84,-919.09
afternoon,45m,~INR 45,-35%,+80%,45m,7,1,6,14.29%,0.3,-3833.69,4765.4,1680.84,-919.09
afternoon,45m,~INR 32,-35%,+180%,45m,7,1,6,14.29%,0.28,-3949.66,4765.4,1564.87,-919.09
afternoon,45m,~INR 32,-35%,+250%,45m,7,1,6,14.29%,0.28,-3949.66,4765.4,1564.87,-919.09
afternoon,45m,~INR 45,-35%,+180%,45m,7,1,6,14.29%,0.28,-3949.66,4765.4,1564.87,-919.09
afternoon,45m,~INR 45,-35%,+250%,45m,7,1,6,14.29%,0.28,-3949.66,4765.4,1564.87,-919.09
