entry_time,exit_time,gross,charges,net,exit_reason,bars,cum_net,date,net_pnl,gross_pnl
2026-08-10 09:31:00,2026-08-10 10:53:00,741.3709931136502,116.24,625.13,CE Trail | ,82,625.13,2026-08-10,625.13,741.3709931136502
2026-08-18 10:46:00,2026-08-18 12:05:00,-542.2624020462148,105.86,-648.12, | PE SL,79,-22.99000000000001,2026-08-18,-648.12,-542.2624020462148
2026-08-20 12:47:00,2026-08-20 12:53:00,60.62139417829786,96.37,-35.75,CE Trail | ,6,-58.74000000000001,2026-08-20,-35.75,60.62139417829786
2026-08-24 10:51:00,2026-08-24 11:46:00,1333.2764333808402,115.59,1217.69, | PE Trail,55,1158.95,2026-08-24,1217.69,1333.2764333808402
2026-08-25 10:23:00,2026-08-25 10:57:00,452.33075585074687,107.93,344.4,CE Trail | ,34,1503.35,2026-08-25,344.4,452.33075585074687
2026-08-26 09:42:00,2026-08-26 10:12:00,131.42795837123992,100.73,30.7, | PE Trail,30,1534.05,2026-08-26,30.7,131.42795837123992
2026-09-01 09:46:00,2026-09-01 11:30:00,2953.486746256732,112.51,2840.98,CE Target | ,104,4375.03,2026-09-01,2840.98,2953.486746256732
2026-09-03 11:05:00,2026-09-03 11:16:00,66.15686842595503,98.43,-32.27, | PE Trail,11,4342.759999999999,2026-09-03,-32.27,66.15686842595503
2026-09-07 09:55:00,2026-09-07 11:54:00,409.0679633244978,114.4,294.67, | PE Trail,119,4637.429999999999,2026-09-07,294.67,409.0679633244978
2026-09-09 10:01:00,2026-09-09 10:24:00,1187.265821661576,101.53,1085.74,CE Target | ,23,5723.169999999999,2026-09-09,1085.74,1187.265821661576
2026-09-21 10:27:00,2026-09-21 10:53:00,-852.0,54.55,-906.55,SL Hit (-25%),26,4816.62,2026-09-21,-906.55,-852.0
10:33:00,10:40:00,32.21,95.86,-63.65, | PE Trail,26,4752.97,2026-09-22,-63.65,32.21
10:48:00,15:02:00,-807.0,101.64,-908.64,PE SL (-20%) | CE SL (-20%),26,3844.33,2026-09-23,-908.64,-807.0
2026-09-24 09:46:00,2026-09-24 10:11:00,-408.75,115.22,-523.97,Max Hold (25m) | Max Hold (25m),26,3320.36,2026-09-24,-523.97,-408.75
14:01:00,14:26:00,1681.5,117.22,1564.28,CE Target (+50%) | Max Hold (25m),26,4884.64,2026-09-25,1564.28,1681.5
10:09:00,10:58:00,-30.0,53.33,-83.33,Time Stop (45m),26,4801.31,2026-09-28,-83.33,-30.0
10:11:00,10:26:00,-1092.09,54.62,-1146.71,SL Hit (-25%),26,3654.6,2026-09-29,-1146.71,-1092.09
09:45:00,10:05:00,-1582.99,80.0,-1662.99,Combined Capital SL (-15%),26,1991.61,2026-09-30,-1662.99,-1582.99
10:00:00,10:45:00,-46.96,57.85,-104.81,Time Exit (45m),26,1886.8,2026-10-01,-104.81,-46.96
09:47:00,10:00:00,-420.0,98.17,-518.17,PE SL (-20%) | CE SL (-20%),26,1368.63,2026-10-06,-518.17,-420.0
10:12:00,10:57:00,131.21,107.05,24.16,Time Exit (45m),26,1392.79,2026-10-08,24.16,131.21
10:35:00,11:20:00,-1.54,105.19,-106.73,Time Exit (45m),26,1286.06,2026-10-07,-106.73,-1.54
10:22:00,11:07:00,928.85,71.22,857.63,Time Stop (45m),26,2143.69,2026-10-05,857.63,928.85
09:31:00,09:38:00,-133.95,99.69,-233.64,CE SL | PE Trail,26,1910.05,2026-08-10,-233.64,-133.95
10:15:00,10:53:00,608.96,55.02,553.94,Trailing Exit,26,2463.99,2026-08-10,553.94,608.96
11:02:00,11:47:00,-103.69,52.56,-156.25,Time Stop (45m),26,2307.74,2026-08-11,-156.25,-103.69
10:32:00,14:19:00,47.55,111.91,-64.36,CE Trail | PE SL,26,2243.38,2026-08-14,-64.36,47.55
10:17:00,11:35:00,-58.53,52.19,-110.72,Time Stop (45m),26,2132.66,2026-08-17,-110.72,-58.53
12:56:00,13:43:00,-202.96,109.14,-312.1,Time Exit (45m),26,1820.56,2026-10-08,-312.1,-202.96
10:15:00,11:01:00,-93.31,105.82,-199.13,Time Exit (45m),26,1621.43,2026-10-09,-199.13,-93.31
10:08:00,11:01:00,180.35,102.55,77.8,Time Exit (45m),26,1699.23,2026-09-25,77.8,180.35
14:03:00,15:15:00,-3607.5,118.35,-3725.85,EOD (15:15 PM),26,-2026.62,2026-09-25,-3725.85,-3607.5
11:05:00,15:15:00,-1561.5,124.89,-1686.39,EOD (15:15 PM),26,-3713.01,2026-09-25,-1686.39,-1561.5
09:30:00,10:17:00,-511.8,201.84,-713.64,Time Exit (45m),26,-4426.65,2026-09-25,-713.64,-511.8
