Setup,Strike,Mode,SL,Target,Trades,Wins,Losses,Win Rate (%),Profit Factor,Net PnL (INR),Max DD (INR),Total Charges,Avg Win,Avg Loss
15m_box,dynamic_affordable,uncoupled,-25%,+50%,14,12,2,85.71%,3.25,6393.59,1793.32,1577.06,770.07,-1423.64
15m_box,dynamic_affordable,uncoupled,-20%,+50%,14,11,3,78.57%,3.22,6348.34,1986.27,1576.99,836.62,-951.48
30m_box,dynamic_affordable,uncoupled,-15%,+75%,13,9,4,69.23%,2.93,5935.28,1552.84,1459.28,1001.53,-769.63
15m_box,fixed_150,uncoupled,-20%,+75%,10,7,3,70.0%,8.99,5723.17,683.87,1069.59,919.9,-238.71
30m_box,dynamic_affordable,uncoupled,-15%,+50%,13,9,4,69.23%,2.84,5668.29,1552.84,1458.87,971.87,-769.63
15m_box,dynamic_affordable,uncoupled,-25%,+75%,14,12,2,85.71%,2.99,5667.52,1793.32,1575.89,709.57,-1423.64
15m_box,dynamic_affordable,uncoupled,-25%,+100%,14,12,2,85.71%,2.99,5667.52,1793.32,1575.89,709.57,-1423.64
15m_box,dynamic_affordable,uncoupled,-20%,+75%,14,11,3,78.57%,2.97,5622.27,1986.27,1575.82,770.61,-951.48
15m_box,dynamic_affordable,uncoupled,-20%,+100%,14,11,3,78.57%,2.97,5622.27,1986.27,1575.82,770.61,-951.48
15m_box,fixed_150,uncoupled,-25%,+75%,10,7,3,70.0%,7.67,5599.52,807.52,1069.39,919.9,-279.93
15m_box,fixed_150,uncoupled,-30%,+75%,10,8,2,80.0%,6.8,5492.22,947.18,1069.22,804.92,-473.59
15m_box,dynamic_affordable,uncoupled,-15%,+50%,14,10,4,71.43%,2.72,5419.8,1552.84,1575.5,857.76,-789.46
30m_box,dynamic_affordable,uncoupled,-20%,+75%,13,9,4,69.23%,2.38,5233.07,1986.27,1458.17,1001.53,-945.18
30m_box,dynamic_affordable,uncoupled,-25%,+75%,13,10,3,76.92%,2.33,5161.26,1793.32,1458.05,905.19,-1296.88
30m_box,dynamic_affordable,uncoupled,-20%,+50%,13,9,4,69.23%,2.31,4966.08,1986.27,1457.76,971.87,-945.18
15m_box,fixed_150,uncoupled,-20%,+50%,10,7,3,70.0%,7.91,4948.43,683.87,1068.36,809.22,-238.71
30m_box,dynamic_affordable,uncoupled,-15%,+100%,13,9,4,69.23%,2.61,4942.22,1552.84,1457.7,891.19,-769.63
30m_box,dynamic_affordable,uncoupled,-25%,+50%,13,10,3,76.92%,2.26,4894.27,1793.32,1457.64,878.49,-1296.88
15m_box,fixed_150,uncoupled,-25%,+50%,10,7,3,70.0%,6.75,4824.78,807.52,1068.16,809.22,-279.93
15m_box,fixed_150,uncoupled,-30%,+50%,10,8,2,80.0%,5.98,4717.48,947.18,1067.99,708.08,-473.59
15m_box,dynamic_affordable,uncoupled,-15%,+75%,14,10,4,71.43%,2.49,4693.73,1552.84,1574.33,785.16,-789.46
15m_box,dynamic_affordable,uncoupled,-15%,+100%,14,10,4,71.43%,2.49,4693.73,1552.84,1574.33,785.16,-789.46
15m_box,dynamic_affordable,uncoupled,-20%,+30%,14,11,3,78.57%,2.61,4593.24,1986.27,1574.18,677.06,-951.48
30m_box,fixed_150,uncoupled,-15%,+75%,9,5,4,55.56%,5.96,4546.13,320.39,951.36,1092.52,-229.12
15m_box,fixed_150,uncoupled,-20%,+100%,10,7,3,70.0%,7.29,4504.39,683.87,1067.65,745.79,-238.71
15m_box,fixed_150,uncoupled,-25%,+100%,10,7,3,70.0%,6.22,4380.74,807.52,1067.45,745.79,-279.93
30m_box,fixed_150,uncoupled,-20%,+75%,9,5,4,55.56%,4.87,4339.94,406.52,951.03,1092.52,-280.66
15m_box,fixed_150,uncoupled,-15%,+75%,10,6,4,60.0%,3.92,4332.83,563.81,1067.37,969.03,-370.34
15m_box,fixed_150,uncoupled,-30%,+100%,10,8,2,80.0%,5.51,4273.44,947.18,1067.28,652.58,-473.59
30m_box,dynamic_affordable,uncoupled,-20%,+100%,13,9,4,69.23%,2.12,4240.01,1986.27,1456.59,891.19,-945.18
30m_box,dynamic_affordable,uncoupled,-25%,+100%,13,10,3,76.92%,2.07,4168.2,1793.32,1456.47,805.88,-1296.88
30m_box,fixed_150,uncoupled,-25%,+75%,9,5,4,55.56%,4.03,4106.47,516.34,950.65,1092.52,-339.03
15m_box,fixed_200,uncoupled,-20%,+75%,10,6,4,60.0%,7.04,4023.64,570.46,1033.33,781.61,-166.51
30m_box,fixed_150,uncoupled,-30%,+75%,9,6,3,66.67%,3.73,3999.17,516.34,950.48,910.45,-487.84
30m_box,fixed_150,uncoupled,-15%,+50%,9,5,4,55.56%,5.3,3936.68,320.39,950.39,970.63,-229.12
15m_box,dynamic_affordable,uncoupled,-25%,+30%,14,11,3,78.57%,2.27,3936.14,1793.32,1573.14,640.12,-1035.08
30m_box,fixed_150,uncoupled,-15%,+100%,9,5,4,55.56%,5.15,3800.33,320.39,950.18,943.36,-229.12
15m_box,fixed_200,uncoupled,-25%,+75%,10,6,4,60.0%,5.13,3774.82,652.42,1032.94,781.61,-228.72
30m_box,fixed_150,uncoupled,-20%,+50%,9,5,4,55.56%,4.32,3730.49,406.52,950.06,970.63,-280.66
15m_box,fixed_200,uncoupled,-30%,+75%,10,6,4,60.0%,4.78,3707.71,719.53,1032.83,781.61,-245.49
15m_box,dynamic_affordable,uncoupled,-15%,+30%,14,10,4,71.43%,2.16,3664.7,1552.84,1572.69,682.26,-789.46
30m_box,fixed_150,uncoupled,-20%,+100%,9,5,4,55.56%,4.2,3594.14,406.52,949.85,943.36,-280.66
30m_box,fixed_100,uncoupled,-15%,+75%,7,4,3,57.14%,3.21,3591.82,497.1,750.21,1304.74,-542.38
15m_box,fixed_150,uncoupled,-15%,+50%,10,6,4,60.0%,3.4,3558.09,563.81,1066.14,839.91,-370.34
30m_box,dynamic_affordable,uncoupled,-15%,+30%,13,9,4,69.23%,2.15,3541.48,1552.84,1455.47,735.56,-769.63
30m_box,fixed_150,uncoupled,-25%,+50%,9,5,4,55.56%,3.58,3497.02,516.34,949.68,970.63,-339.03
30m_box,fixed_150,uncoupled,-30%,+50%,9,6,3,66.67%,3.32,3389.72,516.34,949.51,808.87,-487.84
30m_box,fixed_150,uncoupled,-25%,+100%,9,5,4,55.56%,3.48,3360.67,516.34,949.47,943.36,-339.03
15m_box,fixed_200,uncoupled,-20%,+100%,10,6,4,60.0%,6.04,3357.6,570.46,1032.26,670.61,-166.51
15m_box,fixed_200,uncoupled,-20%,+50%,10,6,4,60.0%,6.25,3266.51,526.57,1032.12,648.11,-155.54
30m_box,fixed_150,uncoupled,-30%,+100%,9,6,3,66.67%,3.22,3253.37,516.34,949.3,786.15,-487.84
15m_box,fixed_150,uncoupled,-20%,+30%,10,8,2,80.0%,5.71,3205.4,648.12,1065.58,485.72,-340.2
30m_box,fixed_100,uncoupled,-20%,+75%,7,4,3,57.14%,2.56,3179.57,666.72,749.55,1304.74,-679.8
15m_box,fixed_100,uncoupled,-15%,+50%,7,5,2,71.43%,3.79,3150.66,410.3,750.88,856.14,-565.02
nr7,fixed_150,uncoupled,-15%,+50%,2,2,0,100.0%,99.0,3132.31,0.0,234.07,1566.16,0.0
nr7,fixed_150,uncoupled,-20%,+50%,2,2,0,100.0%,99.0,3132.31,0.0,234.07,1566.16,0.0
nr7,fixed_150,uncoupled,-25%,+50%,2,2,0,100.0%,99.0,3132.31,0.0,234.07,1566.16,0.0
nr7,fixed_150,uncoupled,-30%,+50%,2,2,0,100.0%,99.0,3132.31,0.0,234.07,1566.16,0.0
15m_box,fixed_150,uncoupled,-15%,+100%,10,6,4,60.0%,3.1,3114.05,563.81,1065.43,765.9,-370.34
15m_box,fixed_200,uncoupled,-25%,+100%,10,6,4,60.0%,4.4,3108.78,652.42,1031.87,670.61,-228.72
15m_box,fixed_150,uncoupled,-25%,+30%,10,8,2,80.0%,4.83,3081.75,771.77,1065.38,485.72,-402.02
30m_box,fixed_200,uncoupled,-15%,+75%,9,5,4,55.56%,4.86,3043.3,214.78,920.42,766.27,-197.01
15m_box,fixed_200,uncoupled,-30%,+100%,10,6,4,60.0%,4.1,3041.67,719.53,1031.76,670.61,-245.49
15m_box,fixed_200,uncoupled,-25%,+50%,10,6,4,60.0%,4.46,3017.69,608.53,1031.73,648.11,-217.74
15m_box,fixed_100,uncoupled,-15%,+75%,7,5,2,71.43%,3.65,2994.27,410.3,750.63,824.86,-565.02
15m_box,fixed_100,uncoupled,-15%,+100%,7,5,2,71.43%,3.65,2994.27,410.3,750.63,824.86,-565.02
15m_box,fixed_200,uncoupled,-30%,+50%,10,6,4,60.0%,4.15,2950.58,675.64,1031.62,648.11,-234.52
30m_box,fixed_200,uncoupled,-20%,+75%,9,5,4,55.56%,4.29,2938.96,256.39,920.25,766.27,-223.1
30m_box,fixed_100,uncoupled,-25%,+75%,7,4,3,57.14%,2.28,2931.12,666.72,749.16,1304.74,-762.61
15m_box,fixed_100,uncoupled,-20%,+50%,7,5,2,71.43%,3.12,2908.03,504.5,750.49,856.14,-686.34
30m_box,fixed_200,uncoupled,-15%,+100%,9,5,4,55.56%,4.65,2874.47,214.78,920.15,732.5,-197.01
15m_box,fixed_200,uncoupled,-15%,+75%,10,5,5,50.0%,3.11,2857.62,507.73,1031.47,841.88,-270.36
30m_box,dynamic_affordable,uncoupled,-20%,+30%,13,9,4,69.23%,1.75,2839.27,1986.27,1454.36,735.56,-945.18
30m_box,fixed_200,uncoupled,-20%,+100%,9,5,4,55.56%,4.1,2770.13,256.39,919.98,732.5,-223.1
30m_box,fixed_100,uncoupled,-15%,+50%,7,4,3,57.14%,2.69,2755.15,497.1,748.88,1095.57,-542.38
15m_box,fixed_100,uncoupled,-20%,+75%,7,5,2,71.43%,3.0,2751.64,504.5,750.24,824.86,-686.34
15m_box,fixed_100,uncoupled,-20%,+100%,7,5,2,71.43%,3.0,2751.64,504.5,750.24,824.86,-686.34
nr7,fixed_150,uncoupled,-15%,+30%,2,2,0,100.0%,99.0,2690.03,0.0,233.37,1345.02,0.0
nr7,fixed_150,uncoupled,-20%,+30%,2,2,0,100.0%,99.0,2690.03,0.0,233.37,1345.02,0.0
nr7,fixed_150,uncoupled,-25%,+30%,2,2,0,100.0%,99.0,2690.03,0.0,233.37,1345.02,0.0
nr7,fixed_150,uncoupled,-30%,+30%,2,2,0,100.0%,99.0,2690.03,0.0,233.37,1345.02,0.0
15m_box,fixed_100,uncoupled,-25%,+50%,7,5,2,71.43%,2.64,2659.58,567.15,750.1,856.14,-810.56
30m_box,fixed_200,uncoupled,-25%,+75%,9,5,4,55.56%,3.2,2632.81,313.72,919.77,766.27,-299.63
30m_box,fixed_200,uncoupled,-15%,+50%,9,5,4,55.56%,4.53,2627.15,214.78,919.75,674.26,-186.04
30m_box,fixed_100,uncoupled,-15%,+100%,7,4,3,57.14%,2.6,2598.76,497.1,748.63,1056.47,-542.38
nr7,dynamic_affordable,uncoupled,-20%,+50%,3,2,1,66.67%,5.37,2549.45,0.0,348.7,1566.16,-582.86
nr7,fixed_200,uncoupled,-15%,+50%,2,2,0,100.0%,99.0,2536.08,0.0,223.8,1268.04,0.0
nr7,fixed_200,uncoupled,-20%,+50%,2,2,0,100.0%,99.0,2536.08,0.0,223.8,1268.04,0.0
nr7,fixed_200,uncoupled,-25%,+50%,2,2,0,100.0%,99.0,2536.08,0.0,223.8,1268.04,0.0
nr7,fixed_200,uncoupled,-30%,+50%,2,2,0,100.0%,99.0,2536.08,0.0,223.8,1268.04,0.0
15m_box,fixed_200,uncoupled,-20%,+30%,10,6,4,60.0%,4.88,2532.08,556.49,1030.96,530.69,-163.02
30m_box,fixed_200,uncoupled,-20%,+50%,9,5,4,55.56%,3.97,2522.81,256.39,919.58,674.26,-212.12
15m_box,fixed_100,uncoupled,-25%,+75%,7,5,2,71.43%,2.54,2503.19,567.15,749.85,824.86,-810.56
15m_box,fixed_100,uncoupled,-25%,+100%,7,5,2,71.43%,2.54,2503.19,567.15,749.85,824.86,-810.56
30m_box,fixed_200,uncoupled,-30%,+75%,9,5,4,55.56%,2.88,2500.82,378.6,919.56,766.27,-332.63
30m_box,fixed_200,uncoupled,-25%,+100%,9,5,4,55.56%,3.06,2463.98,313.72,919.5,732.5,-299.63
nr7,fixed_150,uncoupled,-15%,+75%,2,2,0,100.0%,99.0,2436.44,0.0,232.96,1218.22,0.0
nr7,fixed_150,uncoupled,-15%,+100%,2,2,0,100.0%,99.0,2436.44,0.0,232.96,1218.22,0.0
nr7,fixed_150,uncoupled,-20%,+75%,2,2,0,100.0%,99.0,2436.44,0.0,232.96,1218.22,0.0
nr7,fixed_150,uncoupled,-20%,+100%,2,2,0,100.0%,99.0,2436.44,0.0,232.96,1218.22,0.0
nr7,fixed_150,uncoupled,-25%,+75%,2,2,0,100.0%,99.0,2436.44,0.0,232.96,1218.22,0.0
nr7,fixed_150,uncoupled,-25%,+100%,2,2,0,100.0%,99.0,2436.44,0.0,232.96,1218.22,0.0
nr7,fixed_150,uncoupled,-30%,+75%,2,2,0,100.0%,99.0,2436.44,0.0,232.96,1218.22,0.0
nr7,fixed_150,uncoupled,-30%,+100%,2,2,0,100.0%,99.0,2436.44,0.0,232.96,1218.22,0.0
30m_box,dynamic_affordable,uncoupled,-30%,+75%,13,8,5,61.54%,1.38,2351.96,3175.01,1453.58,1067.25,-1237.2
30m_box,fixed_100,uncoupled,-20%,+50%,7,4,3,57.14%,2.15,2342.9,666.72,748.22,1095.57,-679.8
30m_box,fixed_200,uncoupled,-30%,+100%,9,5,4,55.56%,2.75,2331.99,378.6,919.29,732.5,-332.63
45m_box,dynamic_affordable,uncoupled,-15%,+30%,11,7,4,63.64%,1.74,2287.1,1552.84,1226.03,766.52,-769.63
30m_box,fixed_150,uncoupled,-15%,+30%,9,6,3,66.67%,3.53,2227.2,320.39,947.66,517.99,-293.57
30m_box,fixed_200,uncoupled,-25%,+50%,9,5,4,55.56%,2.92,2216.66,313.72,919.1,674.26,-288.66
15m_box,fixed_200,uncoupled,-25%,+30%,10,6,4,60.0%,3.29,2216.25,705.46,1030.46,530.69,-241.98
15m_box,fixed_200,uncoupled,-15%,+100%,10,5,5,50.0%,2.62,2191.58,507.73,1030.4,708.67,-270.36
30m_box,fixed_100,uncoupled,-20%,+100%,7,4,3,57.14%,2.07,2186.51,666.72,747.97,1056.47,-679.8
nr7,dynamic_affordable,uncoupled,-15%,+50%,3,2,1,66.67%,3.06,2109.37,0.0,348.0,1566.16,-1022.94
nr7,dynamic_affordable,uncoupled,-20%,+30%,3,2,1,66.67%,4.62,2107.17,0.0,348.0,1345.02,-582.86
15m_box,fixed_200,uncoupled,-15%,+50%,10,5,5,50.0%,2.61,2100.49,463.84,1030.26,681.68,-261.58
30m_box,fixed_100,uncoupled,-25%,+50%,7,4,3,57.14%,1.92,2094.45,666.72,747.83,1095.57,-762.61
30m_box,dynamic_affordable,uncoupled,-30%,+50%,13,8,5,61.54%,1.34,2084.97,2663.8,1453.17,1033.87,-1237.2
30m_box,fixed_200,uncoupled,-30%,+50%,9,5,4,55.56%,2.62,2084.67,378.6,918.89,674.26,-321.66
30m_box,dynamic_affordable,uncoupled,-25%,+30%,13,9,4,69.23%,1.5,2065.11,1793.32,1453.13,690.41,-1037.15
nr7,fixed_200,uncoupled,-15%,+75%,2,2,0,100.0%,99.0,2024.86,0.0,222.99,1012.43,0.0
nr7,fixed_200,uncoupled,-15%,+100%,2,2,0,100.0%,99.0,2024.86,0.0,222.99,1012.43,0.0
nr7,fixed_200,uncoupled,-20%,+75%,2,2,0,100.0%,99.0,2024.86,0.0,222.99,1012.43,0.0
nr7,fixed_200,uncoupled,-20%,+100%,2,2,0,100.0%,99.0,2024.86,0.0,222.99,1012.43,0.0
nr7,fixed_200,uncoupled,-25%,+75%,2,2,0,100.0%,99.0,2024.86,0.0,222.99,1012.43,0.0
nr7,fixed_200,uncoupled,-25%,+100%,2,2,0,100.0%,99.0,2024.86,0.0,222.99,1012.43,0.0
nr7,fixed_200,uncoupled,-30%,+75%,2,2,0,100.0%,99.0,2024.86,0.0,222.99,1012.43,0.0
nr7,fixed_200,uncoupled,-30%,+100%,2,2,0,100.0%,99.0,2024.86,0.0,222.99,1012.43,0.0
30m_box,fixed_150,uncoupled,-20%,+30%,9,6,3,66.67%,2.86,2021.01,406.52,947.33,517.99,-362.3
30m_box,fixed_100,uncoupled,-25%,+100%,7,4,3,57.14%,1.85,1938.06,666.72,747.58,1056.47,-762.61
45m_box,dynamic_affordable,uncoupled,-15%,+50%,11,7,4,63.64%,1.62,1923.11,1659.89,1225.45,714.52,-769.63
15m_box,dynamic_affordable,uncoupled,-30%,+50%,14,9,5,64.29%,1.28,1865.23,3139.91,1569.85,947.48,-1332.43
nr7,dynamic_affordable,uncoupled,-20%,+75%,3,2,1,66.67%,4.18,1853.58,0.0,347.59,1218.22,-582.86
nr7,dynamic_affordable,uncoupled,-20%,+100%,3,2,1,66.67%,4.18,1853.58,0.0,347.59,1218.22,-582.86
15m_box,fixed_150,uncoupled,-15%,+30%,10,7,3,70.0%,2.26,1815.06,528.06,1063.36,465.81,-481.87
nr7,fixed_200,uncoupled,-15%,+30%,2,2,0,100.0%,99.0,1811.04,0.0,222.65,905.52,0.0
nr7,fixed_200,uncoupled,-20%,+30%,2,2,0,100.0%,99.0,1811.04,0.0,222.65,905.52,0.0
nr7,fixed_200,uncoupled,-25%,+30%,2,2,0,100.0%,99.0,1811.04,0.0,222.65,905.52,0.0
nr7,fixed_200,uncoupled,-30%,+30%,2,2,0,100.0%,99.0,1811.04,0.0,222.65,905.52,0.0
30m_box,fixed_150,uncoupled,-25%,+30%,9,6,3,66.67%,2.35,1787.54,516.34,946.95,517.99,-440.13
15m_box,fixed_100,uncoupled,-15%,+30%,7,5,2,71.43%,2.5,1698.01,410.3,748.55,565.61,-565.02
nr7,dynamic_affordable,uncoupled,-15%,+30%,3,2,1,66.67%,2.63,1667.09,0.0,347.3,1345.02,-1022.94
30m_box,fixed_100,uncoupled,-30%,+75%,7,3,4,42.86%,1.51,1643.28,1918.72,747.11,1613.29,-799.15
45m_box,dynamic_affordable,uncoupled,-20%,+30%,11,7,4,63.64%,1.42,1584.89,1986.27,1224.92,766.52,-945.18
45m_box,dynamic_affordable,uncoupled,-15%,+75%,11,7,4,63.64%,1.51,1568.67,1659.89,1224.88,663.89,-769.63
45m_box,dynamic_affordable,uncoupled,-15%,+100%,11,7,4,63.64%,1.51,1568.67,1659.89,1224.88,663.89,-769.63
15m_box,fixed_100,uncoupled,-30%,+50%,7,4,3,57.14%,1.62,1490.44,1133.3,748.24,975.4,-803.73
15m_box,fixed_100,uncoupled,-20%,+30%,7,5,2,71.43%,2.06,1455.38,504.5,748.16,565.61,-686.34
nr7,dynamic_affordable,uncoupled,-15%,+75%,3,2,1,66.67%,2.38,1413.5,0.0,346.89,1218.22,-1022.94
nr7,dynamic_affordable,uncoupled,-15%,+100%,3,2,1,66.67%,2.38,1413.5,0.0,346.89,1218.22,-1022.94
nr7,dynamic_affordable,uncoupled,-25%,+50%,3,2,1,66.67%,1.82,1409.19,0.0,346.88,1566.16,-1723.12
nr7,dynamic_affordable,uncoupled,-30%,+50%,3,2,1,66.67%,1.82,1409.19,0.0,346.88,1566.16,-1723.12
30m_box,dynamic_affordable,uncoupled,-30%,+100%,13,8,5,61.54%,1.22,1358.9,3175.01,1452.0,943.12,-1237.2
30m_box,fixed_200,uncoupled,-15%,+30%,9,5,4,55.56%,2.75,1355.6,214.78,917.74,425.93,-193.52
45m_box,fixed_150,uncoupled,-15%,+75%,7,3,4,42.86%,2.48,1354.46,352.66,723.96,756.98,-229.12
15m_box,fixed_100,uncoupled,-30%,+75%,7,4,3,57.14%,1.55,1334.05,1133.3,747.99,936.31,-803.73
15m_box,fixed_100,uncoupled,-30%,+100%,7,4,3,57.14%,1.55,1334.05,1133.3,747.99,936.31,-803.73
30m_box,fixed_200,uncoupled,-20%,+30%,9,5,4,55.56%,2.42,1251.26,256.39,917.57,425.93,-219.6
45m_box,dynamic_affordable,uncoupled,-20%,+50%,11,7,4,63.64%,1.32,1220.9,2213.67,1224.34,714.52,-945.18
45m_box,fixed_150,uncoupled,-15%,+30%,7,4,3,57.14%,2.33,1173.8,352.66,723.68,513.63,-293.57
45m_box,dynamic_affordable,uncoupled,-25%,+50%,11,8,3,72.73%,1.3,1149.09,2099.68,1224.22,629.97,-1296.88
45m_box,fixed_150,uncoupled,-20%,+75%,7,3,4,42.86%,2.02,1148.27,438.79,723.63,756.98,-280.66
15m_box,dynamic_affordable,uncoupled,-30%,+75%,14,9,5,64.29%,1.17,1139.16,3651.12,1568.68,866.81,-1332.43
15m_box,dynamic_affordable,uncoupled,-30%,+100%,14,9,5,64.29%,1.17,1139.16,3651.12,1568.68,866.81,-1332.43
30m_box,fixed_100,uncoupled,-15%,+30%,7,4,3,57.14%,1.68,1106.14,497.1,746.24,683.32,-542.38
45m_box,fixed_150,uncoupled,-15%,+100%,7,3,4,42.86%,2.07,979.12,352.66,723.36,631.86,-229.12
45m_box,fixed_150,uncoupled,-20%,+30%,7,4,3,57.14%,1.89,967.61,438.79,723.35,513.63,-362.3
nr7,dynamic_affordable,uncoupled,-25%,+30%,3,2,1,66.67%,1.56,966.91,0.0,346.18,1345.02,-1723.12
nr7,dynamic_affordable,uncoupled,-30%,+30%,3,2,1,66.67%,1.56,966.91,0.0,346.18,1345.02,-1723.12
45m_box,fixed_150,uncoupled,-25%,+75%,7,3,4,42.86%,1.67,914.8,548.61,723.25,756.98,-339.03
30m_box,fixed_200,uncoupled,-25%,+30%,9,5,4,55.56%,1.7,878.1,313.72,916.98,425.93,-312.89
45m_box,fixed_150,uncoupled,-15%,+50%,7,3,4,42.86%,1.95,873.48,352.66,723.19,596.65,-229.12
45m_box,dynamic_affordable,uncoupled,-20%,+75%,11,7,4,63.64%,1.23,866.46,2213.67,1223.77,663.89,-945.18
45m_box,dynamic_affordable,uncoupled,-20%,+100%,11,7,4,63.64%,1.23,866.46,2213.67,1223.77,663.89,-945.18
45m_box,dynamic_affordable,uncoupled,-25%,+30%,11,7,4,63.64%,1.2,810.73,1793.32,1223.69,708.47,-1037.15
15m_box,fixed_200,uncoupled,-15%,+30%,10,5,5,50.0%,1.61,809.61,493.76,1028.22,429.49,-267.56
45m_box,fixed_150,uncoupled,-30%,+75%,7,4,3,57.14%,1.55,807.5,516.34,723.08,567.75,-487.84
30m_box,fixed_100,uncoupled,-30%,+50%,7,3,4,42.86%,1.25,806.61,1918.72,745.78,1334.4,-799.15
45m_box,dynamic_affordable,uncoupled,-25%,+75%,11,8,3,72.73%,1.2,794.65,2099.68,1223.65,585.66,-1296.88
45m_box,dynamic_affordable,uncoupled,-25%,+100%,11,8,3,72.73%,1.2,794.65,2099.68,1223.65,585.66,-1296.88
15m_box,fixed_100,uncoupled,-25%,+30%,7,4,3,57.14%,1.43,791.01,567.15,747.11,652.63,-606.51
45m_box,fixed_150,uncoupled,-20%,+100%,7,3,4,42.86%,1.69,772.93,438.79,723.03,631.86,-280.66
45m_box,fixed_150,uncoupled,-25%,+30%,7,4,3,57.14%,1.56,734.14,548.61,722.97,513.63,-440.13
nr7,dynamic_affordable,uncoupled,-25%,+75%,3,2,1,66.67%,1.41,713.32,0.0,345.77,1218.22,-1723.12
nr7,dynamic_affordable,uncoupled,-25%,+100%,3,2,1,66.67%,1.41,713.32,0.0,345.77,1218.22,-1723.12
nr7,dynamic_affordable,uncoupled,-30%,+75%,3,2,1,66.67%,1.41,713.32,0.0,345.77,1218.22,-1723.12
nr7,dynamic_affordable,uncoupled,-30%,+100%,3,2,1,66.67%,1.41,713.32,0.0,345.77,1218.22,-1723.12
45m_box,fixed_200,uncoupled,-15%,+30%,7,3,4,42.86%,1.92,708.78,280.31,703.0,494.28,-193.52
45m_box,fixed_200,uncoupled,-15%,+75%,7,3,4,42.86%,1.88,694.11,280.31,702.97,494.05,-197.01
30m_box,fixed_100,uncoupled,-20%,+30%,7,4,3,57.14%,1.34,693.89,666.72,745.58,683.32,-679.8
45m_box,fixed_150,uncoupled,-20%,+50%,7,3,4,42.86%,1.59,667.29,438.79,722.86,596.65,-280.66
30m_box,fixed_100,uncoupled,-30%,+100%,7,3,4,42.86%,1.2,650.22,1918.72,745.53,1282.27,-799.15
45m_box,fixed_200,uncoupled,-20%,+30%,7,3,4,42.86%,1.69,604.44,321.92,702.83,494.28,-219.6
45m_box,fixed_200,uncoupled,-20%,+75%,7,3,4,42.86%,1.66,589.77,321.92,702.8,494.05,-223.1
45m_box,fixed_150,uncoupled,-25%,+100%,7,3,4,42.86%,1.4,539.46,548.61,722.65,631.86,-339.03
45m_box,fixed_200,uncoupled,-15%,+100%,7,3,4,42.86%,1.67,526.17,280.31,702.7,438.07,-197.01
45m_box,fixed_200,uncoupled,-15%,+50%,7,3,4,42.86%,1.59,442.02,280.31,702.57,395.39,-186.04
45m_box,fixed_150,uncoupled,-25%,+50%,7,3,4,42.86%,1.32,433.82,548.61,722.48,596.65,-339.03
45m_box,fixed_150,uncoupled,-30%,+100%,7,4,3,57.14%,1.3,432.16,516.34,722.48,473.92,-487.84
45m_box,fixed_200,uncoupled,-20%,+100%,7,3,4,42.86%,1.47,421.83,321.92,702.53,438.07,-223.1
45m_box,fixed_200,uncoupled,-20%,+50%,7,3,4,42.86%,1.4,337.68,321.92,702.4,395.39,-212.12
45m_box,fixed_150,uncoupled,-30%,+50%,7,4,3,57.14%,1.22,326.52,516.34,722.31,447.51,-487.84
45m_box,fixed_200,uncoupled,-25%,+75%,7,3,4,42.86%,1.24,283.62,546.11,702.32,494.05,-299.63
45m_box,fixed_200,uncoupled,-25%,+30%,7,3,4,42.86%,1.18,231.28,546.11,702.24,494.28,-312.89
45m_box,fixed_200,uncoupled,-30%,+75%,7,3,4,42.86%,1.11,151.63,610.99,702.11,494.05,-332.63
15m_box,fixed_150,uncoupled,-30%,+30%,10,7,3,70.0%,1.05,137.77,2724.76,1060.7,408.93,-908.25
45m_box,fixed_200,uncoupled,-25%,+100%,7,3,4,42.86%,1.1,115.68,546.11,702.05,438.07,-299.63
15m_box,fixed_200,uncoupled,-30%,+30%,10,5,5,50.0%,1.02,44.92,2148.42,1027.0,491.16,-482.17
45m_box,fixed_200,uncoupled,-25%,+50%,7,3,4,42.86%,1.03,31.53,546.11,701.92,395.39,-288.66
30m_box,fixed_100,uncoupled,-25%,+30%,7,3,4,42.86%,1.01,29.52,666.72,744.53,838.59,-621.56
45m_box,fixed_200,uncoupled,-30%,+100%,7,3,4,42.86%,0.99,-16.31,610.99,701.84,438.07,-332.63
45m_box,fixed_100,uncoupled,-15%,+50%,6,3,3,50.0%,0.98,-37.35,907.4,631.25,529.93,-542.38
45m_box,fixed_100,uncoupled,-15%,+75%,6,3,3,50.0%,0.97,-52.13,907.4,631.22,525.0,-542.38
45m_box,fixed_100,uncoupled,-15%,+100%,6,3,3,50.0%,0.97,-52.13,907.4,631.22,525.0,-542.38
45m_box,fixed_200,uncoupled,-30%,+50%,7,3,4,42.86%,0.92,-100.46,610.99,701.71,395.39,-321.66
45m_box,fixed_100,uncoupled,-15%,+30%,6,3,3,50.0%,0.88,-193.0,907.4,630.99,478.05,-542.38
15m_box,fixed_100,uncoupled,-30%,+30%,7,3,4,42.86%,0.86,-378.13,1331.7,745.25,743.82,-652.4
45m_box,fixed_100,uncoupled,-20%,+50%,6,3,3,50.0%,0.78,-449.6,1171.22,630.59,529.93,-679.8
45m_box,fixed_100,uncoupled,-20%,+75%,6,3,3,50.0%,0.77,-464.38,1171.22,630.56,525.0,-679.8
45m_box,fixed_100,uncoupled,-20%,+100%,6,3,3,50.0%,0.77,-464.38,1171.22,630.56,525.0,-679.8
45m_box,fixed_100,uncoupled,-20%,+30%,6,3,3,50.0%,0.7,-605.25,1171.22,630.33,478.05,-679.8
45m_box,fixed_100,uncoupled,-25%,+50%,6,3,3,50.0%,0.69,-698.05,1233.87,630.2,529.93,-762.61
45m_box,fixed_100,uncoupled,-25%,+75%,6,3,3,50.0%,0.69,-712.83,1233.87,630.17,525.0,-762.61
45m_box,fixed_100,uncoupled,-25%,+100%,6,3,3,50.0%,0.69,-712.83,1233.87,630.17,525.0,-762.61
45m_box,fixed_200,uncoupled,-30%,+30%,7,2,5,28.57%,0.29,-1117.34,662.88,700.09,223.41,-312.83
30m_box,fixed_150,uncoupled,-30%,+30%,9,5,4,55.56%,0.64,-1156.44,1985.27,942.27,416.93,-810.28
30m_box,fixed_100,uncoupled,-30%,+30%,7,2,5,28.57%,0.63,-1258.32,2117.12,742.48,1068.34,-679.0
45m_box,fixed_100,uncoupled,-25%,+30%,6,2,4,33.33%,0.49,-1269.62,1233.87,629.28,608.31,-621.56
45m_box,fixed_150,uncoupled,-30%,+30%,7,3,4,42.86%,0.24,-1353.37,533.46,719.64,145.31,-447.32
30m_box,fixed_200,uncoupled,-30%,+30%,9,4,5,44.44%,0.51,-1358.11,1625.74,913.42,350.33,-551.88
45m_box,fixed_100,coupled,-30%,+30%,6,2,4,33.33%,0.72,-1585.75,2484.92,628.78,2063.58,-1428.23
45m_box,fixed_100,coupled,-30%,+50%,6,2,4,33.33%,0.72,-1585.75,2484.92,628.78,2063.58,-1428.23
45m_box,fixed_100,coupled,-30%,+75%,6,2,4,33.33%,0.72,-1585.75,2484.92,628.78,2063.58,-1428.23
45m_box,fixed_100,coupled,-30%,+100%,6,2,4,33.33%,0.72,-1585.75,2484.92,628.78,2063.58,-1428.23
45m_box,dynamic_affordable,uncoupled,-30%,+50%,11,6,5,54.55%,0.73,-1660.21,4666.84,1219.75,754.3,-1237.2
45m_box,fixed_100,uncoupled,-30%,+50%,6,2,4,33.33%,0.38,-1985.89,1969.72,628.15,605.35,-799.15
45m_box,fixed_100,uncoupled,-30%,+75%,6,2,4,33.33%,0.37,-2000.67,1969.72,628.12,597.96,-799.15
45m_box,fixed_100,uncoupled,-30%,+100%,6,2,4,33.33%,0.37,-2000.67,1969.72,628.12,597.96,-799.15
45m_box,dynamic_affordable,uncoupled,-30%,+75%,11,6,5,54.55%,0.67,-2014.65,4666.84,1219.18,695.23,-1237.2
45m_box,dynamic_affordable,uncoupled,-30%,+100%,11,6,5,54.55%,0.67,-2014.65,4666.84,1219.18,695.23,-1237.2
nr7,fixed_200,coupled,-15%,+30%,2,0,2,0.0%,0.0,-2451.96,1210.66,215.85,0.0,-1225.98
nr7,fixed_200,coupled,-15%,+50%,2,0,2,0.0%,0.0,-2451.96,1210.66,215.85,0.0,-1225.98
nr7,fixed_200,coupled,-15%,+75%,2,0,2,0.0%,0.0,-2451.96,1210.66,215.85,0.0,-1225.98
nr7,fixed_200,coupled,-15%,+100%,2,0,2,0.0%,0.0,-2451.96,1210.66,215.85,0.0,-1225.98
45m_box,fixed_200,coupled,-15%,+30%,7,1,6,14.29%,0.11,-3031.89,2677.94,697.04,371.76,-567.28
45m_box,fixed_100,uncoupled,-30%,+30%,6,1,5,16.67%,0.09,-3102.61,2168.12,626.36,292.39,-679.0
nr7,fixed_150,coupled,-15%,+30%,2,0,2,0.0%,0.0,-3187.06,1556.65,224.0,0.0,-1593.53
nr7,fixed_150,coupled,-15%,+50%,2,0,2,0.0%,0.0,-3187.06,1556.65,224.0,0.0,-1593.53
nr7,fixed_150,coupled,-15%,+75%,2,0,2,0.0%,0.0,-3187.06,1556.65,224.0,0.0,-1593.53
nr7,fixed_150,coupled,-15%,+100%,2,0,2,0.0%,0.0,-3187.06,1556.65,224.0,0.0,-1593.53
nr7,fixed_200,coupled,-20%,+30%,2,0,2,0.0%,0.0,-3193.78,1542.23,214.68,0.0,-1596.89
nr7,fixed_200,coupled,-20%,+50%,2,0,2,0.0%,0.0,-3193.78,1542.23,214.68,0.0,-1596.89
nr7,fixed_200,coupled,-20%,+75%,2,0,2,0.0%,0.0,-3193.78,1542.23,214.68,0.0,-1596.89
nr7,fixed_200,coupled,-20%,+100%,2,0,2,0.0%,0.0,-3193.78,1542.23,214.68,0.0,-1596.89
45m_box,fixed_200,coupled,-15%,+50%,7,1,6,14.29%,0.06,-3199.89,2677.94,696.78,203.76,-567.28
45m_box,fixed_200,coupled,-15%,+75%,7,1,6,14.29%,0.06,-3199.89,2677.94,696.78,203.76,-567.28
45m_box,fixed_200,coupled,-15%,+100%,7,1,6,14.29%,0.06,-3199.89,2677.94,696.78,203.76,-567.28
15m_box,dynamic_affordable,uncoupled,-30%,+30%,14,8,6,57.14%,0.55,-3715.56,6530.56,1560.96,576.04,-1387.31
45m_box,fixed_200,coupled,-20%,+30%,7,1,6,14.29%,0.09,-3822.13,3270.82,695.78,371.76,-698.98
30m_box,fixed_200,coupled,-15%,+30%,9,2,7,22.22%,0.16,-3855.87,3432.88,909.44,357.64,-653.02
30m_box,dynamic_affordable,uncoupled,-30%,+30%,13,7,6,53.85%,0.51,-3867.53,6054.45,1443.69,568.61,-1307.96
45m_box,fixed_150,coupled,-15%,+30%,7,1,6,14.29%,0.14,-3934.51,3593.76,715.53,661.11,-765.94
45m_box,dynamic_affordable,uncoupled,-30%,+30%,11,5,6,45.45%,0.38,-3939.85,5301.63,1216.12,491.22,-1065.99
45m_box,fixed_200,coupled,-20%,+50%,7,1,6,14.29%,0.05,-3990.13,3270.82,695.52,203.76,-698.98
45m_box,fixed_200,coupled,-20%,+75%,7,1,6,14.29%,0.05,-3990.13,3270.82,695.52,203.76,-698.98
45m_box,fixed_200,coupled,-20%,+100%,7,1,6,14.29%,0.05,-3990.13,3270.82,695.52,203.76,-698.98
30m_box,fixed_200,coupled,-15%,+50%,9,2,7,22.22%,0.12,-4023.87,3432.88,909.18,273.64,-653.02
30m_box,fixed_200,coupled,-15%,+75%,9,2,7,22.22%,0.12,-4023.87,3432.88,909.18,273.64,-653.02
30m_box,fixed_200,coupled,-15%,+100%,9,2,7,22.22%,0.12,-4023.87,3432.88,909.18,273.64,-653.02
nr7,fixed_200,coupled,-25%,+30%,2,0,2,0.0%,0.0,-4180.59,1885.76,213.11,0.0,-2090.3
nr7,fixed_200,coupled,-25%,+50%,2,0,2,0.0%,0.0,-4180.59,1885.76,213.11,0.0,-2090.3
nr7,fixed_200,coupled,-25%,+75%,2,0,2,0.0%,0.0,-4180.59,1885.76,213.11,0.0,-2090.3
nr7,fixed_200,coupled,-25%,+100%,2,0,2,0.0%,0.0,-4180.59,1885.76,213.11,0.0,-2090.3
45m_box,fixed_150,coupled,-15%,+50%,7,1,6,14.29%,0.07,-4277.04,3593.76,714.98,318.58,-765.94
45m_box,fixed_150,coupled,-15%,+75%,7,1,6,14.29%,0.07,-4277.04,3593.76,714.98,318.58,-765.94
45m_box,fixed_150,coupled,-15%,+100%,7,1,6,14.29%,0.07,-4277.04,3593.76,714.98,318.58,-765.94
45m_box,fixed_100,coupled,-15%,+30%,6,1,5,16.67%,0.06,-4313.45,3212.07,624.44,256.44,-913.98
45m_box,fixed_100,coupled,-15%,+50%,6,1,5,16.67%,0.06,-4313.45,3212.07,624.44,256.44,-913.98
45m_box,fixed_100,coupled,-15%,+75%,6,1,5,16.67%,0.06,-4313.45,3212.07,624.44,256.44,-913.98
45m_box,fixed_100,coupled,-15%,+100%,6,1,5,16.67%,0.06,-4313.45,3212.07,624.44,256.44,-913.98
30m_box,fixed_100,coupled,-30%,+30%,7,2,5,28.57%,0.47,-4443.26,5219.35,737.42,2002.04,-1689.47
30m_box,fixed_100,coupled,-30%,+50%,7,2,5,28.57%,0.47,-4443.26,5219.35,737.42,2002.04,-1689.47
30m_box,fixed_100,coupled,-30%,+75%,7,2,5,28.57%,0.47,-4443.26,5219.35,737.42,2002.04,-1689.47
30m_box,fixed_100,coupled,-30%,+100%,7,2,5,28.57%,0.47,-4443.26,5219.35,737.42,2002.04,-1689.47
nr7,fixed_150,coupled,-20%,+30%,2,0,2,0.0%,0.0,-4542.41,1976.56,221.84,0.0,-2271.2
nr7,fixed_150,coupled,-20%,+50%,2,0,2,0.0%,0.0,-4542.41,1976.56,221.84,0.0,-2271.2
nr7,fixed_150,coupled,-20%,+75%,2,0,2,0.0%,0.0,-4542.41,1976.56,221.84,0.0,-2271.2
nr7,fixed_150,coupled,-20%,+100%,2,0,2,0.0%,0.0,-4542.41,1976.56,221.84,0.0,-2271.2
nr7,fixed_200,coupled,-30%,+30%,2,0,2,0.0%,0.0,-4623.12,2328.29,212.4,0.0,-2311.56
nr7,fixed_200,coupled,-30%,+50%,2,0,2,0.0%,0.0,-4623.12,2328.29,212.4,0.0,-2311.56
nr7,fixed_200,coupled,-30%,+75%,2,0,2,0.0%,0.0,-4623.12,2328.29,212.4,0.0,-2311.56
nr7,fixed_200,coupled,-30%,+100%,2,0,2,0.0%,0.0,-4623.12,2328.29,212.4,0.0,-2311.56
15m_box,fixed_100,coupled,-30%,+30%,7,2,5,28.57%,0.46,-4720.38,5496.47,738.35,2002.04,-1744.89
15m_box,fixed_100,coupled,-30%,+50%,7,2,5,28.57%,0.46,-4720.38,5496.47,738.35,2002.04,-1744.89
15m_box,fixed_100,coupled,-30%,+75%,7,2,5,28.57%,0.46,-4720.38,5496.47,738.35,2002.04,-1744.89
15m_box,fixed_100,coupled,-30%,+100%,7,2,5,28.57%,0.46,-4720.38,5496.47,738.35,2002.04,-1744.89
nr7,dynamic_affordable,coupled,-15%,+30%,3,0,3,0.0%,0.0,-4811.08,3187.06,336.97,0.0,-1603.69
nr7,dynamic_affordable,coupled,-15%,+50%,3,0,3,0.0%,0.0,-4811.08,3187.06,336.97,0.0,-1603.69
nr7,dynamic_affordable,coupled,-15%,+75%,3,0,3,0.0%,0.0,-4811.08,3187.06,336.97,0.0,-1603.69
nr7,dynamic_affordable,coupled,-15%,+100%,3,0,3,0.0%,0.0,-4811.08,3187.06,336.97,0.0,-1603.69
45m_box,fixed_200,coupled,-25%,+30%,7,1,6,14.29%,0.07,-4961.03,4222.21,693.96,371.76,-888.8
30m_box,fixed_200,coupled,-20%,+30%,9,2,7,22.22%,0.12,-5019.07,4398.72,907.58,357.64,-819.19
45m_box,fixed_200,coupled,-25%,+50%,7,1,6,14.29%,0.04,-5129.03,4222.21,693.7,203.76,-888.8
45m_box,fixed_200,coupled,-25%,+75%,7,1,6,14.29%,0.04,-5129.03,4222.21,693.7,203.76,-888.8
45m_box,fixed_200,coupled,-25%,+100%,7,1,6,14.29%,0.04,-5129.03,4222.21,693.7,203.76,-888.8
nr7,fixed_150,coupled,-25%,+30%,2,0,2,0.0%,0.0,-5181.89,2616.04,220.82,0.0,-2590.94
nr7,fixed_150,coupled,-25%,+50%,2,0,2,0.0%,0.0,-5181.89,2616.04,220.82,0.0,-2590.94
nr7,fixed_150,coupled,-25%,+75%,2,0,2,0.0%,0.0,-5181.89,2616.04,220.82,0.0,-2590.94
nr7,fixed_150,coupled,-25%,+100%,2,0,2,0.0%,0.0,-5181.89,2616.04,220.82,0.0,-2590.94
nr7,fixed_150,coupled,-30%,+30%,2,0,2,0.0%,0.0,-5181.89,2616.04,220.82,0.0,-2590.94
nr7,fixed_150,coupled,-30%,+50%,2,0,2,0.0%,0.0,-5181.89,2616.04,220.82,0.0,-2590.94
nr7,fixed_150,coupled,-30%,+75%,2,0,2,0.0%,0.0,-5181.89,2616.04,220.82,0.0,-2590.94
nr7,fixed_150,coupled,-30%,+100%,2,0,2,0.0%,0.0,-5181.89,2616.04,220.82,0.0,-2590.94
30m_box,fixed_200,coupled,-20%,+50%,9,2,7,22.22%,0.1,-5187.07,4398.72,907.32,273.64,-819.19
30m_box,fixed_200,coupled,-20%,+75%,9,2,7,22.22%,0.1,-5187.07,4398.72,907.32,273.64,-819.19
30m_box,fixed_200,coupled,-20%,+100%,9,2,7,22.22%,0.1,-5187.07,4398.72,907.32,273.64,-819.19
15m_box,fixed_200,coupled,-15%,+30%,10,2,8,20.0%,0.11,-5211.83,4254.63,1018.64,337.76,-735.92
45m_box,fixed_150,coupled,-20%,+30%,7,1,6,14.29%,0.11,-5300.54,4685.85,713.37,661.11,-993.61
15m_box,fixed_200,coupled,-15%,+50%,10,2,8,20.0%,0.09,-5379.83,4254.63,1018.38,253.76,-735.92
15m_box,fixed_200,coupled,-15%,+75%,10,2,8,20.0%,0.09,-5379.83,4254.63,1018.38,253.76,-735.92
15m_box,fixed_200,coupled,-15%,+100%,10,2,8,20.0%,0.09,-5379.83,4254.63,1018.38,253.76,-735.92
45m_box,fixed_200,coupled,-30%,+30%,7,1,6,14.29%,0.06,-5444.65,4512.66,693.18,371.76,-969.4
45m_box,fixed_100,coupled,-20%,+30%,6,1,5,16.67%,0.04,-5539.39,4049.5,622.49,256.44,-1159.17
45m_box,fixed_100,coupled,-20%,+50%,6,1,5,16.67%,0.04,-5539.39,4049.5,622.49,256.44,-1159.17
45m_box,fixed_100,coupled,-20%,+75%,6,1,5,16.67%,0.04,-5539.39,4049.5,622.49,256.44,-1159.17
45m_box,fixed_100,coupled,-20%,+100%,6,1,5,16.67%,0.04,-5539.39,4049.5,622.49,256.44,-1159.17
45m_box,fixed_200,coupled,-30%,+50%,7,1,6,14.29%,0.04,-5612.65,4512.66,692.92,203.76,-969.4
45m_box,fixed_200,coupled,-30%,+75%,7,1,6,14.29%,0.04,-5612.65,4512.66,692.92,203.76,-969.4
45m_box,fixed_200,coupled,-30%,+100%,7,1,6,14.29%,0.04,-5612.65,4512.66,692.92,203.76,-969.4
30m_box,fixed_150,coupled,-15%,+30%,9,2,7,22.22%,0.1,-5636.4,4857.06,935.13,299.35,-890.73
30m_box,fixed_150,coupled,-15%,+50%,9,2,7,22.22%,0.1,-5636.4,4857.06,935.13,299.35,-890.73
30m_box,fixed_150,coupled,-15%,+75%,9,2,7,22.22%,0.1,-5636.4,4857.06,935.13,299.35,-890.73
30m_box,fixed_150,coupled,-15%,+100%,9,2,7,22.22%,0.1,-5636.4,4857.06,935.13,299.35,-890.73
45m_box,fixed_150,coupled,-20%,+50%,7,1,6,14.29%,0.05,-5643.07,4685.85,712.82,318.58,-993.61
45m_box,fixed_150,coupled,-20%,+75%,7,1,6,14.29%,0.05,-5643.07,4685.85,712.82,318.58,-993.61
45m_box,fixed_150,coupled,-20%,+100%,7,1,6,14.29%,0.05,-5643.07,4685.85,712.82,318.58,-993.61
30m_box,fixed_100,coupled,-15%,+30%,7,1,6,14.29%,0.02,-5866.03,4641.57,735.16,133.36,-999.9
30m_box,fixed_100,coupled,-15%,+50%,7,1,6,14.29%,0.02,-5866.03,4641.57,735.16,133.36,-999.9
30m_box,fixed_100,coupled,-15%,+75%,7,1,6,14.29%,0.02,-5866.03,4641.57,735.16,133.36,-999.9
30m_box,fixed_100,coupled,-15%,+100%,7,1,6,14.29%,0.02,-5866.03,4641.57,735.16,133.36,-999.9
15m_box,fixed_100,coupled,-15%,+30%,7,1,6,14.29%,0.02,-6002.53,4778.07,736.31,133.36,-1022.65
15m_box,fixed_100,coupled,-15%,+50%,7,1,6,14.29%,0.02,-6002.53,4778.07,736.31,133.36,-1022.65
15m_box,fixed_100,coupled,-15%,+75%,7,1,6,14.29%,0.02,-6002.53,4778.07,736.31,133.36,-1022.65
15m_box,fixed_100,coupled,-15%,+100%,7,1,6,14.29%,0.02,-6002.53,4778.07,736.31,133.36,-1022.65
30m_box,fixed_200,coupled,-25%,+30%,9,2,7,22.22%,0.1,-6246.38,5438.52,905.63,357.64,-994.52
nr7,dynamic_affordable,coupled,-20%,+30%,3,0,3,0.0%,0.0,-6265.53,4542.41,334.65,0.0,-2088.51
nr7,dynamic_affordable,coupled,-20%,+50%,3,0,3,0.0%,0.0,-6265.53,4542.41,334.65,0.0,-2088.51
nr7,dynamic_affordable,coupled,-20%,+75%,3,0,3,0.0%,0.0,-6265.53,4542.41,334.65,0.0,-2088.51
nr7,dynamic_affordable,coupled,-20%,+100%,3,0,3,0.0%,0.0,-6265.53,4542.41,334.65,0.0,-2088.51
30m_box,fixed_200,coupled,-25%,+50%,9,2,7,22.22%,0.08,-6414.38,5438.52,905.37,273.64,-994.52
30m_box,fixed_200,coupled,-25%,+75%,9,2,7,22.22%,0.08,-6414.38,5438.52,905.37,273.64,-994.52
30m_box,fixed_200,coupled,-25%,+100%,9,2,7,22.22%,0.08,-6414.38,5438.52,905.37,273.64,-994.52
45m_box,fixed_150,coupled,-25%,+30%,7,1,6,14.29%,0.09,-6471.14,5573.05,711.5,661.11,-1188.71
15m_box,fixed_200,coupled,-20%,+30%,10,2,8,20.0%,0.09,-6781.23,5435.35,1016.13,337.76,-932.09
45m_box,fixed_100,coupled,-25%,+30%,6,1,5,16.67%,0.04,-6784.31,4902.0,620.5,256.44,-1408.15
45m_box,fixed_100,coupled,-25%,+50%,6,1,5,16.67%,0.04,-6784.31,4902.0,620.5,256.44,-1408.15
45m_box,fixed_100,coupled,-25%,+75%,6,1,5,16.67%,0.04,-6784.31,4902.0,620.5,256.44,-1408.15
45m_box,fixed_100,coupled,-25%,+100%,6,1,5,16.67%,0.04,-6784.31,4902.0,620.5,256.44,-1408.15
45m_box,fixed_150,coupled,-25%,+50%,7,1,6,14.29%,0.04,-6813.67,5573.05,710.95,318.58,-1188.71
45m_box,fixed_150,coupled,-25%,+75%,7,1,6,14.29%,0.04,-6813.67,5573.05,710.95,318.58,-1188.71
45m_box,fixed_150,coupled,-25%,+100%,7,1,6,14.29%,0.04,-6813.67,5573.05,710.95,318.58,-1188.71
nr7,dynamic_affordable,coupled,-25%,+30%,3,0,3,0.0%,0.0,-6905.01,5181.89,333.63,0.0,-2301.67
nr7,dynamic_affordable,coupled,-25%,+50%,3,0,3,0.0%,0.0,-6905.01,5181.89,333.63,0.0,-2301.67
nr7,dynamic_affordable,coupled,-25%,+75%,3,0,3,0.0%,0.0,-6905.01,5181.89,333.63,0.0,-2301.67
nr7,dynamic_affordable,coupled,-25%,+100%,3,0,3,0.0%,0.0,-6905.01,5181.89,333.63,0.0,-2301.67
nr7,dynamic_affordable,coupled,-30%,+30%,3,0,3,0.0%,0.0,-6905.01,5181.89,333.63,0.0,-2301.67
nr7,dynamic_affordable,coupled,-30%,+50%,3,0,3,0.0%,0.0,-6905.01,5181.89,333.63,0.0,-2301.67
nr7,dynamic_affordable,coupled,-30%,+75%,3,0,3,0.0%,0.0,-6905.01,5181.89,333.63,0.0,-2301.67
nr7,dynamic_affordable,coupled,-30%,+100%,3,0,3,0.0%,0.0,-6905.01,5181.89,333.63,0.0,-2301.67
15m_box,fixed_200,coupled,-20%,+50%,10,2,8,20.0%,0.07,-6949.23,5435.35,1015.87,253.76,-932.09
15m_box,fixed_200,coupled,-20%,+75%,10,2,8,20.0%,0.07,-6949.23,5435.35,1015.87,253.76,-932.09
15m_box,fixed_200,coupled,-20%,+100%,10,2,8,20.0%,0.07,-6949.23,5435.35,1015.87,253.76,-932.09
45m_box,fixed_150,coupled,-30%,+30%,7,1,6,14.29%,0.08,-7296.39,6120.98,710.18,661.11,-1326.25
30m_box,fixed_150,coupled,-20%,+30%,9,2,7,22.22%,0.08,-7345.73,6292.45,932.42,299.35,-1134.92
30m_box,fixed_150,coupled,-20%,+50%,9,2,7,22.22%,0.08,-7345.73,6292.45,932.42,299.35,-1134.92
30m_box,fixed_150,coupled,-20%,+75%,9,2,7,22.22%,0.08,-7345.73,6292.45,932.42,299.35,-1134.92
30m_box,fixed_150,coupled,-20%,+100%,9,2,7,22.22%,0.08,-7345.73,6292.45,932.42,299.35,-1134.92
15m_box,fixed_150,coupled,-15%,+30%,10,2,8,20.0%,0.07,-7351.78,5969.47,1048.76,276.46,-988.09
15m_box,fixed_150,coupled,-15%,+50%,10,2,8,20.0%,0.07,-7351.78,5969.47,1048.76,276.46,-988.09
15m_box,fixed_150,coupled,-15%,+75%,10,2,8,20.0%,0.07,-7351.78,5969.47,1048.76,276.46,-988.09
15m_box,fixed_150,coupled,-15%,+100%,10,2,8,20.0%,0.07,-7351.78,5969.47,1048.76,276.46,-988.09
30m_box,fixed_200,coupled,-30%,+30%,9,2,7,22.22%,0.09,-7427.76,6426.73,903.74,357.64,-1163.29
30m_box,fixed_200,coupled,-30%,+50%,9,2,7,22.22%,0.07,-7595.76,6426.73,903.48,273.64,-1163.29
30m_box,fixed_200,coupled,-30%,+75%,9,2,7,22.22%,0.07,-7595.76,6426.73,903.48,273.64,-1163.29
30m_box,fixed_200,coupled,-30%,+100%,9,2,7,22.22%,0.07,-7595.76,6426.73,903.48,273.64,-1163.29
30m_box,fixed_100,coupled,-20%,+30%,7,1,6,14.29%,0.02,-7595.85,5982.88,732.4,133.36,-1288.2
30m_box,fixed_100,coupled,-20%,+50%,7,1,6,14.29%,0.02,-7595.85,5982.88,732.4,133.36,-1288.2
30m_box,fixed_100,coupled,-20%,+75%,7,1,6,14.29%,0.02,-7595.85,5982.88,732.4,133.36,-1288.2
30m_box,fixed_100,coupled,-20%,+100%,7,1,6,14.29%,0.02,-7595.85,5982.88,732.4,133.36,-1288.2
45m_box,fixed_150,coupled,-30%,+50%,7,1,6,14.29%,0.04,-7638.92,6120.98,709.63,318.58,-1326.25
45m_box,fixed_150,coupled,-30%,+75%,7,1,6,14.29%,0.04,-7638.92,6120.98,709.63,318.58,-1326.25
45m_box,fixed_150,coupled,-30%,+100%,7,1,6,14.29%,0.04,-7638.92,6120.98,709.63,318.58,-1326.25
15m_box,fixed_100,coupled,-20%,+30%,7,1,6,14.29%,0.02,-7670.74,6057.77,733.65,133.36,-1300.68
15m_box,fixed_100,coupled,-20%,+50%,7,1,6,14.29%,0.02,-7670.74,6057.77,733.65,133.36,-1300.68
15m_box,fixed_100,coupled,-20%,+75%,7,1,6,14.29%,0.02,-7670.74,6057.77,733.65,133.36,-1300.68
15m_box,fixed_100,coupled,-20%,+100%,7,1,6,14.29%,0.02,-7670.74,6057.77,733.65,133.36,-1300.68
15m_box,fixed_200,coupled,-25%,+30%,10,2,8,20.0%,0.07,-8365.88,6673.75,1013.62,337.76,-1130.17
15m_box,fixed_200,coupled,-25%,+50%,10,2,8,20.0%,0.06,-8533.88,6673.75,1013.36,253.76,-1130.17
15m_box,fixed_200,coupled,-25%,+75%,10,2,8,20.0%,0.06,-8533.88,6673.75,1013.36,253.76,-1130.17
15m_box,fixed_200,coupled,-25%,+100%,10,2,8,20.0%,0.06,-8533.88,6673.75,1013.36,253.76,-1130.17
30m_box,fixed_150,coupled,-25%,+30%,9,2,7,22.22%,0.06,-9058.36,7721.68,929.69,299.35,-1379.58
30m_box,fixed_150,coupled,-25%,+50%,9,2,7,22.22%,0.06,-9058.36,7721.68,929.69,299.35,-1379.58
30m_box,fixed_150,coupled,-25%,+75%,9,2,7,22.22%,0.06,-9058.36,7721.68,929.69,299.35,-1379.58
30m_box,fixed_150,coupled,-25%,+100%,9,2,7,22.22%,0.06,-9058.36,7721.68,929.69,299.35,-1379.58
30m_box,fixed_100,coupled,-25%,+30%,7,1,6,14.29%,0.01,-9214.22,7208.83,729.82,133.36,-1557.93
30m_box,fixed_100,coupled,-25%,+50%,7,1,6,14.29%,0.01,-9214.22,7208.83,729.82,133.36,-1557.93
30m_box,fixed_100,coupled,-25%,+75%,7,1,6,14.29%,0.01,-9214.22,7208.83,729.82,133.36,-1557.93
30m_box,fixed_100,coupled,-25%,+100%,7,1,6,14.29%,0.01,-9214.22,7208.83,729.82,133.36,-1557.93
15m_box,fixed_100,coupled,-25%,+30%,7,1,6,14.29%,0.01,-9378.52,7373.13,730.92,133.36,-1585.31
15m_box,fixed_100,coupled,-25%,+50%,7,1,6,14.29%,0.01,-9378.52,7373.13,730.92,133.36,-1585.31
15m_box,fixed_100,coupled,-25%,+75%,7,1,6,14.29%,0.01,-9378.52,7373.13,730.92,133.36,-1585.31
15m_box,fixed_100,coupled,-25%,+100%,7,1,6,14.29%,0.01,-9378.52,7373.13,730.92,133.36,-1585.31
15m_box,fixed_150,coupled,-20%,+30%,10,2,8,20.0%,0.05,-9590.1,7721.55,1045.2,276.46,-1267.88
15m_box,fixed_150,coupled,-20%,+50%,10,2,8,20.0%,0.05,-9590.1,7721.55,1045.2,276.46,-1267.88
15m_box,fixed_150,coupled,-20%,+75%,10,2,8,20.0%,0.05,-9590.1,7721.55,1045.2,276.46,-1267.88
15m_box,fixed_150,coupled,-20%,+100%,10,2,8,20.0%,0.05,-9590.1,7721.55,1045.2,276.46,-1267.88
15m_box,fixed_200,coupled,-30%,+30%,10,2,8,20.0%,0.06,-9932.12,7876.63,1011.11,337.76,-1325.95
15m_box,fixed_200,coupled,-30%,+50%,10,2,8,20.0%,0.05,-10100.12,7876.63,1010.85,253.76,-1325.95
15m_box,fixed_200,coupled,-30%,+75%,10,2,8,20.0%,0.05,-10100.12,7876.63,1010.85,253.76,-1325.95
15m_box,fixed_200,coupled,-30%,+100%,10,2,8,20.0%,0.05,-10100.12,7876.63,1010.85,253.76,-1325.95
30m_box,fixed_150,coupled,-30%,+30%,9,2,7,22.22%,0.05,-10354.74,8740.74,927.62,299.35,-1564.78
30m_box,fixed_150,coupled,-30%,+50%,9,2,7,22.22%,0.05,-10354.74,8740.74,927.62,299.35,-1564.78
30m_box,fixed_150,coupled,-30%,+75%,9,2,7,22.22%,0.05,-10354.74,8740.74,927.62,299.35,-1564.78
30m_box,fixed_150,coupled,-30%,+100%,9,2,7,22.22%,0.05,-10354.74,8740.74,927.62,299.35,-1564.78
15m_box,fixed_150,coupled,-25%,+30%,10,2,8,20.0%,0.04,-11772.12,9454.06,1041.72,276.46,-1540.63
15m_box,fixed_150,coupled,-25%,+50%,10,2,8,20.0%,0.04,-11772.12,9454.06,1041.72,276.46,-1540.63
15m_box,fixed_150,coupled,-25%,+75%,10,2,8,20.0%,0.04,-11772.12,9454.06,1041.72,276.46,-1540.63
15m_box,fixed_150,coupled,-25%,+100%,10,2,8,20.0%,0.04,-11772.12,9454.06,1041.72,276.46,-1540.63
45m_box,dynamic_affordable,coupled,-15%,+30%,11,0,11,0.0%,0.0,-13467.67,12206.88,1200.96,0.0,-1224.33
45m_box,dynamic_affordable,coupled,-15%,+50%,11,0,11,0.0%,0.0,-13467.67,12206.88,1200.96,0.0,-1224.33
45m_box,dynamic_affordable,coupled,-15%,+75%,11,0,11,0.0%,0.0,-13467.67,12206.88,1200.96,0.0,-1224.33
45m_box,dynamic_affordable,coupled,-15%,+100%,11,0,11,0.0%,0.0,-13467.67,12206.88,1200.96,0.0,-1224.33
15m_box,fixed_150,coupled,-30%,+30%,10,2,8,20.0%,0.04,-13467.9,10766.75,1039.02,276.46,-1752.6
15m_box,fixed_150,coupled,-30%,+50%,10,2,8,20.0%,0.04,-13467.9,10766.75,1039.02,276.46,-1752.6
15m_box,fixed_150,coupled,-30%,+75%,10,2,8,20.0%,0.04,-13467.9,10766.75,1039.02,276.46,-1752.6
15m_box,fixed_150,coupled,-30%,+100%,10,2,8,20.0%,0.04,-13467.9,10766.75,1039.02,276.46,-1752.6
45m_box,dynamic_affordable,coupled,-30%,+30%,11,1,10,9.09%,0.22,-13877.57,12616.78,1200.3,3870.72,-1774.83
45m_box,dynamic_affordable,coupled,-30%,+50%,11,1,10,9.09%,0.22,-13877.57,12616.78,1200.3,3870.72,-1774.83
45m_box,dynamic_affordable,coupled,-30%,+75%,11,1,10,9.09%,0.22,-13877.57,12616.78,1200.3,3870.72,-1774.83
45m_box,dynamic_affordable,coupled,-30%,+100%,11,1,10,9.09%,0.22,-13877.57,12616.78,1200.3,3870.72,-1774.83
45m_box,dynamic_affordable,coupled,-20%,+30%,11,0,11,0.0%,0.0,-16123.1,14862.31,1196.72,0.0,-1465.74
45m_box,dynamic_affordable,coupled,-20%,+50%,11,0,11,0.0%,0.0,-16123.1,14862.31,1196.72,0.0,-1465.74
45m_box,dynamic_affordable,coupled,-20%,+75%,11,0,11,0.0%,0.0,-16123.1,14862.31,1196.72,0.0,-1465.74
45m_box,dynamic_affordable,coupled,-20%,+100%,11,0,11,0.0%,0.0,-16123.1,14862.31,1196.72,0.0,-1465.74
30m_box,dynamic_affordable,coupled,-15%,+30%,13,0,13,0.0%,0.0,-16572.28,15311.49,1423.46,0.0,-1274.79
30m_box,dynamic_affordable,coupled,-15%,+50%,13,0,13,0.0%,0.0,-16572.28,15311.49,1423.46,0.0,-1274.79
30m_box,dynamic_affordable,coupled,-15%,+75%,13,0,13,0.0%,0.0,-16572.28,15311.49,1423.46,0.0,-1274.79
30m_box,dynamic_affordable,coupled,-15%,+100%,13,0,13,0.0%,0.0,-16572.28,15311.49,1423.46,0.0,-1274.79
15m_box,dynamic_affordable,coupled,-15%,+30%,14,0,14,0.0%,0.0,-18310.98,16706.15,1537.72,0.0,-1307.93
15m_box,dynamic_affordable,coupled,-15%,+50%,14,0,14,0.0%,0.0,-18310.98,16706.15,1537.72,0.0,-1307.93
15m_box,dynamic_affordable,coupled,-15%,+75%,14,0,14,0.0%,0.0,-18310.98,16706.15,1537.72,0.0,-1307.93
15m_box,dynamic_affordable,coupled,-15%,+100%,14,0,14,0.0%,0.0,-18310.98,16706.15,1537.72,0.0,-1307.93
45m_box,dynamic_affordable,coupled,-25%,+30%,11,0,11,0.0%,0.0,-18427.27,17166.48,1193.05,0.0,-1675.21
45m_box,dynamic_affordable,coupled,-25%,+50%,11,0,11,0.0%,0.0,-18427.27,17166.48,1193.05,0.0,-1675.21
45m_box,dynamic_affordable,coupled,-25%,+75%,11,0,11,0.0%,0.0,-18427.27,17166.48,1193.05,0.0,-1675.21
45m_box,dynamic_affordable,coupled,-25%,+100%,11,0,11,0.0%,0.0,-18427.27,17166.48,1193.05,0.0,-1675.21
30m_box,dynamic_affordable,coupled,-30%,+30%,13,1,12,7.69%,0.16,-19694.49,18433.7,1418.48,3870.72,-1963.77
30m_box,dynamic_affordable,coupled,-30%,+50%,13,1,12,7.69%,0.16,-19694.49,18433.7,1418.48,3870.72,-1963.77
30m_box,dynamic_affordable,coupled,-30%,+75%,13,1,12,7.69%,0.16,-19694.49,18433.7,1418.48,3870.72,-1963.77
30m_box,dynamic_affordable,coupled,-30%,+100%,13,1,12,7.69%,0.16,-19694.49,18433.7,1418.48,3870.72,-1963.77
30m_box,dynamic_affordable,coupled,-20%,+30%,13,0,13,0.0%,0.0,-20059.17,18798.38,1417.89,0.0,-1543.01
30m_box,dynamic_affordable,coupled,-20%,+50%,13,0,13,0.0%,0.0,-20059.17,18798.38,1417.89,0.0,-1543.01
30m_box,dynamic_affordable,coupled,-20%,+75%,13,0,13,0.0%,0.0,-20059.17,18798.38,1417.89,0.0,-1543.01
30m_box,dynamic_affordable,coupled,-20%,+100%,13,0,13,0.0%,0.0,-20059.17,18798.38,1417.89,0.0,-1543.01
15m_box,dynamic_affordable,coupled,-20%,+30%,14,0,14,0.0%,0.0,-22343.85,20252.78,1531.29,0.0,-1595.99
15m_box,dynamic_affordable,coupled,-20%,+50%,14,0,14,0.0%,0.0,-22343.85,20252.78,1531.29,0.0,-1595.99
15m_box,dynamic_affordable,coupled,-20%,+75%,14,0,14,0.0%,0.0,-22343.85,20252.78,1531.29,0.0,-1595.99
15m_box,dynamic_affordable,coupled,-20%,+100%,14,0,14,0.0%,0.0,-22343.85,20252.78,1531.29,0.0,-1595.99
15m_box,dynamic_affordable,coupled,-30%,+30%,14,1,13,7.14%,0.14,-23035.12,20111.45,1530.19,3870.72,-2069.68
15m_box,dynamic_affordable,coupled,-30%,+50%,14,1,13,7.14%,0.14,-23035.12,20111.45,1530.19,3870.72,-2069.68
15m_box,dynamic_affordable,coupled,-30%,+75%,14,1,13,7.14%,0.14,-23035.12,20111.45,1530.19,3870.72,-2069.68
15m_box,dynamic_affordable,coupled,-30%,+100%,14,1,13,7.14%,0.14,-23035.12,20111.45,1530.19,3870.72,-2069.68
30m_box,dynamic_affordable,coupled,-25%,+30%,13,0,13,0.0%,0.0,-23279.76,22018.97,1412.77,0.0,-1790.75
30m_box,dynamic_affordable,coupled,-25%,+50%,13,0,13,0.0%,0.0,-23279.76,22018.97,1412.77,0.0,-1790.75
30m_box,dynamic_affordable,coupled,-25%,+75%,13,0,13,0.0%,0.0,-23279.76,22018.97,1412.77,0.0,-1790.75
30m_box,dynamic_affordable,coupled,-25%,+100%,13,0,13,0.0%,0.0,-23279.76,22018.97,1412.77,0.0,-1790.75
15m_box,dynamic_affordable,coupled,-25%,+30%,14,0,14,0.0%,0.0,-26166.98,23626.4,1525.2,0.0,-1869.07
15m_box,dynamic_affordable,coupled,-25%,+50%,14,0,14,0.0%,0.0,-26166.98,23626.4,1525.2,0.0,-1869.07
15m_box,dynamic_affordable,coupled,-25%,+75%,14,0,14,0.0%,0.0,-26166.98,23626.4,1525.2,0.0,-1869.07
15m_box,dynamic_affordable,coupled,-25%,+100%,14,0,14,0.0%,0.0,-26166.98,23626.4,1525.2,0.0,-1869.07
