date,strategy,leg,strike,entry_time,exit_time,entry_p,exit_p,capital_used,gross_pnl,charges,net_pnl,exit_reason,data_feed
2026-09-21,Strategy 2: Expiry Gamma Squeeze,PE,23350,10:27:00,10:53:00,65.37,54.01,4902.75,-852.0,54.55,-906.55,SL Hit (-25%),Angel One Real Traded (NIFTY22SEP2623350PE)
2026-09-22,Strategy 2: Expiry Gamma Squeeze,PE,23450,10:21:00,10:42:00,44.81,89.53,3360.75,3354.0,58.73,3295.27,Target Hit (+80%),Angel One Real Traded (NIFTY22SEP2623450PE)
2026-09-22,Strategy 1: Hedged Strangle,CE+PE,23550CE / 23250PE,10:33:00,10:40:00,8.62,7.46,646.5,32.21,95.86,-63.65,CE SL (-20%) | PE Trail,Angel One Real Traded
2026-09-22,Strategy 3: 30M Directional ITM,PE,23450,10:33:00,10:59:00,62.04,85.56,4653.0,1764.0,59.14,1704.86,Trailing Peak Exit,Angel One Real Traded (NIFTY22SEP2623450PE)
2026-09-23,Strategy 1: Hedged Strangle,CE+PE,23700CE / 23100PE,10:48:00,15:02:00,52.12,41.36,3909.0,-807.0,101.64,-908.64,PE SL (-20%) | CE SL (-20%),Angel One Real Traded (NIFTY29SEP2623700CE + NIFTY29SEP2623100PE)
2026-09-23,Strategy 3: 30M Directional ITM,CE,23550,10:48:00,15:20:00,66.23,62.25,4967.25,-298.5,71.41,-369.91,EOD (15:15 PM),Angel One Real Traded (NIFTY29SEP2623550CE)
2026-09-24,Strategy 4: Decoupled Asymmetric Strangle,CE+PE,23350CE / 23100PE,09:46:00,10:11:00,131.3,125.85,9847.5,-408.75,115.22,-523.97,Max Hold (25m) | Max Hold (25m),Angel One Real Traded
2026-09-24,Strategy 4: Decoupled Asymmetric Strangle,CE+PE,23350CE / 23100PE,10:48:00,11:13:00,125.4,125.05,9405.0,-26.25,114.86,-141.11,Max Hold (25m) | Max Hold (25m),Angel One Real Traded
2026-09-24,Strategy 4: Decoupled Asymmetric Strangle,CE+PE,23350CE / 23050PE,13:08:00,13:33:00,112.7,134.42,8452.5,1629.0,115.42,1513.58,Max Hold (25m) | PE Target (+50%),Angel One Real Traded
2026-09-25,Strategy 8: BankNIFTY Hedged Long Strangle,CE+PE,BANKNIFTY27OCT2655800CE + BANKNIFTY27OCT2655400PE,09:30:00,10:17:00,1655.23,1638.17,49656.9,-511.8,201.84,-713.64,Time Exit (45m),Angel One Real Traded (BANKNIFTY27OCT2655800CE + BANKNIFTY27OCT2655400PE)
2026-09-25,Strategy 5: BankNIFTY Decoupled Strangle (DAS),CE+PE,BANKNIFTY27OCT2659500CE + BANKNIFTY27OCT2651700PE,10:08:00,11:01:00,120.3,126.31,3609.0,180.35,102.55,77.8,Time Exit (45m),Angel One Real Traded (BANKNIFTY27OCT2659500CE + BANKNIFTY27OCT2651700PE)
2026-09-25,Strategy 7: BankNIFTY Expiry Gamma Squeeze (GSM),CE,BANKNIFTY27OCT2655600CE,11:05:00,15:15:00,1135.65,1083.6,34069.5,-1561.5,124.89,-1686.39,EOD (15:15 PM),Angel One Real Traded (BANKNIFTY27OCT2655600CE)
2026-09-25,Strategy 4: Decoupled Asymmetric Strangle,CE+PE,NIFTY29SEP2623250CE / NIFTY29SEP2623050PE,14:01:00,14:26:00,123.2,145.62,9240.0,1681.5,117.22,1564.28,CE Target (+50%) | Max Hold (25m),Angel One Real Traded
2026-09-25,Strategy 6: BankNIFTY Directional Box Breakout (DBB),CE,BANKNIFTY27OCT2655800CE,14:03:00,15:15:00,1085.4,965.15,32562.0,-3607.5,118.35,-3725.85,EOD (15:15 PM),Angel One Real Traded (BANKNIFTY27OCT2655800CE)
2026-09-28,Strategy 2: Expiry Gamma Squeeze,PE,22800,10:09:00,10:58:00,56.25,55.85,4218.75,-30.0,53.33,-83.33,Time Stop (45m),Angel One Real Traded (NIFTY29SEP2622800PE)
2026-09-29,Strategy 2: Expiry Gamma Squeeze,PE,22600,10:11:00,10:26:00,56.01,41.44874299489416,4200.75,-1092.09,54.62,-1146.71,SL Hit (-25%),Mathematical (BSM)
2026-09-30,Strategy 5: BankNIFTY Decoupled Strangle (DAS),CE+PE,BANKNIFTY27OCT2658100CE + BANKNIFTY27OCT2651300PE,09:45:00,11:29:00,180.65,159.36,5419.5,-638.66,58.0,-696.66,Time Cutoff (PE SL (-15%)),Angel One Real Traded (BANKNIFTY27OCT2658100CE + BANKNIFTY27OCT2651300PE)
2026-09-30,Strategy 5: BankNIFTY Decoupled Strangle (DAS),CE+PE,BANKNIFTY27OCT2658500CE + BANKNIFTY27OCT2651700PE,12:46:00,14:26:00,151.45,162.08,4543.5,318.8,57.61,261.19,Time Cutoff (CE SL (-15%)),Angel One Real Traded (BANKNIFTY27OCT2658500CE + BANKNIFTY27OCT2651700PE)
2026-10-01,Strategy 5: BankNIFTY Decoupled Strangle (DAS),CE+PE,BANKNIFTY27OCT2658300CE + BANKNIFTY27OCT2651700PE,10:00:00,10:45:00,163.92,162.35,4917.6,-46.96,57.85,-104.81,Time Exit (45m),Angel One Real Traded (BANKNIFTY27OCT2658300CE + BANKNIFTY27OCT2651700PE)
2026-10-01,Strategy 5: BankNIFTY Decoupled Strangle (DAS),CE+PE,BANKNIFTY27OCT2657800CE + BANKNIFTY27OCT2651400PE,12:46:00,13:32:00,205.72,236.4,6171.6,920.3,62.12,858.18,Time Exit (45m),Angel One Real Traded (BANKNIFTY27OCT2657800CE + BANKNIFTY27OCT2651400PE)
2026-10-05,Strategy 5: BankNIFTY Decoupled Strangle (DAS),CE+PE,BANKNIFTY27OCT2658100CE + BANKNIFTY27OCT2652100PE,09:46:00,10:32:00,192.01,198.71,5760.3,201.14,107.28,93.86,Time Cutoff (CE SL (-15%)),Angel One Real Traded (BANKNIFTY27OCT2658100CE + BANKNIFTY27OCT2652100PE)
2026-10-05,Strategy 4: Decoupled Asymmetric Strangle,CE+PE,22650CE / 22500PE,10:00:00,10:25:00,127.85,136.31,8310.25,549.9,113.39,436.51,CE SL (-35%) | PE Target (+50%),Angel One Real Traded
2026-10-05,Strategy 2: Expiry Gamma Squeeze,PE,22500,10:22:00,11:07:00,159.11,173.4,10342.15,928.85,71.22,857.63,Time Stop (45m),Angel One Real Traded (NIFTY13OCT2622500PE)
2026-10-05,Strategy 5: BankNIFTY Decoupled Strangle (DAS),CE+PE,BANKNIFTY27OCT2657600CE + BANKNIFTY27OCT2651800PE,11:20:00,12:05:00,237.53,241.24,7125.9,111.25,110.11,1.14,Time Exit (45m),Angel One Real Traded (BANKNIFTY27OCT2657600CE + BANKNIFTY27OCT2651800PE)
2026-10-05,Strategy 4: Decoupled Asymmetric Strangle,CE+PE,22600CE / 22400PE,11:22:00,11:47:00,114.15,115.0,7419.75,55.25,110.66,-55.41,Max Hold (25m) | Max Hold (25m),Angel One Real Traded
2026-10-05,Strategy 5: BankNIFTY Decoupled Strangle (DAS),CE+PE,BANKNIFTY27OCT2657500CE + BANKNIFTY27OCT2651700PE,12:53:00,13:39:00,237.98,232.24,7139.4,-172.32,109.69,-282.01,Time Exit (45m),Angel One Real Traded (BANKNIFTY27OCT2657500CE + BANKNIFTY27OCT2651700PE)
2026-10-05,Strategy 4: Decoupled Asymmetric Strangle,CE+PE,22600CE / 22450PE,14:04:00,14:29:00,121.1,124.5,7871.5,221.0,111.91,109.09,Max Hold (25m) | Max Hold (25m),Angel One Real Traded
2026-10-06,Strategy 1: Hedged Strangle,CE+PE,22800CE / 22500PE,09:47:00,10:00:00,27.16,21.56,2037.0,-420.0,98.17,-518.17,PE SL (-20%) | CE SL (-20%),Angel One Real Traded (NIFTY06OCT2622800CE + NIFTY06OCT2622500PE)
2026-10-06,Strategy 3: 30M Directional ITM,CE,22600,09:48:00,10:03:00,82.0,85.56,6150.0,267.0,61.03,205.97,Trailing Peak Exit,Angel One Real Traded (NIFTY06OCT2622600CE)
2026-10-06,Strategy 4: Decoupled Asymmetric Strangle,CE+PE,22650CE / 22600PE,09:48:00,10:13:00,96.35,92.9,6262.75,-224.25,107.7,-331.95,Max Hold (25m) | Max Hold (25m),Angel One Real Traded
2026-10-06,Strategy 5: BankNIFTY Decoupled Strangle (DAS),CE+PE,BANKNIFTY27OCT2657700CE + BANKNIFTY27OCT2652100PE,10:05:00,10:50:00,212.66,206.6,6379.8,-181.74,60.82,-242.56,Time Exit (45m),Angel One Real Traded (BANKNIFTY27OCT2657700CE + BANKNIFTY27OCT2652100PE)
2026-10-06,Strategy 2: Expiry Gamma Squeeze,PE,22650,10:10:00,10:35:00,67.44,50.18,5058.0,-1294.5,56.17,-1350.67,SL Hit (-25%),Angel One Real Traded (NIFTY06OCT2622650PE)
2026-10-06,Strategy 4: Decoupled Asymmetric Strangle,CE+PE,22700CE / 22700PE,13:06:00,13:31:00,83.6,77.5,5434.0,-396.5,105.62,-502.12,Max Hold (25m) | Max Hold (25m),Angel One Real Traded
2026-10-07,Strategy 5: BankNIFTY Decoupled Strangle (DAS),CE+PE,BANKNIFTY27OCT2657600CE + BANKNIFTY27OCT2652200PE,10:00:00,10:46:00,194.42,196.99,5832.6,77.18,107.24,-30.06,Time Cutoff (PE SL (-15%)),Angel One Real Traded (BANKNIFTY27OCT2657600CE + BANKNIFTY27OCT2652200PE)
2026-10-07,Strategy 5: BankNIFTY Decoupled Strangle (DAS),CE+PE,BANKNIFTY27OCT2657900CE + BANKNIFTY27OCT2652300PE,10:35:00,11:20:00,165.07,165.02,4952.1,-1.54,105.19,-106.73,Time Exit (45m),Angel One Real Traded (BANKNIFTY27OCT2657900CE + BANKNIFTY27OCT2652300PE)
2026-10-08,Strategy 5: BankNIFTY Decoupled Strangle (DAS),CE+PE,BANKNIFTY27OCT2657600CE + BANKNIFTY27OCT2652400PE,10:12:00,10:57:00,190.2,194.57,5706.0,131.21,107.05,24.16,Time Exit (45m),Angel One Real Traded (BANKNIFTY27OCT2657600CE + BANKNIFTY27OCT2652400PE)
2026-10-08,Strategy 5: BankNIFTY Decoupled Strangle (DAS),CE+PE,BANKNIFTY27OCT2657300CE + BANKNIFTY27OCT2652100PE,12:56:00,13:43:00,230.25,223.48,6907.5,-202.96,109.14,-312.1,Time Exit (45m),Angel One Real Traded (BANKNIFTY27OCT2657300CE + BANKNIFTY27OCT2652100PE)
2026-10-09,Strategy 5: BankNIFTY Decoupled Strangle (DAS),CE+PE,BANKNIFTY27OCT2657700CE + BANKNIFTY27OCT2652500PE,10:15:00,11:01:00,176.93,173.82,5307.9,-93.31,105.82,-199.13,Time Exit (45m),Angel One Real Traded (BANKNIFTY27OCT2657700CE + BANKNIFTY27OCT2652500PE)
