entry,tp,sl,hold,otm,r_trades,r_wr,r_pf,r_pnl,sw_trades,sw_pnl,sf_trades,sf_wr,sf_pf,sf_pnl
09:30,+70%,-30%,45m,200pt,2,50.0%,0.64,-496.0,2,-1340.4,9,0.0%,0.0,-5947.3
09:30,+70%,-30%,45m,400pt,2,50.0%,0.64,-496.0,2,-987.5,9,0.0%,0.0,-4346.9
09:30,+70%,-25%,45m,400pt,2,50.0%,0.64,-496.0,2,-987.5,9,0.0%,0.0,-4346.9
09:30,+70%,-25%,45m,200pt,2,50.0%,0.64,-496.0,2,-1340.4,9,0.0%,0.0,-5947.3
09:30,+25%,-25%,45m,200pt,2,50.0%,0.64,-496.0,2,-1340.4,9,0.0%,0.0,-5947.3
09:30,+25%,-25%,45m,400pt,2,50.0%,0.64,-496.0,2,-987.5,9,0.0%,0.0,-4346.9
09:30,+25%,-30%,45m,400pt,2,50.0%,0.64,-496.0,2,-987.5,9,0.0%,0.0,-4346.9
09:30,+25%,-30%,45m,200pt,2,50.0%,0.64,-496.0,2,-1340.4,9,0.0%,0.0,-5947.3
09:30,+35%,-20%,45m,200pt,2,50.0%,0.64,-496.0,2,-1340.4,9,0.0%,0.0,-5947.3
09:30,+35%,-20%,45m,400pt,2,50.0%,0.64,-496.0,2,-987.5,9,0.0%,0.0,-4333.2
09:30,+35%,-15%,45m,400pt,2,50.0%,0.64,-496.0,2,-889.0,9,0.0%,0.0,-3897.3
09:30,+35%,-15%,45m,200pt,2,50.0%,0.64,-496.0,2,-1340.4,9,0.0%,0.0,-5947.3
09:30,+70%,-15%,45m,200pt,2,50.0%,0.64,-496.0,2,-1340.4,9,0.0%,0.0,-5947.3
09:30,+70%,-15%,45m,400pt,2,50.0%,0.64,-496.0,2,-889.0,9,0.0%,0.0,-3897.3
09:30,+70%,-20%,45m,400pt,2,50.0%,0.64,-496.0,2,-987.5,9,0.0%,0.0,-4333.2
09:30,+70%,-20%,45m,200pt,2,50.0%,0.64,-496.0,2,-1340.4,9,0.0%,0.0,-5947.3
09:30,+50%,-20%,45m,200pt,2,50.0%,0.64,-496.0,2,-1340.4,9,0.0%,0.0,-5947.3
09:30,+50%,-20%,45m,400pt,2,50.0%,0.64,-496.0,2,-987.5,9,0.0%,0.0,-4333.2
09:30,+50%,-15%,45m,400pt,2,50.0%,0.64,-496.0,2,-889.0,9,0.0%,0.0,-3897.3
09:30,+50%,-15%,45m,200pt,2,50.0%,0.64,-496.0,2,-1340.4,9,0.0%,0.0,-5947.3
09:30,+25%,-15%,45m,200pt,2,50.0%,0.64,-496.0,2,-1340.4,9,0.0%,0.0,-5947.3
09:30,+25%,-15%,45m,400pt,2,50.0%,0.64,-496.0,2,-889.0,9,0.0%,0.0,-3897.3
09:30,+25%,-20%,45m,400pt,2,50.0%,0.64,-496.0,2,-987.5,9,0.0%,0.0,-4333.2
09:30,+25%,-20%,45m,200pt,2,50.0%,0.64,-496.0,2,-1340.4,9,0.0%,0.0,-5947.3
09:30,+35%,-30%,45m,200pt,2,50.0%,0.64,-496.0,2,-1340.4,9,0.0%,0.0,-5947.3
09:30,+35%,-30%,45m,400pt,2,50.0%,0.64,-496.0,2,-987.5,9,0.0%,0.0,-4346.9
09:30,+35%,-25%,45m,400pt,2,50.0%,0.64,-496.0,2,-987.5,9,0.0%,0.0,-4346.9
09:30,+35%,-25%,45m,200pt,2,50.0%,0.64,-496.0,2,-1340.4,9,0.0%,0.0,-5947.3
09:30,+50%,-25%,45m,200pt,2,50.0%,0.64,-496.0,2,-1340.4,9,0.0%,0.0,-5947.3
09:30,+50%,-25%,45m,400pt,2,50.0%,0.64,-496.0,2,-987.5,9,0.0%,0.0,-4346.9
09:30,+50%,-30%,45m,400pt,2,50.0%,0.64,-496.0,2,-987.5,9,0.0%,0.0,-4346.9
09:30,+50%,-30%,45m,200pt,2,50.0%,0.64,-496.0,2,-1340.4,9,0.0%,0.0,-5947.3
09:30,+35%,-15%,60m,400pt,2,50.0%,0.39,-1880.5,2,-889.0,9,0.0%,0.0,-3897.3
09:30,+35%,-15%,60m,200pt,2,50.0%,0.39,-1880.5,2,-1712.0,9,0.0%,0.0,-7471.0
09:30,+35%,-20%,60m,200pt,2,50.0%,0.39,-1880.5,2,-1732.8,9,0.0%,0.0,-7591.5
09:30,+35%,-20%,60m,400pt,2,50.0%,0.39,-1880.5,2,-1126.8,9,0.0%,0.0,-4948.0
09:30,+70%,-20%,60m,400pt,2,50.0%,0.39,-1880.5,2,-1126.8,9,0.0%,0.0,-4948.0
09:30,+70%,-20%,60m,200pt,2,50.0%,0.39,-1880.5,2,-1732.8,9,0.0%,0.0,-7591.5
09:30,+70%,-15%,60m,200pt,2,50.0%,0.39,-1880.5,2,-1712.0,9,0.0%,0.0,-7471.0
09:30,+70%,-15%,60m,400pt,2,50.0%,0.39,-1880.5,2,-889.0,9,0.0%,0.0,-3897.3
09:30,+70%,-25%,60m,400pt,2,50.0%,0.39,-1880.5,2,-1247.8,9,0.0%,0.0,-5414.1
09:30,+70%,-25%,60m,200pt,2,50.0%,0.39,-1880.5,2,-1732.8,9,0.0%,0.0,-7591.5
09:30,+70%,-30%,60m,200pt,2,50.0%,0.39,-1880.5,2,-1732.8,9,0.0%,0.0,-7591.5
09:30,+70%,-30%,60m,400pt,2,50.0%,0.39,-1880.5,2,-1255.2,9,0.0%,0.0,-5458.0
09:30,+25%,-30%,60m,400pt,2,50.0%,0.39,-1880.5,2,-1255.2,9,0.0%,0.0,-5458.0
09:30,+25%,-30%,60m,200pt,2,50.0%,0.39,-1880.5,2,-1732.8,9,0.0%,0.0,-7591.5
09:30,+25%,-25%,60m,200pt,2,50.0%,0.39,-1880.5,2,-1732.8,9,0.0%,0.0,-7591.5
09:30,+25%,-25%,60m,400pt,2,50.0%,0.39,-1880.5,2,-1247.8,9,0.0%,0.0,-5414.1
09:30,+35%,-25%,60m,400pt,2,50.0%,0.39,-1880.5,2,-1247.8,9,0.0%,0.0,-5414.1
09:30,+35%,-25%,60m,200pt,2,50.0%,0.39,-1880.5,2,-1732.8,9,0.0%,0.0,-7591.5
09:30,+35%,-30%,60m,200pt,2,50.0%,0.39,-1880.5,2,-1732.8,9,0.0%,0.0,-7591.5
09:30,+35%,-30%,60m,400pt,2,50.0%,0.39,-1880.5,2,-1255.2,9,0.0%,0.0,-5458.0
09:30,+50%,-30%,60m,400pt,2,50.0%,0.39,-1880.5,2,-1255.2,9,0.0%,0.0,-5458.0
09:30,+50%,-30%,60m,200pt,2,50.0%,0.39,-1880.5,2,-1732.8,9,0.0%,0.0,-7591.5
09:30,+50%,-25%,60m,200pt,2,50.0%,0.39,-1880.5,2,-1732.8,9,0.0%,0.0,-7591.5
09:30,+50%,-25%,60m,400pt,2,50.0%,0.39,-1880.5,2,-1247.8,9,0.0%,0.0,-5414.1
09:30,+50%,-15%,60m,400pt,2,50.0%,0.39,-1880.5,2,-889.0,9,0.0%,0.0,-3897.3
09:30,+50%,-15%,60m,200pt,2,50.0%,0.39,-1880.5,2,-1712.0,9,0.0%,0.0,-7471.0
09:30,+50%,-20%,60m,200pt,2,50.0%,0.39,-1880.5,2,-1732.8,9,0.0%,0.0,-7591.5
09:30,+50%,-20%,60m,400pt,2,50.0%,0.39,-1880.5,2,-1126.8,9,0.0%,0.0,-4948.0
09:30,+25%,-20%,60m,400pt,2,50.0%,0.39,-1880.5,2,-1126.8,9,0.0%,0.0,-4948.0
09:30,+25%,-20%,60m,200pt,2,50.0%,0.39,-1880.5,2,-1732.8,9,0.0%,0.0,-7591.5
09:30,+25%,-15%,60m,200pt,2,50.0%,0.39,-1880.5,2,-1712.0,9,0.0%,0.0,-7471.0
09:30,+25%,-15%,60m,400pt,2,50.0%,0.39,-1880.5,2,-889.0,9,0.0%,0.0,-3897.3
09:30,+50%,-15%,90m,200pt,2,50.0%,0.53,-1903.0,2,-1743.3,9,0.0%,0.0,-7701.8
09:30,+50%,-15%,90m,400pt,2,50.0%,0.53,-1903.0,2,-889.0,9,0.0%,0.0,-3897.3
09:30,+50%,-20%,90m,200pt,2,50.0%,0.53,-1903.0,2,-2268.9,9,0.0%,0.0,-10064.9
09:30,+50%,-20%,90m,400pt,2,50.0%,0.53,-1903.0,2,-1126.8,9,0.0%,0.0,-4948.0
09:30,+50%,-30%,90m,400pt,2,50.0%,0.53,-1903.0,2,-1624.6,9,0.0%,0.0,-7064.5
09:30,+50%,-30%,90m,200pt,2,50.0%,0.53,-1903.0,2,-2557.5,9,0.0%,0.0,-11265.5
09:30,+50%,-25%,90m,400pt,2,50.0%,0.53,-1903.0,2,-1393.3,9,0.0%,0.0,-6020.8
09:30,+50%,-25%,90m,200pt,2,50.0%,0.53,-1903.0,2,-2557.5,9,0.0%,0.0,-11248.7
09:30,+35%,-30%,90m,400pt,2,50.0%,0.53,-1903.0,2,-1624.6,9,0.0%,0.0,-7064.5
09:30,+35%,-30%,90m,200pt,2,50.0%,0.53,-1903.0,2,-2557.5,9,0.0%,0.0,-11265.5
09:30,+35%,-25%,90m,400pt,2,50.0%,0.53,-1903.0,2,-1393.3,9,0.0%,0.0,-6020.8
09:30,+35%,-25%,90m,200pt,2,50.0%,0.53,-1903.0,2,-2557.5,9,0.0%,0.0,-11248.7
09:30,+25%,-15%,90m,200pt,2,50.0%,0.53,-1903.0,2,-1743.3,9,0.0%,0.0,-7701.8
09:30,+25%,-15%,90m,400pt,2,50.0%,0.53,-1903.0,2,-889.0,9,0.0%,0.0,-3897.3
09:30,+25%,-20%,90m,200pt,2,50.0%,0.53,-1903.0,2,-2268.9,9,0.0%,0.0,-10064.9
09:30,+25%,-20%,90m,400pt,2,50.0%,0.53,-1903.0,2,-1126.8,9,0.0%,0.0,-4948.0
09:30,+70%,-25%,90m,200pt,2,50.0%,0.53,-1903.0,2,-2557.5,9,0.0%,0.0,-11248.7
09:30,+70%,-25%,90m,400pt,2,50.0%,0.53,-1903.0,2,-1393.3,9,0.0%,0.0,-6020.8
09:30,+70%,-30%,90m,200pt,2,50.0%,0.53,-1903.0,2,-2557.5,9,0.0%,0.0,-11265.5
09:30,+70%,-30%,90m,400pt,2,50.0%,0.53,-1903.0,2,-1624.6,9,0.0%,0.0,-7064.5
09:30,+25%,-25%,90m,200pt,2,50.0%,0.53,-1903.0,2,-2557.5,9,0.0%,0.0,-11248.7
09:30,+25%,-25%,90m,400pt,2,50.0%,0.53,-1903.0,2,-1393.3,9,0.0%,0.0,-6020.8
09:30,+25%,-30%,90m,200pt,2,50.0%,0.53,-1903.0,2,-2557.5,9,0.0%,0.0,-11265.5
09:30,+25%,-30%,90m,400pt,2,50.0%,0.53,-1903.0,2,-1624.6,9,0.0%,0.0,-7064.5
09:30,+35%,-20%,90m,400pt,2,50.0%,0.53,-1903.0,2,-1126.8,9,0.0%,0.0,-4948.0
09:30,+35%,-20%,90m,200pt,2,50.0%,0.53,-1903.0,2,-2268.9,9,0.0%,0.0,-10064.9
09:30,+35%,-15%,90m,400pt,2,50.0%,0.53,-1903.0,2,-889.0,9,0.0%,0.0,-3897.3
09:30,+35%,-15%,90m,200pt,2,50.0%,0.53,-1903.0,2,-1743.3,9,0.0%,0.0,-7701.8
09:30,+70%,-20%,90m,400pt,2,50.0%,0.53,-1903.0,2,-1126.8,9,0.0%,0.0,-4948.0
09:30,+70%,-20%,90m,200pt,2,50.0%,0.53,-1903.0,2,-2268.9,9,0.0%,0.0,-10064.9
09:30,+70%,-15%,90m,400pt,2,50.0%,0.53,-1903.0,2,-889.0,9,0.0%,0.0,-3897.3
09:30,+70%,-15%,90m,200pt,2,50.0%,0.53,-1903.0,2,-1743.3,9,0.0%,0.0,-7701.8
10:00,+25%,-25%,60m,200pt,2,50.0%,0.29,-2113.0,2,-1793.5,10,0.0%,0.0,-8939.0
10:00,+25%,-25%,60m,400pt,2,50.0%,0.29,-2113.0,2,-1216.5,10,0.0%,0.0,-5976.1
10:00,+35%,-15%,60m,200pt,2,50.0%,0.29,-2113.0,2,-1645.4,10,0.0%,0.0,-8262.5
10:00,+35%,-15%,60m,400pt,2,50.0%,0.29,-2113.0,2,-809.8,10,0.0%,0.0,-4112.2
10:00,+35%,-20%,60m,400pt,2,50.0%,0.29,-2113.0,2,-1050.9,10,0.0%,0.0,-5260.3
10:00,+35%,-20%,60m,200pt,2,50.0%,0.29,-2113.0,2,-1793.5,10,0.0%,0.0,-8939.0
10:00,+25%,-15%,60m,200pt,2,50.0%,0.29,-2113.0,2,-1645.4,10,0.0%,0.0,-8262.5
10:00,+25%,-15%,60m,400pt,2,50.0%,0.29,-2113.0,2,-809.8,10,0.0%,0.0,-4112.2
10:00,+25%,-30%,60m,400pt,2,50.0%,0.29,-2113.0,2,-1259.2,10,0.0%,0.0,-6249.7
10:00,+25%,-30%,60m,200pt,2,50.0%,0.29,-2113.0,2,-1793.5,10,0.0%,0.0,-8939.0
10:00,+70%,-20%,60m,400pt,2,50.0%,0.29,-2113.0,2,-1050.9,10,0.0%,0.0,-5260.3
10:00,+70%,-20%,60m,200pt,2,50.0%,0.29,-2113.0,2,-1793.5,10,0.0%,0.0,-8939.0
10:00,+70%,-15%,60m,200pt,2,50.0%,0.29,-2113.0,2,-1645.4,10,0.0%,0.0,-8262.5
10:00,+70%,-15%,60m,400pt,2,50.0%,0.29,-2113.0,2,-809.8,10,0.0%,0.0,-4112.2
10:00,+50%,-30%,60m,200pt,2,50.0%,0.29,-2113.0,2,-1793.5,10,0.0%,0.0,-8939.0
10:00,+50%,-30%,60m,400pt,2,50.0%,0.29,-2113.0,2,-1259.2,10,0.0%,0.0,-6249.7
10:00,+70%,-25%,60m,400pt,2,50.0%,0.29,-2113.0,2,-1216.5,10,0.0%,0.0,-5976.1
10:00,+70%,-25%,60m,200pt,2,50.0%,0.29,-2113.0,2,-1793.5,10,0.0%,0.0,-8939.0
10:00,+70%,-30%,60m,200pt,2,50.0%,0.29,-2113.0,2,-1793.5,10,0.0%,0.0,-8939.0
10:00,+70%,-30%,60m,400pt,2,50.0%,0.29,-2113.0,2,-1259.2,10,0.0%,0.0,-6249.7
10:00,+35%,-30%,60m,400pt,2,50.0%,0.29,-2113.0,2,-1259.2,10,0.0%,0.0,-6249.7
10:00,+35%,-30%,60m,200pt,2,50.0%,0.29,-2113.0,2,-1793.5,10,0.0%,0.0,-8939.0
10:00,+50%,-15%,60m,400pt,2,50.0%,0.29,-2113.0,2,-809.8,10,0.0%,0.0,-4112.2
10:00,+50%,-15%,60m,200pt,2,50.0%,0.29,-2113.0,2,-1645.4,10,0.0%,0.0,-8262.5
10:00,+25%,-20%,60m,400pt,2,50.0%,0.29,-2113.0,2,-1050.9,10,0.0%,0.0,-5260.3
10:00,+25%,-20%,60m,200pt,2,50.0%,0.29,-2113.0,2,-1793.5,10,0.0%,0.0,-8939.0
10:00,+35%,-25%,60m,200pt,2,50.0%,0.29,-2113.0,2,-1793.5,10,0.0%,0.0,-8939.0
10:00,+35%,-25%,60m,400pt,2,50.0%,0.29,-2113.0,2,-1216.5,10,0.0%,0.0,-5976.1
10:00,+50%,-25%,60m,200pt,2,50.0%,0.29,-2113.0,2,-1793.5,10,0.0%,0.0,-8939.0
10:00,+50%,-25%,60m,400pt,2,50.0%,0.29,-2113.0,2,-1216.5,10,0.0%,0.0,-5976.1
10:00,+50%,-20%,60m,200pt,2,50.0%,0.29,-2113.0,2,-1793.5,10,0.0%,0.0,-8939.0
10:00,+50%,-20%,60m,400pt,2,50.0%,0.29,-2113.0,2,-1050.9,10,0.0%,0.0,-5260.3
10:00,+50%,-30%,45m,200pt,2,50.0%,0.15,-2237.5,2,-1353.5,10,0.0%,0.0,-6664.6
10:00,+50%,-30%,45m,400pt,2,50.0%,0.15,-2237.5,2,-977.4,10,0.0%,0.0,-4795.5
10:00,+70%,-15%,45m,200pt,2,50.0%,0.15,-2237.5,2,-1353.5,10,0.0%,0.0,-6664.6
10:00,+70%,-15%,45m,400pt,2,50.0%,0.15,-2237.5,2,-809.8,10,0.0%,0.0,-4112.2
10:00,+70%,-25%,45m,200pt,2,50.0%,0.15,-2237.5,2,-1353.5,10,0.0%,0.0,-6664.6
10:00,+70%,-25%,45m,400pt,2,50.0%,0.15,-2237.5,2,-977.4,10,0.0%,0.0,-4795.5
10:00,+70%,-20%,45m,400pt,2,50.0%,0.15,-2237.5,2,-964.3,10,0.0%,0.0,-4748.0
10:00,+70%,-20%,45m,200pt,2,50.0%,0.15,-2237.5,2,-1353.5,10,0.0%,0.0,-6664.6
10:00,+70%,-30%,45m,400pt,2,50.0%,0.15,-2237.5,2,-977.4,10,0.0%,0.0,-4795.5
10:00,+70%,-30%,45m,200pt,2,50.0%,0.15,-2237.5,2,-1353.5,10,0.0%,0.0,-6664.6
10:00,+50%,-15%,45m,200pt,2,50.0%,0.15,-2237.5,2,-1353.5,10,0.0%,0.0,-6664.6
10:00,+50%,-15%,45m,400pt,2,50.0%,0.15,-2237.5,2,-809.8,10,0.0%,0.0,-4112.2
10:00,+50%,-25%,45m,400pt,2,50.0%,0.15,-2237.5,2,-977.4,10,0.0%,0.0,-4795.5
10:00,+50%,-25%,45m,200pt,2,50.0%,0.15,-2237.5,2,-1353.5,10,0.0%,0.0,-6664.6
10:00,+50%,-20%,45m,400pt,2,50.0%,0.15,-2237.5,2,-964.3,10,0.0%,0.0,-4748.0
10:00,+50%,-20%,45m,200pt,2,50.0%,0.15,-2237.5,2,-1353.5,10,0.0%,0.0,-6664.6
10:00,+35%,-30%,45m,200pt,2,50.0%,0.15,-2237.5,2,-1353.5,10,0.0%,0.0,-6664.6
10:00,+35%,-30%,45m,400pt,2,50.0%,0.15,-2237.5,2,-977.4,10,0.0%,0.0,-4795.5
10:00,+25%,-15%,45m,400pt,2,50.0%,0.15,-2237.5,2,-809.8,10,0.0%,0.0,-4112.2
10:00,+25%,-15%,45m,200pt,2,50.0%,0.15,-2237.5,2,-1353.5,10,0.0%,0.0,-6664.6
10:00,+35%,-25%,45m,200pt,2,50.0%,0.15,-2237.5,2,-1353.5,10,0.0%,0.0,-6664.6
10:00,+35%,-25%,45m,400pt,2,50.0%,0.15,-2237.5,2,-977.4,10,0.0%,0.0,-4795.5
10:00,+25%,-20%,45m,400pt,2,50.0%,0.15,-2237.5,2,-964.3,10,0.0%,0.0,-4748.0
10:00,+25%,-20%,45m,200pt,2,50.0%,0.15,-2237.5,2,-1353.5,10,0.0%,0.0,-6664.6
10:00,+35%,-20%,45m,200pt,2,50.0%,0.15,-2237.5,2,-1353.5,10,0.0%,0.0,-6664.6
10:00,+35%,-20%,45m,400pt,2,50.0%,0.15,-2237.5,2,-964.3,10,0.0%,0.0,-4748.0
10:00,+35%,-15%,45m,400pt,2,50.0%,0.15,-2237.5,2,-809.8,10,0.0%,0.0,-4112.2
10:00,+35%,-15%,45m,200pt,2,50.0%,0.15,-2237.5,2,-1353.5,10,0.0%,0.0,-6664.6
10:00,+25%,-30%,45m,200pt,2,50.0%,0.15,-2237.5,2,-1353.5,10,0.0%,0.0,-6664.6
10:00,+25%,-30%,45m,400pt,2,50.0%,0.15,-2237.5,2,-977.4,10,0.0%,0.0,-4795.5
10:00,+25%,-25%,45m,200pt,2,50.0%,0.15,-2237.5,2,-1353.5,10,0.0%,0.0,-6664.6
10:00,+25%,-25%,45m,400pt,2,50.0%,0.15,-2237.5,2,-977.4,10,0.0%,0.0,-4795.5
11:00,+70%,-25%,45m,400pt,2,0.0%,0.0,-2371.0,2,-906.6,10,0.0%,0.0,-4581.7
11:00,+70%,-25%,45m,200pt,2,0.0%,0.0,-2371.0,2,-1427.2,10,0.0%,0.0,-7152.2
11:00,+70%,-15%,45m,200pt,2,0.0%,0.0,-2371.0,2,-1376.4,10,0.0%,0.0,-6884.2
11:00,+70%,-15%,45m,400pt,2,0.0%,0.0,-2371.0,2,-672.2,10,0.0%,0.0,-3374.5
11:00,+70%,-20%,45m,200pt,2,0.0%,0.0,-2371.0,2,-1427.2,10,0.0%,0.0,-7152.2
11:00,+70%,-20%,45m,400pt,2,0.0%,0.0,-2371.0,2,-811.1,10,0.0%,0.0,-4124.9
11:00,+35%,-25%,45m,400pt,2,0.0%,0.0,-2371.0,2,-906.6,10,0.0%,0.0,-4581.7
11:00,+35%,-25%,45m,200pt,2,0.0%,0.0,-2371.0,2,-1427.2,10,0.0%,0.0,-7152.2
11:00,+50%,-25%,45m,200pt,2,0.0%,0.0,-2371.0,2,-1427.2,10,0.0%,0.0,-7152.2
11:00,+50%,-25%,45m,400pt,2,0.0%,0.0,-2371.0,2,-906.6,10,0.0%,0.0,-4581.7
11:00,+50%,-30%,45m,400pt,2,0.0%,0.0,-2371.0,2,-943.0,10,0.0%,0.0,-4740.4
11:00,+50%,-30%,45m,200pt,2,0.0%,0.0,-2371.0,2,-1427.2,10,0.0%,0.0,-7152.2
11:00,+50%,-20%,45m,200pt,2,0.0%,0.0,-2371.0,2,-1427.2,10,0.0%,0.0,-7152.2
11:00,+50%,-20%,45m,400pt,2,0.0%,0.0,-2371.0,2,-811.1,10,0.0%,0.0,-4124.9
11:00,+50%,-15%,45m,400pt,2,0.0%,0.0,-2371.0,2,-672.2,10,0.0%,0.0,-3374.5
11:00,+50%,-15%,45m,200pt,2,0.0%,0.0,-2371.0,2,-1376.4,10,0.0%,0.0,-6884.2
11:00,+35%,-15%,45m,200pt,2,0.0%,0.0,-2371.0,2,-1376.4,10,0.0%,0.0,-6884.2
11:00,+35%,-15%,45m,400pt,2,0.0%,0.0,-2371.0,2,-672.2,10,0.0%,0.0,-3374.5
11:00,+35%,-20%,45m,400pt,2,0.0%,0.0,-2371.0,2,-811.1,10,0.0%,0.0,-4124.9
11:00,+35%,-20%,45m,200pt,2,0.0%,0.0,-2371.0,2,-1427.2,10,0.0%,0.0,-7152.2
11:00,+35%,-30%,45m,200pt,2,0.0%,0.0,-2371.0,2,-1427.2,10,0.0%,0.0,-7152.2
11:00,+35%,-30%,45m,400pt,2,0.0%,0.0,-2371.0,2,-943.0,10,0.0%,0.0,-4740.4
11:00,+25%,-25%,45m,400pt,2,0.0%,0.0,-2371.0,2,-906.6,10,0.0%,0.0,-4581.7
11:00,+25%,-25%,45m,200pt,2,0.0%,0.0,-2371.0,2,-1427.2,10,0.0%,0.0,-7152.2
11:00,+25%,-15%,45m,200pt,2,0.0%,0.0,-2371.0,2,-1376.4,10,0.0%,0.0,-6884.2
11:00,+25%,-15%,45m,400pt,2,0.0%,0.0,-2371.0,2,-672.2,10,0.0%,0.0,-3374.5
11:00,+25%,-20%,45m,400pt,2,0.0%,0.0,-2371.0,2,-811.1,10,0.0%,0.0,-4124.9
11:00,+25%,-20%,45m,200pt,2,0.0%,0.0,-2371.0,2,-1427.2,10,0.0%,0.0,-7152.2
11:00,+25%,-30%,45m,200pt,2,0.0%,0.0,-2371.0,2,-1427.2,10,0.0%,0.0,-7152.2
11:00,+25%,-30%,45m,400pt,2,0.0%,0.0,-2371.0,2,-943.0,10,0.0%,0.0,-4740.4
11:00,+70%,-30%,45m,400pt,2,0.0%,0.0,-2371.0,2,-943.0,10,0.0%,0.0,-4740.4
11:00,+70%,-30%,45m,200pt,2,0.0%,0.0,-2371.0,2,-1427.2,10,0.0%,0.0,-7152.2
11:00,+25%,-25%,90m,200pt,2,0.0%,0.0,-2581.0,2,-2197.4,10,0.0%,0.0,-11195.1
11:00,+25%,-25%,90m,400pt,2,0.0%,0.0,-2581.0,2,-966.1,10,0.0%,0.0,-5002.7
11:00,+25%,-30%,90m,400pt,2,0.0%,0.0,-2581.0,2,-1123.0,10,0.0%,0.0,-5759.4
11:00,+25%,-30%,90m,200pt,2,0.0%,0.0,-2581.0,2,-2597.8,10,0.0%,0.0,-13201.6
11:00,+70%,-30%,90m,200pt,2,0.0%,0.0,-2581.0,2,-2597.8,10,0.0%,0.0,-13201.6
11:00,+70%,-30%,90m,400pt,2,0.0%,0.0,-2581.0,2,-1123.0,10,0.0%,0.0,-5759.4
11:00,+70%,-25%,90m,400pt,2,0.0%,0.0,-2581.0,2,-966.1,10,0.0%,0.0,-5002.7
11:00,+70%,-25%,90m,200pt,2,0.0%,0.0,-2581.0,2,-2197.4,10,0.0%,0.0,-11195.1
11:00,+70%,-15%,90m,400pt,2,0.0%,0.0,-2581.0,2,-672.2,10,0.0%,0.0,-3374.5
11:00,+70%,-15%,90m,200pt,2,0.0%,0.0,-2581.0,2,-1403.2,10,0.0%,0.0,-7081.3
11:00,+70%,-20%,90m,200pt,2,0.0%,0.0,-2581.0,2,-1822.0,10,0.0%,0.0,-9228.5
11:00,+70%,-20%,90m,400pt,2,0.0%,0.0,-2581.0,2,-811.1,10,0.0%,0.0,-4124.9
11:00,+25%,-20%,90m,200pt,2,0.0%,0.0,-2581.0,2,-1822.0,10,0.0%,0.0,-9228.5
11:00,+25%,-20%,90m,400pt,2,0.0%,0.0,-2581.0,2,-811.1,10,0.0%,0.0,-4124.9
11:00,+25%,-15%,90m,400pt,2,0.0%,0.0,-2581.0,2,-672.2,10,0.0%,0.0,-3374.5
11:00,+25%,-15%,90m,200pt,2,0.0%,0.0,-2581.0,2,-1403.2,10,0.0%,0.0,-7081.3
11:00,+50%,-15%,90m,200pt,2,0.0%,0.0,-2581.0,2,-1403.2,10,0.0%,0.0,-7081.3
11:00,+50%,-15%,90m,400pt,2,0.0%,0.0,-2581.0,2,-672.2,10,0.0%,0.0,-3374.5
11:00,+50%,-20%,90m,400pt,2,0.0%,0.0,-2581.0,2,-811.1,10,0.0%,0.0,-4124.9
11:00,+50%,-20%,90m,200pt,2,0.0%,0.0,-2581.0,2,-1822.0,10,0.0%,0.0,-9228.5
11:00,+50%,-30%,90m,200pt,2,0.0%,0.0,-2581.0,2,-2597.8,10,0.0%,0.0,-13201.6
11:00,+50%,-30%,90m,400pt,2,0.0%,0.0,-2581.0,2,-1123.0,10,0.0%,0.0,-5759.4
11:00,+50%,-25%,90m,400pt,2,0.0%,0.0,-2581.0,2,-966.1,10,0.0%,0.0,-5002.7
11:00,+50%,-25%,90m,200pt,2,0.0%,0.0,-2581.0,2,-2197.4,10,0.0%,0.0,-11195.1
11:00,+35%,-25%,90m,200pt,2,0.0%,0.0,-2581.0,2,-2197.4,10,0.0%,0.0,-11195.1
11:00,+35%,-25%,90m,400pt,2,0.0%,0.0,-2581.0,2,-966.1,10,0.0%,0.0,-5002.7
11:00,+35%,-30%,90m,400pt,2,0.0%,0.0,-2581.0,2,-1123.0,10,0.0%,0.0,-5759.4
11:00,+35%,-30%,90m,200pt,2,0.0%,0.0,-2581.0,2,-2597.8,10,0.0%,0.0,-13201.6
11:00,+35%,-20%,90m,200pt,2,0.0%,0.0,-2581.0,2,-1822.0,10,0.0%,0.0,-9228.5
11:00,+35%,-20%,90m,400pt,2,0.0%,0.0,-2581.0,2,-811.1,10,0.0%,0.0,-4124.9
11:00,+35%,-15%,90m,400pt,2,0.0%,0.0,-2581.0,2,-672.2,10,0.0%,0.0,-3374.5
11:00,+35%,-15%,90m,200pt,2,0.0%,0.0,-2581.0,2,-1403.2,10,0.0%,0.0,-7081.3
11:00,+50%,-30%,60m,400pt,2,0.0%,0.0,-2797.0,2,-1123.0,10,0.0%,0.0,-5668.0
11:00,+50%,-30%,60m,200pt,2,0.0%,0.0,-2797.0,2,-1850.4,10,0.0%,0.0,-9405.4
11:00,+25%,-25%,60m,200pt,2,0.0%,0.0,-2797.0,2,-1850.4,10,0.0%,0.0,-9405.4
11:00,+25%,-25%,60m,400pt,2,0.0%,0.0,-2797.0,2,-966.1,10,0.0%,0.0,-5002.7
11:00,+25%,-15%,60m,400pt,2,0.0%,0.0,-2797.0,2,-672.2,10,0.0%,0.0,-3374.5
11:00,+25%,-15%,60m,200pt,2,0.0%,0.0,-2797.0,2,-1403.2,10,0.0%,0.0,-7081.3
11:00,+25%,-20%,60m,200pt,2,0.0%,0.0,-2797.0,2,-1822.0,10,0.0%,0.0,-9043.8
11:00,+25%,-20%,60m,400pt,2,0.0%,0.0,-2797.0,2,-811.1,10,0.0%,0.0,-4124.9
11:00,+25%,-30%,60m,400pt,2,0.0%,0.0,-2797.0,2,-1123.0,10,0.0%,0.0,-5668.0
11:00,+25%,-30%,60m,200pt,2,0.0%,0.0,-2797.0,2,-1850.4,10,0.0%,0.0,-9405.4
11:00,+70%,-30%,60m,400pt,2,0.0%,0.0,-2797.0,2,-1123.0,10,0.0%,0.0,-5668.0
11:00,+70%,-30%,60m,200pt,2,0.0%,0.0,-2797.0,2,-1850.4,10,0.0%,0.0,-9405.4
11:00,+70%,-15%,60m,200pt,2,0.0%,0.0,-2797.0,2,-1403.2,10,0.0%,0.0,-7081.3
11:00,+70%,-15%,60m,400pt,2,0.0%,0.0,-2797.0,2,-672.2,10,0.0%,0.0,-3374.5
11:00,+70%,-25%,60m,400pt,2,0.0%,0.0,-2797.0,2,-966.1,10,0.0%,0.0,-5002.7
11:00,+70%,-25%,60m,200pt,2,0.0%,0.0,-2797.0,2,-1850.4,10,0.0%,0.0,-9405.4
11:00,+70%,-20%,60m,200pt,2,0.0%,0.0,-2797.0,2,-1822.0,10,0.0%,0.0,-9043.8
11:00,+70%,-20%,60m,400pt,2,0.0%,0.0,-2797.0,2,-811.1,10,0.0%,0.0,-4124.9
11:00,+35%,-30%,60m,400pt,2,0.0%,0.0,-2797.0,2,-1123.0,10,0.0%,0.0,-5668.0
11:00,+35%,-30%,60m,200pt,2,0.0%,0.0,-2797.0,2,-1850.4,10,0.0%,0.0,-9405.4
11:00,+35%,-15%,60m,400pt,2,0.0%,0.0,-2797.0,2,-672.2,10,0.0%,0.0,-3374.5
11:00,+35%,-15%,60m,200pt,2,0.0%,0.0,-2797.0,2,-1403.2,10,0.0%,0.0,-7081.3
11:00,+35%,-25%,60m,200pt,2,0.0%,0.0,-2797.0,2,-1850.4,10,0.0%,0.0,-9405.4
11:00,+35%,-25%,60m,400pt,2,0.0%,0.0,-2797.0,2,-966.1,10,0.0%,0.0,-5002.7
11:00,+50%,-20%,60m,400pt,2,0.0%,0.0,-2797.0,2,-811.1,10,0.0%,0.0,-4124.9
11:00,+50%,-20%,60m,200pt,2,0.0%,0.0,-2797.0,2,-1822.0,10,0.0%,0.0,-9043.8
11:00,+50%,-15%,60m,200pt,2,0.0%,0.0,-2797.0,2,-1403.2,10,0.0%,0.0,-7081.3
11:00,+50%,-15%,60m,400pt,2,0.0%,0.0,-2797.0,2,-672.2,10,0.0%,0.0,-3374.5
11:00,+50%,-25%,60m,400pt,2,0.0%,0.0,-2797.0,2,-966.1,10,0.0%,0.0,-5002.7
11:00,+50%,-25%,60m,200pt,2,0.0%,0.0,-2797.0,2,-1850.4,10,0.0%,0.0,-9405.4
11:00,+35%,-20%,60m,200pt,2,0.0%,0.0,-2797.0,2,-1822.0,10,0.0%,0.0,-9043.8
11:00,+35%,-20%,60m,400pt,2,0.0%,0.0,-2797.0,2,-811.1,10,0.0%,0.0,-4124.9
10:00,+25%,-30%,90m,200pt,2,50.0%,0.1,-3383.5,2,-2602.8,10,0.0%,0.0,-13145.7
10:00,+25%,-30%,90m,400pt,2,50.0%,0.1,-3383.5,2,-1456.4,10,0.0%,0.0,-7394.3
10:00,+35%,-15%,90m,400pt,2,50.0%,0.1,-3383.5,2,-809.8,10,0.0%,0.0,-4112.2
10:00,+35%,-15%,90m,200pt,2,50.0%,0.1,-3383.5,2,-1645.4,10,0.0%,0.0,-8281.5
10:00,+25%,-15%,90m,200pt,2,50.0%,0.1,-3383.5,2,-1645.4,10,0.0%,0.0,-8281.5
10:00,+25%,-15%,90m,400pt,2,50.0%,0.1,-3383.5,2,-809.8,10,0.0%,0.0,-4112.2
10:00,+35%,-20%,90m,400pt,2,50.0%,0.1,-3383.5,2,-1050.9,10,0.0%,0.0,-5260.3
10:00,+35%,-20%,90m,200pt,2,50.0%,0.1,-3383.5,2,-2111.7,10,0.0%,0.0,-10722.8
10:00,+35%,-25%,90m,200pt,2,50.0%,0.1,-3383.5,2,-2548.7,10,0.0%,0.0,-12719.0
10:00,+35%,-25%,90m,400pt,2,50.0%,0.1,-3383.5,2,-1257.3,10,0.0%,0.0,-6367.0
10:00,+35%,-30%,90m,200pt,2,50.0%,0.1,-3383.5,2,-2602.8,10,0.0%,0.0,-13145.7
10:00,+35%,-30%,90m,400pt,2,50.0%,0.1,-3383.5,2,-1456.4,10,0.0%,0.0,-7394.3
10:00,+25%,-25%,90m,200pt,2,50.0%,0.1,-3383.5,2,-2548.7,10,0.0%,0.0,-12719.0
10:00,+25%,-25%,90m,400pt,2,50.0%,0.1,-3383.5,2,-1257.3,10,0.0%,0.0,-6367.0
10:00,+70%,-15%,90m,200pt,2,50.0%,0.1,-3383.5,2,-1645.4,10,0.0%,0.0,-8281.5
10:00,+70%,-15%,90m,400pt,2,50.0%,0.1,-3383.5,2,-809.8,10,0.0%,0.0,-4112.2
10:00,+70%,-20%,90m,200pt,2,50.0%,0.1,-3383.5,2,-2111.7,10,0.0%,0.0,-10722.8
10:00,+70%,-20%,90m,400pt,2,50.0%,0.1,-3383.5,2,-1050.9,10,0.0%,0.0,-5260.3
10:00,+70%,-25%,90m,200pt,2,50.0%,0.1,-3383.5,2,-2548.7,10,0.0%,0.0,-12719.0
10:00,+70%,-25%,90m,400pt,2,50.0%,0.1,-3383.5,2,-1257.3,10,0.0%,0.0,-6367.0
10:00,+70%,-30%,90m,400pt,2,50.0%,0.1,-3383.5,2,-1456.4,10,0.0%,0.0,-7394.3
10:00,+70%,-30%,90m,200pt,2,50.0%,0.1,-3383.5,2,-2602.8,10,0.0%,0.0,-13145.7
10:00,+25%,-20%,90m,200pt,2,50.0%,0.1,-3383.5,2,-2111.7,10,0.0%,0.0,-10722.8
10:00,+25%,-20%,90m,400pt,2,50.0%,0.1,-3383.5,2,-1050.9,10,0.0%,0.0,-5260.3
10:00,+50%,-15%,90m,400pt,2,50.0%,0.1,-3383.5,2,-809.8,10,0.0%,0.0,-4112.2
10:00,+50%,-15%,90m,200pt,2,50.0%,0.1,-3383.5,2,-1645.4,10,0.0%,0.0,-8281.5
10:00,+50%,-20%,90m,400pt,2,50.0%,0.1,-3383.5,2,-1050.9,10,0.0%,0.0,-5260.3
10:00,+50%,-20%,90m,200pt,2,50.0%,0.1,-3383.5,2,-2111.7,10,0.0%,0.0,-10722.8
10:00,+50%,-30%,90m,200pt,2,50.0%,0.1,-3383.5,2,-2602.8,10,0.0%,0.0,-13145.7
10:00,+50%,-30%,90m,400pt,2,50.0%,0.1,-3383.5,2,-1456.4,10,0.0%,0.0,-7394.3
10:00,+50%,-25%,90m,200pt,2,50.0%,0.1,-3383.5,2,-2548.7,10,0.0%,0.0,-12719.0
10:00,+50%,-25%,90m,400pt,2,50.0%,0.1,-3383.5,2,-1257.3,10,0.0%,0.0,-6367.0
11:00,+35%,-30%,150m,400pt,2,0.0%,0.0,-3502.0,2,-1123.0,10,0.0%,0.0,-5759.4
11:00,+35%,-30%,150m,200pt,2,0.0%,0.0,-3502.0,2,-2597.8,10,0.0%,0.0,-13201.6
11:00,+35%,-25%,150m,200pt,2,0.0%,0.0,-3502.0,2,-2197.4,10,0.0%,0.0,-11195.1
11:00,+35%,-25%,150m,400pt,2,0.0%,0.0,-3502.0,2,-966.1,10,0.0%,0.0,-5002.7
11:00,+35%,-15%,150m,400pt,2,0.0%,0.0,-3502.0,2,-672.2,10,0.0%,0.0,-3374.5
11:00,+35%,-15%,150m,200pt,2,0.0%,0.0,-3502.0,2,-1403.2,10,0.0%,0.0,-7081.3
11:00,+35%,-20%,150m,200pt,2,0.0%,0.0,-3502.0,2,-1822.0,10,0.0%,0.0,-9228.5
11:00,+35%,-20%,150m,400pt,2,0.0%,0.0,-3502.0,2,-811.1,10,0.0%,0.0,-4124.9
11:00,+50%,-20%,150m,400pt,2,0.0%,0.0,-3502.0,2,-811.1,10,0.0%,0.0,-4124.9
11:00,+50%,-20%,150m,200pt,2,0.0%,0.0,-3502.0,2,-1822.0,10,0.0%,0.0,-9228.5
11:00,+50%,-15%,150m,200pt,2,0.0%,0.0,-3502.0,2,-1403.2,10,0.0%,0.0,-7081.3
11:00,+50%,-15%,150m,400pt,2,0.0%,0.0,-3502.0,2,-672.2,10,0.0%,0.0,-3374.5
11:00,+50%,-25%,150m,400pt,2,0.0%,0.0,-3502.0,2,-966.1,10,0.0%,0.0,-5002.7
11:00,+50%,-25%,150m,200pt,2,0.0%,0.0,-3502.0,2,-2197.4,10,0.0%,0.0,-11195.1
11:00,+50%,-30%,150m,200pt,2,0.0%,0.0,-3502.0,2,-2597.8,10,0.0%,0.0,-13201.6
11:00,+50%,-30%,150m,400pt,2,0.0%,0.0,-3502.0,2,-1123.0,10,0.0%,0.0,-5759.4
11:00,+70%,-20%,150m,400pt,2,0.0%,0.0,-3502.0,2,-811.1,10,0.0%,0.0,-4124.9
11:00,+70%,-20%,150m,200pt,2,0.0%,0.0,-3502.0,2,-1822.0,10,0.0%,0.0,-9228.5
11:00,+70%,-15%,150m,200pt,2,0.0%,0.0,-3502.0,2,-1403.2,10,0.0%,0.0,-7081.3
11:00,+70%,-15%,150m,400pt,2,0.0%,0.0,-3502.0,2,-672.2,10,0.0%,0.0,-3374.5
11:00,+70%,-25%,150m,200pt,2,0.0%,0.0,-3502.0,2,-2197.4,10,0.0%,0.0,-11195.1
11:00,+70%,-25%,150m,400pt,2,0.0%,0.0,-3502.0,2,-966.1,10,0.0%,0.0,-5002.7
11:00,+25%,-30%,150m,400pt,2,0.0%,0.0,-3502.0,2,-1123.0,10,0.0%,0.0,-5759.4
11:00,+25%,-30%,150m,200pt,2,0.0%,0.0,-3502.0,2,-2597.8,10,0.0%,0.0,-13201.6
11:00,+70%,-30%,150m,400pt,2,0.0%,0.0,-3502.0,2,-1123.0,10,0.0%,0.0,-5759.4
11:00,+70%,-30%,150m,200pt,2,0.0%,0.0,-3502.0,2,-2597.8,10,0.0%,0.0,-13201.6
11:00,+25%,-25%,150m,200pt,2,0.0%,0.0,-3502.0,2,-2197.4,10,0.0%,0.0,-11195.1
11:00,+25%,-25%,150m,400pt,2,0.0%,0.0,-3502.0,2,-966.1,10,0.0%,0.0,-5002.7
11:00,+25%,-15%,150m,400pt,2,0.0%,0.0,-3502.0,2,-672.2,10,0.0%,0.0,-3374.5
11:00,+25%,-15%,150m,200pt,2,0.0%,0.0,-3502.0,2,-1403.2,10,0.0%,0.0,-7081.3
11:00,+25%,-20%,150m,200pt,2,0.0%,0.0,-3502.0,2,-1822.0,10,0.0%,0.0,-9228.5
11:00,+25%,-20%,150m,400pt,2,0.0%,0.0,-3502.0,2,-811.1,10,0.0%,0.0,-4124.9
09:30,+50%,-15%,150m,400pt,2,50.0%,0.25,-3569.5,2,-889.0,9,0.0%,0.0,-3897.3
09:30,+50%,-15%,150m,200pt,2,50.0%,0.25,-3569.5,2,-1743.3,9,0.0%,0.0,-7701.8
09:30,+25%,-15%,150m,400pt,2,50.0%,0.25,-3569.5,2,-889.0,9,0.0%,0.0,-3897.3
09:30,+25%,-15%,150m,200pt,2,50.0%,0.25,-3569.5,2,-1743.3,9,0.0%,0.0,-7701.8
09:30,+35%,-15%,150m,200pt,2,50.0%,0.25,-3569.5,2,-1743.3,9,0.0%,0.0,-7701.8
09:30,+35%,-15%,150m,400pt,2,50.0%,0.25,-3569.5,2,-889.0,9,0.0%,0.0,-3897.3
09:30,+70%,-15%,150m,400pt,2,50.0%,0.25,-3569.5,2,-889.0,9,0.0%,0.0,-3897.3
09:30,+70%,-15%,150m,200pt,2,50.0%,0.25,-3569.5,2,-1743.3,9,0.0%,0.0,-7701.8
10:00,+50%,-15%,150m,400pt,2,50.0%,0.04,-4403.5,2,-809.8,10,0.0%,0.0,-4112.2
10:00,+50%,-15%,150m,200pt,2,50.0%,0.04,-4403.5,2,-1645.4,10,0.0%,0.0,-8281.5
10:00,+70%,-15%,150m,400pt,2,50.0%,0.04,-4403.5,2,-809.8,10,0.0%,0.0,-4112.2
10:00,+70%,-15%,150m,200pt,2,50.0%,0.04,-4403.5,2,-1645.4,10,0.0%,0.0,-8281.5
10:00,+25%,-15%,150m,400pt,2,50.0%,0.04,-4403.5,2,-809.8,10,0.0%,0.0,-4112.2
10:00,+25%,-15%,150m,200pt,2,50.0%,0.04,-4403.5,2,-1645.4,10,0.0%,0.0,-8281.5
10:00,+35%,-15%,150m,400pt,2,50.0%,0.04,-4403.5,2,-809.8,10,0.0%,0.0,-4112.2
10:00,+35%,-15%,150m,200pt,2,50.0%,0.04,-4403.5,2,-1645.4,10,0.0%,0.0,-8281.5
10:00,+25%,-25%,150m,200pt,2,50.0%,0.04,-4534.0,2,-2607.5,10,0.0%,0.0,-13240.5
10:00,+25%,-25%,150m,400pt,2,50.0%,0.04,-4534.0,2,-1257.3,10,0.0%,0.0,-6367.0
10:00,+50%,-30%,150m,400pt,2,50.0%,0.04,-4534.0,2,-1456.4,10,0.0%,0.0,-7394.3
10:00,+50%,-30%,150m,200pt,2,50.0%,0.04,-4534.0,2,-3132.6,10,0.0%,0.0,-15687.6
10:00,+35%,-20%,150m,200pt,2,50.0%,0.04,-4534.0,2,-2111.7,10,0.0%,0.0,-10722.8
10:00,+35%,-20%,150m,400pt,2,50.0%,0.04,-4534.0,2,-1050.9,10,0.0%,0.0,-5260.3
10:00,+25%,-30%,150m,400pt,2,50.0%,0.04,-4534.0,2,-1456.4,10,0.0%,0.0,-7394.3
10:00,+25%,-30%,150m,200pt,2,50.0%,0.04,-4534.0,2,-3132.6,10,0.0%,0.0,-15687.6
10:00,+35%,-25%,150m,400pt,2,50.0%,0.04,-4534.0,2,-1257.3,10,0.0%,0.0,-6367.0
10:00,+35%,-25%,150m,200pt,2,50.0%,0.04,-4534.0,2,-2607.5,10,0.0%,0.0,-13240.5
10:00,+35%,-30%,150m,200pt,2,50.0%,0.04,-4534.0,2,-3132.6,10,0.0%,0.0,-15687.6
10:00,+35%,-30%,150m,400pt,2,50.0%,0.04,-4534.0,2,-1456.4,10,0.0%,0.0,-7394.3
10:00,+50%,-25%,150m,400pt,2,50.0%,0.04,-4534.0,2,-1257.3,10,0.0%,0.0,-6367.0
10:00,+50%,-25%,150m,200pt,2,50.0%,0.04,-4534.0,2,-2607.5,10,0.0%,0.0,-13240.5
10:00,+25%,-20%,150m,400pt,2,50.0%,0.04,-4534.0,2,-1050.9,10,0.0%,0.0,-5260.3
10:00,+25%,-20%,150m,200pt,2,50.0%,0.04,-4534.0,2,-2111.7,10,0.0%,0.0,-10722.8
10:00,+70%,-30%,150m,200pt,2,50.0%,0.04,-4534.0,2,-3132.6,10,0.0%,0.0,-15687.6
10:00,+70%,-30%,150m,400pt,2,50.0%,0.04,-4534.0,2,-1456.4,10,0.0%,0.0,-7394.3
10:00,+50%,-20%,150m,200pt,2,50.0%,0.04,-4534.0,2,-2111.7,10,0.0%,0.0,-10722.8
10:00,+50%,-20%,150m,400pt,2,50.0%,0.04,-4534.0,2,-1050.9,10,0.0%,0.0,-5260.3
10:00,+70%,-20%,150m,200pt,2,50.0%,0.04,-4534.0,2,-2111.7,10,0.0%,0.0,-10722.8
10:00,+70%,-20%,150m,400pt,2,50.0%,0.04,-4534.0,2,-1050.9,10,0.0%,0.0,-5260.3
10:00,+70%,-25%,150m,400pt,2,50.0%,0.04,-4534.0,2,-1257.3,10,0.0%,0.0,-6367.0
10:00,+70%,-25%,150m,200pt,2,50.0%,0.04,-4534.0,2,-2607.5,10,0.0%,0.0,-13240.5
09:30,+35%,-30%,150m,400pt,2,50.0%,0.21,-4540.0,2,-1624.6,9,0.0%,0.0,-7064.5
09:30,+35%,-30%,150m,200pt,2,50.0%,0.21,-4540.0,2,-3317.9,9,0.0%,0.0,-14646.8
09:30,+70%,-30%,150m,200pt,2,50.0%,0.21,-4540.0,2,-3317.9,9,0.0%,0.0,-14646.8
09:30,+70%,-30%,150m,400pt,2,50.0%,0.21,-4540.0,2,-1624.6,9,0.0%,0.0,-7064.5
09:30,+25%,-25%,150m,200pt,2,50.0%,0.21,-4540.0,2,-2814.8,9,0.0%,0.0,-12321.0
09:30,+25%,-25%,150m,400pt,2,50.0%,0.21,-4540.0,2,-1393.3,9,0.0%,0.0,-6020.8
09:30,+25%,-30%,150m,200pt,2,50.0%,0.21,-4540.0,2,-3317.9,9,0.0%,0.0,-14646.8
09:30,+25%,-30%,150m,400pt,2,50.0%,0.21,-4540.0,2,-1624.6,9,0.0%,0.0,-7064.5
09:30,+25%,-20%,150m,400pt,2,50.0%,0.21,-4540.0,2,-1126.8,9,0.0%,0.0,-4948.0
09:30,+25%,-20%,150m,200pt,2,50.0%,0.21,-4540.0,2,-2268.9,9,0.0%,0.0,-10064.9
09:30,+35%,-25%,150m,400pt,2,50.0%,0.21,-4540.0,2,-1393.3,9,0.0%,0.0,-6020.8
09:30,+35%,-25%,150m,200pt,2,50.0%,0.21,-4540.0,2,-2814.8,9,0.0%,0.0,-12321.0
09:30,+70%,-20%,150m,400pt,2,50.0%,0.21,-4540.0,2,-1126.8,9,0.0%,0.0,-4948.0
09:30,+70%,-20%,150m,200pt,2,50.0%,0.21,-4540.0,2,-2268.9,9,0.0%,0.0,-10064.9
09:30,+35%,-20%,150m,200pt,2,50.0%,0.21,-4540.0,2,-2268.9,9,0.0%,0.0,-10064.9
09:30,+35%,-20%,150m,400pt,2,50.0%,0.21,-4540.0,2,-1126.8,9,0.0%,0.0,-4948.0
09:30,+70%,-25%,150m,200pt,2,50.0%,0.21,-4540.0,2,-2814.8,9,0.0%,0.0,-12321.0
09:30,+70%,-25%,150m,400pt,2,50.0%,0.21,-4540.0,2,-1393.3,9,0.0%,0.0,-6020.8
09:30,+50%,-30%,150m,400pt,2,50.0%,0.21,-4540.0,2,-1624.6,9,0.0%,0.0,-7064.5
09:30,+50%,-30%,150m,200pt,2,50.0%,0.21,-4540.0,2,-3317.9,9,0.0%,0.0,-14646.8
09:30,+50%,-20%,150m,400pt,2,50.0%,0.21,-4540.0,2,-1126.8,9,0.0%,0.0,-4948.0
09:30,+50%,-20%,150m,200pt,2,50.0%,0.21,-4540.0,2,-2268.9,9,0.0%,0.0,-10064.9
09:30,+50%,-25%,150m,400pt,2,50.0%,0.21,-4540.0,2,-1393.3,9,0.0%,0.0,-6020.8
09:30,+50%,-25%,150m,200pt,2,50.0%,0.21,-4540.0,2,-2814.8,9,0.0%,0.0,-12321.0
