strategy,entry_time,exit_time,capital,gross_pnl,net_pnl,pnl_pct,close_reason
Decoupled Asymmetric Strangle,2026-08-25 10:19,2026-08-25 11:19,8120.62,-1941.77,-2021.77,-24.9,MAX_HOLD_60M
Decoupled Asymmetric Strangle,2026-08-25 13:01,2026-08-25 13:53,4903.65,-1589.85,-1669.85,-34.05,BOTH_LEGS_RESOLVED
Decoupled Asymmetric Strangle,2026-08-26 09:47,2026-08-26 10:47,5504.52,-1373.17,-1453.17,-26.4,MAX_HOLD_60M
Decoupled Asymmetric Strangle,2026-08-26 11:17,2026-08-26 12:17,4403.39,-1362.28,-1442.28,-32.75,MAX_HOLD_60M
Decoupled Asymmetric Strangle,2026-08-26 13:01,2026-08-26 14:01,2927.9,-649.68,-729.68,-24.92,MAX_HOLD_60M
Decoupled Asymmetric Strangle,2026-09-01 09:47,2026-09-01 10:47,8650.6,59.38,-20.62,-0.24,MAX_HOLD_60M
Decoupled Asymmetric Strangle,2026-09-01 13:01,2026-09-01 13:17,4935.46,837.88,757.88,15.36,BOTH_LEGS_RESOLVED
Decoupled Asymmetric Strangle,2026-09-01 13:50,2026-09-01 14:09,3634.5,605.33,525.33,14.45,BOTH_LEGS_RESOLVED
Decoupled Asymmetric Strangle,2026-09-02 09:45,2026-09-02 10:21,5428.85,1574.18,1494.18,27.52,BOTH_LEGS_RESOLVED
Decoupled Asymmetric Strangle,2026-09-02 10:52,2026-09-02 11:05,4639.39,92.54,12.54,0.27,BOTH_LEGS_RESOLVED
Decoupled Asymmetric Strangle,2026-09-02 13:11,2026-09-02 14:00,2643.04,-1041.63,-1121.63,-42.44,BOTH_LEGS_RESOLVED
Decoupled Asymmetric Strangle,2026-09-08 09:47,2026-09-08 10:47,8506.05,-976.3,-1056.3,-12.42,MAX_HOLD_60M
Decoupled Asymmetric Strangle,2026-09-08 11:25,2026-09-08 12:08,6891.4,179.72,99.72,1.45,BOTH_LEGS_RESOLVED
Decoupled Asymmetric Strangle,2026-09-08 13:04,2026-09-08 14:01,4739.88,-1506.45,-1586.45,-33.47,BOTH_LEGS_RESOLVED
Decoupled Asymmetric Strangle,2026-09-09 09:46,2026-09-09 10:30,5274.99,271.17,191.17,3.62,BOTH_LEGS_RESOLVED
Decoupled Asymmetric Strangle,2026-09-09 11:03,2026-09-09 12:03,4390.14,230.02,150.02,3.42,MAX_HOLD_60M
Decoupled Asymmetric Strangle,2026-09-09 13:02,2026-09-09 13:42,2788.39,-873.91,-953.91,-34.21,BOTH_LEGS_RESOLVED
Decoupled Asymmetric Strangle,2026-09-09 14:13,2026-09-09 14:27,1638.79,-551.39,-631.39,-38.53,BOTH_LEGS_RESOLVED
Decoupled Asymmetric Strangle,2026-09-15 09:46,2026-09-15 10:25,8479.6,330.95,250.95,2.96,BOTH_LEGS_RESOLVED
Decoupled Asymmetric Strangle,2026-09-15 10:55,2026-09-15 11:55,7246.96,-1126.5,-1206.5,-16.65,MAX_HOLD_60M
Decoupled Asymmetric Strangle,2026-09-15 13:05,2026-09-15 14:05,4618.29,-237.07,-317.07,-6.87,MAX_HOLD_60M
Decoupled Asymmetric Strangle,2026-09-16 09:50,2026-09-16 09:54,5196.57,619.39,539.39,10.38,BOTH_LEGS_RESOLVED
Decoupled Asymmetric Strangle,2026-09-16 10:24,2026-09-16 10:36,4790.84,906.61,826.61,17.25,BOTH_LEGS_RESOLVED
Decoupled Asymmetric Strangle,2026-09-16 11:07,2026-09-16 11:27,4313.84,364.07,284.07,6.59,BOTH_LEGS_RESOLVED
Decoupled Asymmetric Strangle,2026-09-16 13:04,2026-09-16 13:08,2715.42,26.08,-53.92,-1.99,BOTH_LEGS_RESOLVED
Decoupled Asymmetric Strangle,2026-09-16 13:41,2026-09-16 14:01,2108.02,-756.24,-836.24,-39.67,BOTH_LEGS_RESOLVED
Decoupled Asymmetric Strangle,2026-09-22 09:45,2026-09-22 10:33,8481.91,642.29,562.29,6.63,BOTH_LEGS_RESOLVED
Decoupled Asymmetric Strangle,2026-09-22 11:05,2026-09-22 12:05,7089.68,-1561.92,-1641.92,-23.16,MAX_HOLD_60M
Decoupled Asymmetric Strangle,2026-09-22 13:01,2026-09-22 13:30,4714.9,-710.45,-790.45,-16.76,COMBINED_SAFETY_STOP (-15%)
Decoupled Asymmetric Strangle,2026-09-22 14:00,2026-09-22 14:11,3190.96,456.18,376.18,11.79,BOTH_LEGS_RESOLVED
Decoupled Asymmetric Strangle,2026-09-23 09:45,2026-09-23 10:44,5290.73,685.87,605.87,11.45,BOTH_LEGS_RESOLVED
Decoupled Asymmetric Strangle,2026-09-23 11:15,2026-09-23 12:15,4240.82,-848.95,-928.95,-21.91,MAX_HOLD_60M
Decoupled Asymmetric Strangle,2026-09-23 13:02,2026-09-23 14:02,2739.43,-525.71,-605.71,-22.11,MAX_HOLD_60M
Decoupled Asymmetric Strangle,2026-09-28 13:48,2026-09-28 14:48,9963.03,-993.12,-1073.12,-10.77,MAX_HOLD_60M
Decoupled Asymmetric Strangle,2026-09-29 09:46,2026-09-29 10:43,7939.99,-2419.34,-2499.34,-31.48,BOTH_LEGS_RESOLVED
Decoupled Asymmetric Strangle,2026-09-29 11:28,2026-09-29 11:33,6360.99,86.13,6.13,0.1,BOTH_LEGS_RESOLVED
Decoupled Asymmetric Strangle,2026-09-29 13:03,2026-09-29 13:38,4444.5,568.82,488.82,11.0,BOTH_LEGS_RESOLVED
Decoupled Asymmetric Strangle,2026-09-29 14:09,2026-09-29 14:30,2776.23,-912.96,-992.96,-35.77,BOTH_LEGS_RESOLVED
Decoupled Asymmetric Strangle,2026-09-30 09:57,2026-09-30 10:10,4968.51,876.82,796.82,16.04,BOTH_LEGS_RESOLVED
Decoupled Asymmetric Strangle,2026-09-30 10:41,2026-09-30 11:30,4424.52,782.81,702.81,15.88,BOTH_LEGS_RESOLVED
Decoupled Asymmetric Strangle,2026-09-30 13:03,2026-09-30 13:37,2656.41,-876.75,-956.75,-36.02,BOTH_LEGS_RESOLVED
Decoupled Asymmetric Strangle,2026-09-30 14:09,2026-09-30 14:12,1479.28,46.86,-33.14,-2.24,BOTH_LEGS_RESOLVED
Decoupled Asymmetric Strangle,2026-10-05 13:58,2026-10-05 14:58,9915.37,-228.24,-308.24,-3.11,MAX_HOLD_60M
Decoupled Asymmetric Strangle,2026-10-06 09:47,2026-10-06 10:07,8164.92,1155.01,1075.01,13.17,BOTH_LEGS_RESOLVED
Decoupled Asymmetric Strangle,2026-10-06 10:39,2026-10-06 11:39,7359.03,-590.79,-670.79,-9.12,MAX_HOLD_60M
Decoupled Asymmetric Strangle,2026-10-06 13:01,2026-10-06 13:32,4579.62,-727.29,-807.29,-17.63,COMBINED_SAFETY_STOP (-15%)
Decoupled Asymmetric Strangle,2026-10-06 14:03,2026-10-06 14:28,3029.7,175.38,95.38,3.15,BOTH_LEGS_RESOLVED
