box_m,max_pct,buf,tp,sl,spot_sl,trades,wr,pf,pnl,avg,max_dd
30m,1.5%,50pt,+70%,-15%,False,17,17.6%,0.97,-628.88,-36.99,8067.43
30m,1.25%,50pt,+70%,-15%,False,17,17.6%,0.97,-628.88,-36.99,8067.43
45m,1.25%,100pt,+50%,-15%,True,15,20.0%,0.94,-908.16,-60.54,6088.69
45m,1.5%,50pt,+70%,-15%,False,17,17.6%,0.91,-1660.09,-97.65,8067.43
45m,1.25%,50pt,+70%,-15%,False,17,17.6%,0.91,-1660.09,-97.65,8067.43
45m,1.25%,100pt,+50%,-15%,False,15,20.0%,0.88,-1812.23,-120.82,6435.38
45m,1.5%,100pt,+50%,-15%,True,16,18.8%,0.86,-2227.24,-139.2,6088.69
60m,0.75%,75pt,+50%,-15%,True,14,14.3%,0.83,-2243.96,-160.28,5554.92
60m,1.0%,75pt,+50%,-15%,True,14,14.3%,0.83,-2243.96,-160.28,5554.92
60m,1.25%,75pt,+50%,-15%,True,14,14.3%,0.83,-2243.96,-160.28,5554.92
30m,1.25%,100pt,+50%,-20%,True,15,20.0%,0.86,-2383.71,-158.91,6974.27
30m,1.5%,100pt,+50%,-20%,True,15,20.0%,0.86,-2383.71,-158.91,6974.27
60m,1.0%,100pt,+50%,-15%,True,12,16.7%,0.79,-2451.96,-204.33,4058.32
60m,1.25%,100pt,+50%,-15%,True,12,16.7%,0.79,-2451.96,-204.33,4058.32
60m,0.75%,100pt,+50%,-15%,True,12,16.7%,0.79,-2451.96,-204.33,4058.32
45m,1.25%,100pt,+50%,-20%,True,15,20.0%,0.84,-2588.57,-172.57,6974.27
45m,1.5%,100pt,+50%,-20%,True,15,20.0%,0.84,-2588.57,-172.57,6974.27
60m,1.25%,75pt,+50%,-15%,False,13,15.4%,0.79,-2762.27,-212.48,5686.0
60m,0.75%,75pt,+50%,-15%,False,13,15.4%,0.79,-2762.27,-212.48,5686.0
60m,1.0%,75pt,+50%,-15%,False,13,15.4%,0.79,-2762.27,-212.48,5686.0
30m,1.5%,100pt,+50%,-20%,False,14,21.4%,0.82,-3009.51,-214.96,6942.62
30m,1.25%,100pt,+50%,-20%,False,14,21.4%,0.82,-3009.51,-214.96,6942.62
60m,1.0%,100pt,+40%,-15%,True,12,16.7%,0.74,-3021.45,-251.79,4058.32
60m,1.25%,100pt,+40%,-15%,True,12,16.7%,0.74,-3021.45,-251.79,4058.32
60m,0.75%,100pt,+40%,-15%,True,12,16.7%,0.74,-3021.45,-251.79,4058.32
30m,1.25%,30pt,+30%,-25%,False,14,50.0%,0.82,-3115.66,-222.55,4829.41
30m,1.5%,30pt,+30%,-25%,False,14,50.0%,0.82,-3115.66,-222.55,4829.41
45m,1.5%,100pt,+50%,-15%,False,16,18.8%,0.81,-3131.31,-195.71,6435.38
45m,1.25%,100pt,+50%,-20%,False,14,21.4%,0.81,-3214.37,-229.6,6942.62
45m,1.5%,100pt,+50%,-20%,False,14,21.4%,0.81,-3214.37,-229.6,6942.62
30m,1.5%,100pt,+50%,-25%,False,13,23.1%,0.81,-3222.51,-247.89,8424.72
30m,1.25%,100pt,+50%,-25%,False,13,23.1%,0.81,-3222.51,-247.89,8424.72
30m,1.25%,50pt,+70%,-20%,False,16,18.8%,0.85,-3290.75,-205.67,10520.31
30m,1.5%,50pt,+70%,-20%,False,16,18.8%,0.85,-3290.75,-205.67,10520.31
45m,1.5%,100pt,+50%,-25%,False,13,23.1%,0.8,-3417.78,-262.91,8424.72
45m,1.25%,100pt,+50%,-25%,False,13,23.1%,0.8,-3417.78,-262.91,8424.72
30m,1.5%,30pt,+70%,-15%,False,18,16.7%,0.84,-3449.98,-191.67,8004.65
30m,1.25%,30pt,+70%,-15%,False,18,16.7%,0.84,-3449.98,-191.67,8004.65
60m,0.75%,100pt,+50%,-20%,True,12,16.7%,0.73,-3501.85,-291.82,4560.31
60m,1.0%,100pt,+50%,-20%,True,12,16.7%,0.73,-3501.85,-291.82,4560.31
60m,1.25%,100pt,+50%,-20%,True,12,16.7%,0.73,-3501.85,-291.82,4560.31
45m,1.25%,30pt,+30%,-25%,False,14,50.0%,0.79,-3592.03,-256.57,4829.41
45m,1.5%,30pt,+30%,-25%,False,14,50.0%,0.79,-3592.03,-256.57,4829.41
60m,1.5%,30pt,+30%,-25%,False,14,50.0%,0.78,-3814.9,-272.49,4749.97
45m,0.75%,100pt,+50%,-15%,True,14,14.3%,0.74,-3849.12,-274.94,6088.69
45m,1.0%,100pt,+50%,-15%,True,14,14.3%,0.74,-3849.12,-274.94,6088.69
60m,1.25%,75pt,+50%,-20%,True,14,14.3%,0.73,-3850.26,-275.02,6791.1
60m,0.75%,75pt,+50%,-20%,True,14,14.3%,0.73,-3850.26,-275.02,6791.1
60m,1.0%,75pt,+50%,-20%,True,14,14.3%,0.73,-3850.26,-275.02,6791.1
30m,1.25%,30pt,+70%,-25%,False,14,21.4%,0.82,-3878.67,-277.05,9306.97
30m,1.5%,30pt,+70%,-25%,False,14,21.4%,0.82,-3878.67,-277.05,9306.97
30m,1.5%,100pt,+50%,-25%,True,15,20.0%,0.78,-3940.77,-262.72,8060.42
30m,1.25%,100pt,+50%,-25%,True,15,20.0%,0.78,-3940.77,-262.72,8060.42
30m,0.75%,100pt,+50%,-15%,True,14,14.3%,0.73,-3942.16,-281.58,6088.69
30m,1.0%,100pt,+50%,-15%,True,14,14.3%,0.73,-3942.16,-281.58,6088.69
60m,1.0%,100pt,+40%,-20%,True,12,16.7%,0.68,-4071.33,-339.28,4560.31
60m,0.75%,100pt,+40%,-20%,True,12,16.7%,0.68,-4071.33,-339.28,4560.31
60m,1.25%,100pt,+40%,-20%,True,12,16.7%,0.68,-4071.33,-339.28,4560.31
45m,1.5%,100pt,+50%,-25%,True,15,20.0%,0.77,-4136.04,-275.74,8060.42
45m,1.25%,100pt,+50%,-25%,True,15,20.0%,0.77,-4136.04,-275.74,8060.42
60m,1.25%,75pt,+30%,-15%,True,14,21.4%,0.65,-4199.86,-299.99,4574.36
60m,0.75%,75pt,+30%,-15%,True,14,21.4%,0.65,-4199.86,-299.99,4574.36
60m,1.0%,75pt,+30%,-15%,True,14,21.4%,0.65,-4199.86,-299.99,4574.36
30m,1.25%,30pt,+70%,-20%,False,16,18.8%,0.81,-4349.72,-271.86,10642.09
30m,1.5%,30pt,+70%,-20%,False,16,18.8%,0.81,-4349.72,-271.86,10642.09
30m,1.25%,30pt,+30%,-25%,True,19,26.3%,0.65,-4390.0,-231.05,4202.53
30m,1.5%,30pt,+30%,-25%,True,19,26.3%,0.65,-4390.0,-231.05,4202.53
30m,1.25%,30pt,+30%,-20%,True,19,26.3%,0.65,-4390.0,-231.05,4202.53
30m,1.5%,30pt,+30%,-20%,True,19,26.3%,0.65,-4390.0,-231.05,4202.53
45m,1.25%,50pt,+70%,-20%,False,16,18.8%,0.8,-4429.29,-276.83,10520.31
45m,1.5%,50pt,+70%,-20%,False,16,18.8%,0.8,-4429.29,-276.83,10520.31
60m,1.0%,100pt,+50%,-25%,True,12,16.7%,0.67,-4505.96,-375.5,5160.78
60m,1.25%,100pt,+50%,-25%,True,12,16.7%,0.67,-4505.96,-375.5,5160.78
60m,0.75%,100pt,+50%,-25%,True,12,16.7%,0.67,-4505.96,-375.5,5160.78
60m,1.0%,75pt,+50%,-25%,True,14,14.3%,0.7,-4546.8,-324.77,7463.65
60m,0.75%,75pt,+50%,-25%,True,14,14.3%,0.7,-4546.8,-324.77,7463.65
60m,1.25%,75pt,+50%,-25%,True,14,14.3%,0.7,-4546.8,-324.77,7463.65
60m,1.5%,75pt,+50%,-15%,True,16,12.5%,0.7,-4607.91,-287.99,5554.92
30m,1.25%,30pt,+30%,-20%,False,16,43.8%,0.75,-4619.67,-288.73,6928.85
30m,1.5%,30pt,+30%,-20%,False,16,43.8%,0.75,-4619.67,-288.73,6928.85
60m,1.0%,100pt,+50%,-25%,False,10,20.0%,0.67,-4631.54,-463.15,5448.51
60m,1.25%,100pt,+50%,-25%,False,10,20.0%,0.67,-4631.54,-463.15,5448.51
60m,0.75%,100pt,+50%,-25%,False,10,20.0%,0.67,-4631.54,-463.15,5448.51
60m,0.75%,100pt,+50%,-15%,False,12,16.7%,0.67,-4696.79,-391.4,5439.04
60m,1.0%,100pt,+50%,-15%,False,12,16.7%,0.67,-4696.79,-391.4,5439.04
60m,1.25%,100pt,+50%,-15%,False,12,16.7%,0.67,-4696.79,-391.4,5439.04
60m,1.0%,75pt,+30%,-15%,False,13,23.1%,0.62,-4718.16,-362.94,6497.68
60m,0.75%,75pt,+30%,-15%,False,13,23.1%,0.62,-4718.16,-362.94,6497.68
60m,1.25%,75pt,+30%,-15%,False,13,23.1%,0.62,-4718.16,-362.94,6497.68
45m,0.75%,30pt,+30%,-15%,False,16,37.5%,0.71,-4735.19,-295.95,5113.83
45m,1.0%,100pt,+50%,-15%,False,14,14.3%,0.7,-4753.18,-339.51,6435.38
45m,0.75%,100pt,+50%,-15%,False,14,14.3%,0.7,-4753.18,-339.51,6435.38
45m,1.25%,100pt,+40%,-15%,True,15,20.0%,0.68,-4769.72,-317.98,6088.69
30m,1.0%,100pt,+50%,-15%,False,14,14.3%,0.69,-4846.22,-346.16,6435.38
30m,0.75%,100pt,+50%,-15%,False,14,14.3%,0.69,-4846.22,-346.16,6435.38
30m,1.25%,100pt,+50%,-15%,True,15,13.3%,0.69,-4849.72,-323.31,6088.69
60m,1.5%,100pt,+50%,-15%,True,14,14.3%,0.66,-4865.81,-347.56,5320.39
60m,0.75%,100pt,+40%,-25%,True,12,16.7%,0.63,-5075.44,-422.95,5160.78
60m,1.25%,100pt,+40%,-25%,True,12,16.7%,0.63,-5075.44,-422.95,5160.78
60m,1.0%,100pt,+40%,-25%,True,12,16.7%,0.63,-5075.44,-422.95,5160.78
30m,1.0%,30pt,+30%,-25%,False,13,46.2%,0.7,-5092.33,-391.72,4829.41
30m,0.75%,30pt,+30%,-25%,False,13,46.2%,0.7,-5092.33,-391.72,4829.41
60m,1.5%,75pt,+50%,-15%,False,15,13.3%,0.68,-5126.22,-341.75,6537.52
45m,1.25%,30pt,+70%,-25%,False,14,21.4%,0.77,-5134.68,-366.76,9306.97
45m,1.5%,30pt,+70%,-25%,False,14,21.4%,0.77,-5134.68,-366.76,9306.97
60m,0.75%,30pt,+30%,-25%,False,13,46.2%,0.7,-5149.09,-396.08,4749.97
60m,1.0%,30pt,+30%,-25%,False,13,46.2%,0.7,-5149.09,-396.08,4749.97
60m,1.25%,30pt,+30%,-25%,False,13,46.2%,0.7,-5149.09,-396.08,4749.97
60m,0.75%,100pt,+40%,-25%,False,10,20.0%,0.63,-5201.02,-520.1,5448.51
60m,1.0%,100pt,+40%,-25%,False,10,20.0%,0.63,-5201.02,-520.1,5448.51
60m,1.25%,100pt,+40%,-25%,False,10,20.0%,0.63,-5201.02,-520.1,5448.51
60m,0.75%,75pt,+40%,-15%,True,14,14.3%,0.59,-5249.24,-374.95,5554.92
60m,1.0%,75pt,+40%,-15%,True,14,14.3%,0.59,-5249.24,-374.95,5554.92
60m,1.25%,75pt,+40%,-15%,True,14,14.3%,0.59,-5249.24,-374.95,5554.92
60m,1.25%,100pt,+40%,-15%,False,12,16.7%,0.62,-5266.28,-438.86,5439.04
60m,1.0%,100pt,+40%,-15%,False,12,16.7%,0.62,-5266.28,-438.86,5439.04
60m,0.75%,100pt,+40%,-15%,False,12,16.7%,0.62,-5266.28,-438.86,5439.04
45m,1.0%,30pt,+30%,-25%,False,13,46.2%,0.69,-5324.14,-409.55,4829.41
45m,0.75%,30pt,+30%,-25%,False,13,46.2%,0.69,-5324.14,-409.55,4829.41
60m,1.5%,100pt,+40%,-15%,True,14,14.3%,0.62,-5435.29,-388.24,5889.87
60m,1.25%,75pt,+30%,-20%,True,14,21.4%,0.59,-5481.23,-391.52,5628.06
60m,1.0%,75pt,+30%,-20%,True,14,21.4%,0.59,-5481.23,-391.52,5628.06
60m,0.75%,75pt,+30%,-20%,True,14,21.4%,0.59,-5481.23,-391.52,5628.06
60m,1.0%,100pt,+50%,-20%,False,11,18.2%,0.63,-5483.37,-498.49,6513.5
60m,1.25%,100pt,+50%,-20%,False,11,18.2%,0.63,-5483.37,-498.49,6513.5
60m,0.75%,100pt,+50%,-20%,False,11,18.2%,0.63,-5483.37,-498.49,6513.5
45m,1.0%,100pt,+50%,-20%,True,14,14.3%,0.66,-5529.52,-394.97,6974.27
45m,0.75%,100pt,+50%,-20%,True,14,14.3%,0.66,-5529.52,-394.97,6974.27
30m,1.0%,100pt,+50%,-20%,True,14,14.3%,0.66,-5603.3,-400.24,6974.27
30m,0.75%,100pt,+50%,-20%,True,14,14.3%,0.66,-5603.3,-400.24,6974.27
45m,1.25%,100pt,+40%,-15%,False,15,20.0%,0.64,-5673.78,-378.25,6435.38
60m,1.0%,100pt,+30%,-15%,True,12,16.7%,0.52,-5698.79,-474.9,4058.32
60m,1.25%,100pt,+30%,-15%,True,12,16.7%,0.52,-5698.79,-474.9,4058.32
60m,0.75%,100pt,+30%,-15%,True,12,16.7%,0.52,-5698.79,-474.9,4058.32
30m,1.0%,50pt,+70%,-15%,False,16,12.5%,0.7,-5729.08,-358.07,8067.43
30m,0.75%,50pt,+70%,-15%,False,16,12.5%,0.7,-5729.08,-358.07,8067.43
45m,0.75%,50pt,+70%,-15%,False,16,12.5%,0.7,-5746.57,-359.16,8067.43
45m,1.0%,50pt,+70%,-15%,False,16,12.5%,0.7,-5746.57,-359.16,8067.43
30m,1.25%,100pt,+50%,-15%,False,15,13.3%,0.65,-5753.79,-383.59,6435.38
60m,0.75%,75pt,+40%,-15%,False,13,15.4%,0.57,-5767.55,-443.66,5686.0
60m,1.25%,75pt,+40%,-15%,False,13,15.4%,0.57,-5767.55,-443.66,5686.0
60m,1.0%,75pt,+40%,-15%,False,13,15.4%,0.57,-5767.55,-443.66,5686.0
60m,1.0%,75pt,+30%,-25%,True,14,21.4%,0.57,-5834.76,-416.77,5981.6
60m,0.75%,75pt,+30%,-25%,True,14,21.4%,0.57,-5834.76,-416.77,5981.6
60m,1.25%,75pt,+30%,-25%,True,14,21.4%,0.57,-5834.76,-416.77,5981.6
30m,1.25%,30pt,+30%,-15%,True,19,21.1%,0.53,-5940.71,-312.67,5753.25
30m,1.5%,30pt,+30%,-15%,True,19,21.1%,0.53,-5940.71,-312.67,5753.25
30m,1.5%,30pt,+70%,-15%,True,19,10.5%,0.58,-5961.25,-313.75,7325.68
30m,1.25%,30pt,+70%,-15%,True,19,10.5%,0.58,-5961.25,-313.75,7325.68
30m,1.5%,100pt,+50%,-15%,True,16,12.5%,0.64,-6002.0,-375.12,6088.69
60m,1.25%,100pt,+40%,-20%,False,11,18.2%,0.59,-6052.85,-550.26,6996.52
60m,1.0%,100pt,+40%,-20%,False,11,18.2%,0.59,-6052.85,-550.26,6996.52
60m,0.75%,100pt,+40%,-20%,False,11,18.2%,0.59,-6052.85,-550.26,6996.52
45m,1.5%,100pt,+40%,-15%,True,16,18.8%,0.62,-6088.8,-380.55,6088.69
30m,1.25%,30pt,+40%,-20%,True,19,21.1%,0.56,-6115.96,-321.89,6982.49
30m,1.5%,30pt,+40%,-20%,True,19,21.1%,0.56,-6115.96,-321.89,6982.49
30m,0.75%,30pt,+30%,-25%,True,17,23.5%,0.51,-6135.48,-360.91,5948.01
30m,0.75%,30pt,+30%,-20%,True,17,23.5%,0.51,-6135.48,-360.91,5948.01
60m,1.5%,100pt,+50%,-20%,True,14,14.3%,0.6,-6139.49,-438.54,6092.08
45m,0.75%,100pt,+50%,-20%,False,13,15.4%,0.64,-6155.33,-473.49,6942.62
45m,1.0%,100pt,+50%,-20%,False,13,15.4%,0.64,-6155.33,-473.49,6942.62
60m,1.5%,75pt,+50%,-20%,True,16,12.5%,0.63,-6214.21,-388.39,6791.1
30m,0.75%,100pt,+50%,-20%,False,13,15.4%,0.64,-6229.11,-479.16,6942.62
30m,1.0%,100pt,+50%,-20%,False,13,15.4%,0.64,-6229.11,-479.16,6942.62
30m,1.5%,50pt,+50%,-15%,False,17,17.6%,0.67,-6306.0,-370.94,8067.43
30m,1.25%,50pt,+50%,-15%,False,17,17.6%,0.67,-6306.0,-370.94,8067.43
45m,0.75%,100pt,+50%,-25%,False,12,16.7%,0.63,-6358.73,-529.89,8424.72
45m,1.0%,100pt,+50%,-25%,False,12,16.7%,0.63,-6358.73,-529.89,8424.72
30m,1.5%,30pt,+40%,-25%,False,14,35.7%,0.68,-6362.53,-454.47,8245.79
30m,1.25%,30pt,+40%,-25%,False,14,35.7%,0.68,-6362.53,-454.47,8245.79
30m,1.0%,30pt,+30%,-25%,True,18,22.2%,0.5,-6366.67,-353.7,6179.2
30m,1.0%,30pt,+30%,-20%,True,18,22.2%,0.5,-6366.67,-353.7,6179.2
60m,0.75%,30pt,+30%,-20%,False,15,40.0%,0.65,-6368.83,-424.59,6473.04
60m,1.25%,30pt,+30%,-20%,False,15,40.0%,0.65,-6368.83,-424.59,6473.04
60m,1.0%,30pt,+30%,-20%,False,15,40.0%,0.65,-6368.83,-424.59,6473.04
60m,1.0%,75pt,+50%,-25%,False,12,16.7%,0.63,-6385.34,-532.11,8510.78
60m,1.25%,75pt,+50%,-25%,False,12,16.7%,0.63,-6385.34,-532.11,8510.78
60m,0.75%,75pt,+50%,-25%,False,12,16.7%,0.63,-6385.34,-532.11,8510.78
60m,0.75%,75pt,+50%,-20%,False,13,15.4%,0.62,-6423.29,-494.1,7270.33
60m,1.0%,75pt,+50%,-20%,False,13,15.4%,0.62,-6423.29,-494.1,7270.33
60m,1.25%,75pt,+50%,-20%,False,13,15.4%,0.62,-6423.29,-494.1,7270.33
30m,0.75%,100pt,+50%,-25%,False,12,16.7%,0.63,-6442.11,-536.84,8424.72
30m,1.0%,100pt,+50%,-25%,False,12,16.7%,0.63,-6442.11,-536.84,8424.72
45m,1.25%,100pt,+40%,-20%,True,15,20.0%,0.61,-6450.12,-430.01,6974.27
45m,1.5%,100pt,+40%,-20%,True,15,20.0%,0.61,-6450.12,-430.01,6974.27
30m,1.25%,30pt,+40%,-25%,True,19,21.1%,0.55,-6457.42,-339.86,7323.95
30m,1.5%,30pt,+40%,-25%,True,19,21.1%,0.55,-6457.42,-339.86,7323.95
45m,0.75%,30pt,+70%,-15%,False,16,12.5%,0.67,-6457.92,-403.62,8004.65
45m,1.5%,50pt,+50%,-15%,False,17,17.6%,0.67,-6465.85,-380.34,8067.43
45m,1.25%,50pt,+50%,-15%,False,17,17.6%,0.67,-6465.85,-380.34,8067.43
30m,0.75%,30pt,+70%,-15%,False,16,12.5%,0.67,-6483.88,-405.24,8004.65
60m,1.5%,75pt,+30%,-15%,True,16,18.8%,0.54,-6563.81,-410.24,6710.64
30m,1.0%,30pt,+30%,-20%,False,15,40.0%,0.65,-6596.34,-439.76,6928.85
30m,0.75%,30pt,+30%,-20%,False,15,40.0%,0.65,-6596.34,-439.76,6928.85
45m,1.25%,100pt,+30%,-15%,True,15,20.0%,0.55,-6632.47,-442.16,6088.69
30m,1.25%,100pt,+40%,-20%,True,15,20.0%,0.6,-6653.77,-443.58,6974.27
30m,1.5%,100pt,+40%,-20%,True,15,20.0%,0.6,-6653.77,-443.58,6974.27
60m,1.5%,100pt,+40%,-20%,True,14,14.3%,0.57,-6708.97,-479.21,6661.57
30m,0.75%,30pt,+30%,-15%,False,16,31.2%,0.61,-6734.84,-420.93,6718.83
60m,1.25%,100pt,+30%,-20%,True,12,16.7%,0.47,-6748.68,-562.39,4696.19
60m,0.75%,100pt,+30%,-20%,True,12,16.7%,0.47,-6748.68,-562.39,4696.19
60m,1.0%,100pt,+30%,-20%,True,12,16.7%,0.47,-6748.68,-562.39,4696.19
60m,1.5%,30pt,+30%,-20%,False,17,41.2%,0.66,-6801.28,-400.08,6473.04
45m,1.0%,30pt,+30%,-15%,False,17,35.3%,0.63,-6801.49,-400.09,6785.48
30m,1.5%,30pt,+30%,-15%,False,18,33.3%,0.65,-6824.48,-379.14,8785.13
30m,1.25%,30pt,+30%,-15%,False,18,33.3%,0.65,-6824.48,-379.14,8785.13
45m,0.75%,30pt,+30%,-20%,False,15,40.0%,0.63,-6828.16,-455.21,6928.85
45m,1.0%,30pt,+30%,-20%,False,15,40.0%,0.63,-6828.16,-455.21,6928.85
60m,0.75%,30pt,+30%,-15%,True,17,17.6%,0.41,-6842.34,-402.49,6885.87
60m,0.75%,75pt,+40%,-20%,True,14,14.3%,0.53,-6855.54,-489.68,6791.1
60m,1.0%,75pt,+40%,-20%,True,14,14.3%,0.53,-6855.54,-489.68,6791.1
60m,1.25%,75pt,+40%,-20%,True,14,14.3%,0.53,-6855.54,-489.68,6791.1
60m,0.75%,30pt,+30%,-25%,True,17,17.6%,0.41,-6869.22,-404.07,6912.74
60m,0.75%,30pt,+30%,-20%,True,17,17.6%,0.41,-6869.22,-404.07,6912.74
30m,1.5%,100pt,+50%,-15%,False,16,12.5%,0.61,-6906.06,-431.63,6496.05
45m,1.5%,100pt,+40%,-15%,False,16,18.8%,0.59,-6992.86,-437.05,6435.38
45m,0.75%,100pt,+40%,-15%,True,14,14.3%,0.52,-7054.22,-503.87,6088.69
45m,1.0%,100pt,+40%,-15%,True,14,14.3%,0.52,-7054.22,-503.87,6088.69
60m,1.0%,30pt,+30%,-15%,True,18,16.7%,0.4,-7073.52,-392.97,7117.05
60m,1.25%,30pt,+30%,-15%,True,18,16.7%,0.4,-7073.52,-392.97,7117.05
45m,1.25%,100pt,+40%,-20%,False,14,21.4%,0.58,-7075.93,-505.42,6942.62
45m,1.5%,100pt,+40%,-20%,False,14,21.4%,0.58,-7075.93,-505.42,6942.62
45m,1.0%,100pt,+50%,-25%,True,14,14.3%,0.6,-7076.99,-505.5,8060.42
45m,0.75%,100pt,+50%,-25%,True,14,14.3%,0.6,-7076.99,-505.5,8060.42
60m,1.5%,75pt,+30%,-15%,False,15,20.0%,0.52,-7082.11,-472.14,8861.63
60m,1.25%,30pt,+30%,-20%,True,18,16.7%,0.4,-7100.4,-394.47,7143.93
60m,1.0%,30pt,+30%,-25%,True,18,16.7%,0.4,-7100.4,-394.47,7143.93
60m,1.0%,30pt,+30%,-20%,True,18,16.7%,0.4,-7100.4,-394.47,7143.93
60m,1.25%,30pt,+30%,-25%,True,18,16.7%,0.4,-7100.4,-394.47,7143.93
60m,1.5%,100pt,+50%,-15%,False,14,14.3%,0.57,-7110.64,-507.9,7218.52
30m,0.75%,100pt,+40%,-15%,True,14,14.3%,0.52,-7147.26,-510.52,6088.69
30m,1.0%,100pt,+40%,-15%,True,14,14.3%,0.52,-7147.26,-510.52,6088.69
30m,1.0%,100pt,+50%,-25%,True,14,14.3%,0.6,-7160.37,-511.46,8060.42
30m,0.75%,100pt,+50%,-25%,True,14,14.3%,0.6,-7160.37,-511.46,8060.42
30m,1.25%,30pt,+40%,-20%,False,16,31.2%,0.65,-7225.86,-451.62,9824.87
30m,1.5%,30pt,+40%,-20%,False,16,31.2%,0.65,-7225.86,-451.62,9824.87
30m,1.5%,30pt,+70%,-20%,True,19,10.5%,0.54,-7256.74,-381.93,8322.56
30m,1.25%,30pt,+70%,-20%,True,19,10.5%,0.54,-7256.74,-381.93,8322.56
45m,1.5%,100pt,+40%,-25%,False,13,23.1%,0.58,-7279.33,-559.95,8424.72
45m,1.25%,100pt,+40%,-25%,False,13,23.1%,0.58,-7279.33,-559.95,8424.72
30m,1.25%,100pt,+40%,-20%,False,14,21.4%,0.57,-7279.58,-519.97,6942.62
30m,1.5%,100pt,+40%,-20%,False,14,21.4%,0.57,-7279.58,-519.97,6942.62
30m,1.25%,30pt,+40%,-15%,True,19,15.8%,0.46,-7323.67,-385.46,6888.14
30m,1.5%,30pt,+40%,-15%,True,19,15.8%,0.46,-7323.67,-385.46,6888.14
60m,1.5%,75pt,+50%,-25%,True,16,12.5%,0.59,-7370.51,-460.66,7463.65
30m,1.5%,100pt,+40%,-25%,False,13,23.1%,0.57,-7492.58,-576.35,8424.72
30m,1.25%,100pt,+40%,-25%,False,13,23.1%,0.57,-7492.58,-576.35,8424.72
30m,1.25%,75pt,+50%,-20%,False,15,20.0%,0.64,-7508.38,-500.56,8913.79
30m,1.5%,75pt,+50%,-20%,False,15,20.0%,0.64,-7508.38,-500.56,8913.79
45m,0.75%,30pt,+30%,-15%,True,17,17.6%,0.39,-7528.86,-442.87,7341.39
45m,1.25%,100pt,+30%,-15%,False,15,20.0%,0.52,-7536.53,-502.44,6435.38
60m,1.25%,75pt,+40%,-25%,True,14,14.3%,0.5,-7552.08,-539.43,7463.65
60m,1.0%,75pt,+40%,-25%,True,14,14.3%,0.5,-7552.08,-539.43,7463.65
60m,0.75%,75pt,+40%,-25%,True,14,14.3%,0.5,-7552.08,-539.43,7463.65
60m,1.5%,100pt,+50%,-25%,True,14,14.3%,0.55,-7603.37,-543.1,6955.49
60m,1.5%,75pt,+40%,-15%,True,16,12.5%,0.5,-7613.19,-475.82,5980.51
60m,1.25%,75pt,+30%,-25%,False,12,25.0%,0.5,-7673.3,-639.44,9452.82
60m,0.75%,75pt,+30%,-25%,False,12,25.0%,0.5,-7673.3,-639.44,9452.82
60m,1.0%,75pt,+30%,-25%,False,12,25.0%,0.5,-7673.3,-639.44,9452.82
60m,1.5%,100pt,+40%,-15%,False,14,14.3%,0.53,-7680.12,-548.58,7788.01
30m,0.75%,30pt,+30%,-15%,True,17,17.6%,0.38,-7686.2,-452.13,7498.73
30m,1.25%,75pt,+30%,-15%,True,16,25.0%,0.44,-7745.0,-484.06,7074.7
30m,1.25%,30pt,+70%,-25%,True,19,10.5%,0.52,-7746.53,-407.71,8664.02
30m,1.5%,30pt,+70%,-25%,True,19,10.5%,0.52,-7746.53,-407.71,8664.02
60m,1.25%,100pt,+30%,-25%,True,12,16.7%,0.44,-7752.79,-646.07,5700.3
60m,1.0%,100pt,+30%,-25%,True,12,16.7%,0.44,-7752.79,-646.07,5700.3
60m,0.75%,100pt,+30%,-25%,True,12,16.7%,0.44,-7752.79,-646.07,5700.3
45m,1.0%,30pt,+30%,-15%,True,18,16.7%,0.38,-7760.05,-431.11,7572.58
60m,1.5%,75pt,+30%,-20%,True,16,18.8%,0.5,-7845.18,-490.32,7992.02
60m,1.25%,100pt,+30%,-25%,False,10,20.0%,0.44,-7878.37,-787.84,6586.15
60m,0.75%,100pt,+30%,-25%,False,10,20.0%,0.44,-7878.37,-787.84,6586.15
60m,1.0%,100pt,+30%,-25%,False,10,20.0%,0.44,-7878.37,-787.84,6586.15
30m,1.5%,75pt,+30%,-20%,False,15,33.3%,0.57,-7891.47,-526.1,7608.31
30m,1.25%,75pt,+30%,-20%,False,15,33.3%,0.57,-7891.47,-526.1,7608.31
30m,1.5%,75pt,+30%,-25%,False,14,35.7%,0.57,-7909.2,-564.94,8615.26
30m,1.25%,75pt,+30%,-25%,False,14,35.7%,0.57,-7909.2,-564.94,8615.26
30m,1.0%,30pt,+30%,-15%,True,18,16.7%,0.38,-7917.38,-439.85,7729.91
45m,1.25%,30pt,+30%,-15%,False,18,33.3%,0.6,-7921.14,-440.06,6785.48
45m,1.5%,30pt,+30%,-15%,False,18,33.3%,0.6,-7921.14,-440.06,6785.48
60m,1.25%,100pt,+30%,-15%,False,12,16.7%,0.43,-7943.62,-661.97,5891.13
60m,1.0%,100pt,+30%,-15%,False,12,16.7%,0.43,-7943.62,-661.97,5891.13
60m,0.75%,100pt,+30%,-15%,False,12,16.7%,0.43,-7943.62,-661.97,5891.13
45m,1.5%,100pt,+30%,-15%,True,16,18.8%,0.5,-7951.55,-496.97,6088.69
45m,0.75%,100pt,+40%,-15%,False,14,14.3%,0.49,-7958.28,-568.45,6435.38
45m,1.0%,100pt,+40%,-15%,False,14,14.3%,0.49,-7958.28,-568.45,6435.38
45m,1.25%,100pt,+40%,-25%,True,15,20.0%,0.55,-7997.59,-533.17,8060.42
45m,1.5%,100pt,+40%,-25%,True,15,20.0%,0.55,-7997.59,-533.17,8060.42
30m,1.25%,50pt,+70%,-25%,False,16,18.8%,0.7,-8013.09,-500.82,12635.44
30m,1.5%,50pt,+70%,-25%,False,16,18.8%,0.7,-8013.09,-500.82,12635.44
45m,1.25%,30pt,+30%,-20%,False,16,37.5%,0.6,-8019.31,-501.21,6928.85
45m,1.5%,30pt,+30%,-20%,False,16,37.5%,0.6,-8019.31,-501.21,6928.85
30m,0.75%,100pt,+40%,-15%,False,14,14.3%,0.49,-8051.32,-575.09,6435.38
30m,1.0%,100pt,+40%,-15%,False,14,14.3%,0.49,-8051.32,-575.09,6435.38
60m,1.0%,75pt,+30%,-20%,False,13,23.1%,0.49,-8054.26,-619.56,9833.78
60m,0.75%,75pt,+30%,-20%,False,13,23.1%,0.49,-8054.26,-619.56,9833.78
60m,1.25%,75pt,+30%,-20%,False,13,23.1%,0.49,-8054.26,-619.56,9833.78
30m,1.25%,100pt,+40%,-15%,True,15,13.3%,0.49,-8054.82,-536.99,6088.69
60m,1.5%,100pt,+30%,-15%,True,14,14.3%,0.43,-8112.64,-579.47,6072.55
30m,1.25%,75pt,+50%,-25%,False,14,21.4%,0.62,-8122.37,-580.17,10263.75
30m,1.5%,75pt,+50%,-25%,False,14,21.4%,0.62,-8122.37,-580.17,10263.75
60m,1.5%,75pt,+40%,-15%,False,15,13.3%,0.49,-8131.5,-542.1,7150.93
30m,1.5%,50pt,+40%,-15%,False,17,17.6%,0.58,-8135.88,-478.58,8067.43
30m,1.25%,50pt,+40%,-15%,False,17,17.6%,0.58,-8135.88,-478.58,8067.43
60m,1.5%,100pt,+40%,-25%,True,14,14.3%,0.52,-8172.85,-583.78,7524.97
45m,0.75%,30pt,+30%,-25%,True,17,17.6%,0.37,-8209.62,-482.92,8022.15
45m,0.75%,30pt,+30%,-20%,True,17,17.6%,0.37,-8209.62,-482.92,8022.15
30m,1.5%,100pt,+40%,-25%,True,15,20.0%,0.54,-8210.84,-547.39,8060.42
30m,1.25%,100pt,+40%,-25%,True,15,20.0%,0.54,-8210.84,-547.39,8060.42
60m,1.5%,100pt,+50%,-25%,False,12,16.7%,0.53,-8254.04,-687.84,8078.71
30m,1.5%,50pt,+40%,-20%,False,16,25.0%,0.61,-8294.55,-518.41,10520.31
30m,1.25%,50pt,+40%,-20%,False,16,25.0%,0.61,-8294.55,-518.41,10520.31
30m,1.5%,100pt,+30%,-20%,True,15,20.0%,0.49,-8307.17,-553.81,6974.27
30m,1.25%,100pt,+30%,-20%,True,15,20.0%,0.49,-8307.17,-553.81,6974.27
45m,1.5%,100pt,+30%,-20%,True,15,20.0%,0.49,-8312.87,-554.19,6974.27
45m,1.25%,100pt,+30%,-20%,True,15,20.0%,0.49,-8312.87,-554.19,6974.27
30m,1.25%,75pt,+70%,-15%,True,16,12.5%,0.47,-8316.45,-519.78,7718.86
60m,1.5%,100pt,+50%,-20%,False,13,15.4%,0.53,-8358.29,-642.95,9301.96
45m,0.75%,100pt,+30%,-15%,True,14,14.3%,0.43,-8369.53,-597.82,6317.04
45m,1.0%,100pt,+30%,-15%,True,14,14.3%,0.43,-8369.53,-597.82,6317.04
30m,1.5%,50pt,+70%,-15%,True,18,11.1%,0.5,-8370.63,-465.04,8788.08
30m,1.25%,50pt,+70%,-15%,True,18,11.1%,0.5,-8370.63,-465.04,8788.08
30m,1.0%,50pt,+70%,-20%,False,15,13.3%,0.62,-8390.95,-559.4,10520.31
30m,0.75%,50pt,+70%,-20%,False,15,13.3%,0.62,-8390.95,-559.4,10520.31
45m,1.0%,30pt,+30%,-25%,True,18,16.7%,0.36,-8440.8,-468.93,8253.33
45m,1.0%,30pt,+30%,-20%,True,18,16.7%,0.36,-8440.8,-468.93,8253.33
30m,1.0%,100pt,+30%,-15%,True,14,14.3%,0.43,-8462.57,-604.47,6410.08
30m,0.75%,100pt,+30%,-15%,True,14,14.3%,0.43,-8462.57,-604.47,6410.08
45m,0.75%,50pt,+70%,-20%,False,15,13.3%,0.62,-8515.77,-567.72,10520.31
45m,1.0%,50pt,+70%,-20%,False,15,13.3%,0.62,-8515.77,-567.72,10520.31
45m,1.0%,30pt,+70%,-15%,False,17,11.8%,0.61,-8524.22,-501.42,8004.65
30m,1.0%,30pt,+70%,-15%,False,17,11.8%,0.61,-8550.18,-502.95,8004.65
60m,1.5%,30pt,+30%,-15%,True,20,15.0%,0.36,-8568.66,-428.43,8612.18
60m,1.5%,30pt,+30%,-20%,True,20,15.0%,0.36,-8595.53,-429.78,8639.06
60m,1.5%,30pt,+30%,-25%,True,20,15.0%,0.36,-8595.53,-429.78,8639.06
60m,1.5%,75pt,+30%,-25%,True,16,18.8%,0.47,-8658.48,-541.16,8805.31
30m,1.5%,30pt,+50%,-15%,False,18,16.7%,0.6,-8674.27,-481.9,8734.91
30m,1.25%,30pt,+50%,-15%,False,18,16.7%,0.6,-8674.27,-481.9,8734.91
30m,1.25%,50pt,+30%,-20%,False,16,31.2%,0.56,-8677.23,-542.33,7477.61
30m,1.5%,50pt,+30%,-20%,False,16,31.2%,0.56,-8677.23,-542.33,7477.61
45m,1.25%,50pt,+40%,-15%,False,17,17.6%,0.55,-8705.43,-512.08,8067.43
45m,1.5%,50pt,+40%,-15%,False,17,17.6%,0.55,-8705.43,-512.08,8067.43
60m,1.25%,100pt,+30%,-20%,False,11,18.2%,0.41,-8730.2,-793.65,7637.12
60m,0.75%,100pt,+30%,-20%,False,11,18.2%,0.41,-8730.2,-793.65,7637.12
60m,1.0%,100pt,+30%,-20%,False,11,18.2%,0.41,-8730.2,-793.65,7637.12
45m,0.75%,100pt,+40%,-20%,True,14,14.3%,0.47,-8734.62,-623.9,6974.27
45m,1.0%,100pt,+40%,-20%,True,14,14.3%,0.47,-8734.62,-623.9,6974.27
30m,0.75%,30pt,+40%,-20%,True,17,17.6%,0.36,-8786.25,-516.84,8673.98
30m,1.0%,30pt,+30%,-15%,False,17,29.4%,0.54,-8801.14,-517.71,8785.13
30m,1.0%,100pt,+40%,-20%,True,14,14.3%,0.46,-8808.4,-629.17,6974.27
30m,0.75%,100pt,+40%,-20%,True,14,14.3%,0.46,-8808.4,-629.17,6974.27
60m,1.5%,100pt,+40%,-25%,False,12,16.7%,0.5,-8823.52,-735.29,8648.19
45m,1.5%,100pt,+30%,-15%,False,16,18.8%,0.48,-8855.61,-553.48,6803.12
30m,1.25%,30pt,+50%,-15%,True,19,10.5%,0.38,-8860.95,-466.37,8425.42
30m,1.5%,30pt,+50%,-15%,True,19,10.5%,0.38,-8860.95,-466.37,8425.42
30m,1.5%,50pt,+30%,-15%,False,17,23.5%,0.52,-8861.57,-521.27,7659.99
30m,1.25%,50pt,+30%,-15%,False,17,23.5%,0.52,-8861.57,-521.27,7659.99
45m,1.25%,30pt,+30%,-15%,True,19,15.8%,0.35,-8879.7,-467.35,8692.23
45m,1.5%,30pt,+30%,-15%,True,19,15.8%,0.35,-8879.7,-467.35,8692.23
60m,1.5%,100pt,+40%,-20%,False,13,15.4%,0.5,-8927.78,-686.75,9871.44
30m,1.25%,100pt,+30%,-20%,False,14,21.4%,0.48,-8932.97,-638.07,7839.89
30m,1.5%,100pt,+30%,-20%,False,14,21.4%,0.48,-8932.97,-638.07,7839.89
30m,1.25%,30pt,+40%,-15%,False,18,22.2%,0.57,-8938.18,-496.57,9163.37
30m,1.5%,30pt,+40%,-15%,False,18,22.2%,0.57,-8938.18,-496.57,9163.37
45m,1.5%,100pt,+30%,-20%,False,14,21.4%,0.47,-8938.67,-638.48,7845.6
45m,1.25%,100pt,+30%,-20%,False,14,21.4%,0.47,-8938.67,-638.48,7845.6
30m,1.5%,75pt,+30%,-15%,True,17,23.5%,0.41,-8939.39,-525.85,8269.09
30m,1.25%,100pt,+40%,-15%,False,15,13.3%,0.46,-8958.89,-597.26,6906.4
30m,1.5%,50pt,+50%,-20%,False,16,18.8%,0.59,-8967.87,-560.49,10520.31
30m,1.25%,50pt,+50%,-20%,False,16,18.8%,0.59,-8967.87,-560.49,10520.31
30m,1.0%,30pt,+70%,-25%,False,13,15.4%,0.59,-8978.87,-690.68,9306.97
30m,0.75%,30pt,+70%,-25%,False,13,15.4%,0.59,-8978.87,-690.68,9306.97
30m,1.0%,30pt,+40%,-20%,True,18,16.7%,0.35,-9017.43,-500.97,8905.17
45m,1.25%,50pt,+70%,-25%,False,16,18.8%,0.66,-9049.84,-565.62,12635.44
45m,1.5%,50pt,+70%,-25%,False,16,18.8%,0.66,-9049.84,-565.62,12635.44
30m,1.25%,30pt,+50%,-25%,False,14,21.4%,0.59,-9102.96,-650.21,9306.97
30m,1.5%,30pt,+50%,-25%,False,14,21.4%,0.59,-9102.96,-650.21,9306.97
30m,0.75%,30pt,+40%,-25%,True,17,17.6%,0.35,-9127.71,-536.92,9015.44
45m,1.25%,100pt,+30%,-25%,False,13,23.1%,0.47,-9142.08,-703.24,8424.72
45m,1.5%,100pt,+30%,-25%,False,13,23.1%,0.47,-9142.08,-703.24,8424.72
30m,1.25%,100pt,+30%,-25%,False,13,23.1%,0.47,-9145.98,-703.54,8424.72
30m,1.5%,100pt,+30%,-25%,False,13,23.1%,0.47,-9145.98,-703.54,8424.72
60m,0.75%,30pt,+40%,-15%,True,17,11.8%,0.27,-9150.1,-538.24,8714.57
45m,0.75%,30pt,+70%,-25%,False,13,15.4%,0.59,-9151.29,-703.95,9306.97
45m,1.0%,30pt,+70%,-25%,False,13,15.4%,0.59,-9151.29,-703.95,9306.97
45m,1.25%,50pt,+30%,-15%,False,17,23.5%,0.5,-9188.3,-540.49,7677.48
45m,1.5%,50pt,+30%,-15%,False,17,23.5%,0.5,-9188.3,-540.49,7677.48
30m,1.0%,75pt,+30%,-15%,True,15,20.0%,0.34,-9191.69,-612.78,8521.39
30m,0.75%,75pt,+30%,-15%,True,15,20.0%,0.34,-9191.69,-612.78,8521.39
60m,1.0%,75pt,+70%,-15%,True,13,7.7%,0.29,-9203.23,-707.94,7750.54
60m,0.75%,75pt,+70%,-15%,True,13,7.7%,0.29,-9203.23,-707.94,7750.54
60m,1.25%,75pt,+70%,-15%,True,13,7.7%,0.29,-9203.23,-707.94,7750.54
30m,1.5%,100pt,+40%,-15%,True,16,12.5%,0.45,-9207.1,-575.44,7154.61
60m,1.5%,75pt,+40%,-20%,True,16,12.5%,0.45,-9219.49,-576.22,7586.81
45m,1.5%,50pt,+50%,-20%,False,16,18.8%,0.58,-9235.05,-577.19,10520.31
45m,1.25%,50pt,+50%,-20%,False,16,18.8%,0.58,-9235.05,-577.19,10520.31
30m,0.75%,30pt,+40%,-25%,False,13,30.8%,0.54,-9264.0,-712.62,8245.79
30m,1.0%,30pt,+40%,-25%,False,13,30.8%,0.54,-9264.0,-712.62,8245.79
45m,0.75%,100pt,+30%,-15%,False,14,14.3%,0.41,-9273.59,-662.4,7221.1
45m,1.0%,100pt,+30%,-15%,False,14,14.3%,0.41,-9273.59,-662.4,7221.1
60m,1.5%,75pt,+50%,-20%,False,15,13.3%,0.53,-9312.34,-620.82,8814.38
30m,0.75%,75pt,+30%,-20%,False,14,28.6%,0.49,-9338.16,-667.01,7933.44
30m,1.0%,75pt,+30%,-20%,False,14,28.6%,0.49,-9338.16,-667.01,7933.44
45m,1.0%,30pt,+70%,-20%,False,15,13.3%,0.58,-9351.13,-623.41,10642.09
45m,0.75%,30pt,+70%,-20%,False,15,13.3%,0.58,-9351.13,-623.41,10642.09
30m,1.0%,75pt,+30%,-25%,False,13,30.8%,0.49,-9355.9,-719.68,8615.26
30m,0.75%,75pt,+30%,-25%,False,13,30.8%,0.49,-9355.9,-719.68,8615.26
30m,1.0%,30pt,+40%,-25%,True,18,16.7%,0.34,-9358.89,-519.94,9246.63
45m,1.0%,100pt,+40%,-20%,False,13,15.4%,0.45,-9360.42,-720.03,8267.35
45m,0.75%,100pt,+40%,-20%,False,13,15.4%,0.45,-9360.42,-720.03,8267.35
30m,0.75%,100pt,+30%,-15%,False,14,14.3%,0.4,-9366.63,-669.04,7314.14
30m,1.0%,100pt,+30%,-15%,False,14,14.3%,0.4,-9366.63,-669.04,7314.14
30m,1.25%,100pt,+30%,-15%,True,15,13.3%,0.4,-9370.13,-624.68,7317.64
60m,1.25%,30pt,+40%,-15%,True,18,11.1%,0.27,-9381.29,-521.18,8945.75
60m,1.0%,30pt,+40%,-15%,True,18,11.1%,0.27,-9381.29,-521.18,8945.75
60m,1.5%,100pt,+30%,-20%,True,14,14.3%,0.39,-9386.32,-670.45,7333.83
60m,1.0%,75pt,+40%,-25%,False,12,16.7%,0.45,-9390.62,-782.55,8510.78
60m,0.75%,75pt,+40%,-25%,False,12,16.7%,0.45,-9390.62,-782.55,8510.78
60m,1.25%,75pt,+40%,-25%,False,12,16.7%,0.45,-9390.62,-782.55,8510.78
45m,1.5%,50pt,+70%,-15%,True,18,11.1%,0.44,-9401.85,-522.33,8788.08
45m,1.25%,50pt,+70%,-15%,True,18,11.1%,0.44,-9401.85,-522.33,8788.08
60m,0.75%,75pt,+40%,-20%,False,13,15.4%,0.45,-9428.57,-725.27,8123.09
60m,1.0%,75pt,+40%,-20%,False,13,15.4%,0.45,-9428.57,-725.27,8123.09
60m,1.25%,75pt,+40%,-20%,False,13,15.4%,0.45,-9428.57,-725.27,8123.09
30m,1.0%,100pt,+40%,-20%,False,13,15.4%,0.45,-9434.2,-725.71,8341.13
30m,0.75%,100pt,+40%,-20%,False,13,15.4%,0.45,-9434.2,-725.71,8341.13
30m,0.75%,30pt,+70%,-20%,False,15,13.3%,0.58,-9449.92,-629.99,10642.09
30m,1.0%,30pt,+70%,-20%,False,15,13.3%,0.58,-9449.92,-629.99,10642.09
30m,1.0%,50pt,+50%,-15%,False,16,12.5%,0.51,-9454.23,-590.89,8067.43
30m,0.75%,50pt,+50%,-15%,False,16,12.5%,0.51,-9454.23,-590.89,8067.43
45m,0.75%,50pt,+50%,-15%,False,16,12.5%,0.51,-9471.72,-591.98,8067.43
45m,1.0%,50pt,+50%,-15%,False,16,12.5%,0.51,-9471.72,-591.98,8067.43
45m,1.25%,30pt,+50%,-25%,False,14,21.4%,0.58,-9487.6,-677.69,9306.97
45m,1.5%,30pt,+50%,-25%,False,14,21.4%,0.58,-9487.6,-677.69,9306.97
30m,1.5%,75pt,+70%,-15%,True,17,11.8%,0.44,-9510.84,-559.46,7878.16
60m,0.75%,30pt,+40%,-20%,True,17,11.8%,0.26,-9519.98,-560.0,9084.45
30m,1.5%,75pt,+30%,-20%,True,16,25.0%,0.39,-9521.15,-595.07,8850.85
30m,1.25%,75pt,+30%,-20%,True,16,25.0%,0.39,-9521.15,-595.07,8850.85
45m,1.25%,30pt,+30%,-25%,True,19,15.8%,0.33,-9560.45,-503.18,9372.98
45m,1.25%,30pt,+30%,-20%,True,19,15.8%,0.33,-9560.45,-503.18,9372.98
45m,1.5%,30pt,+30%,-20%,True,19,15.8%,0.33,-9560.45,-503.18,9372.98
45m,1.5%,30pt,+30%,-25%,True,19,15.8%,0.33,-9560.45,-503.18,9372.98
45m,1.0%,100pt,+40%,-25%,False,12,16.7%,0.44,-9563.83,-796.99,8424.72
45m,0.75%,100pt,+40%,-25%,False,12,16.7%,0.44,-9563.83,-796.99,8424.72
30m,1.5%,30pt,+50%,-20%,False,16,18.8%,0.58,-9574.0,-598.38,10642.09
30m,1.25%,30pt,+50%,-20%,False,16,18.8%,0.58,-9574.0,-598.38,10642.09
30m,1.25%,50pt,+30%,-20%,True,18,22.2%,0.41,-9634.67,-535.26,8766.13
30m,1.5%,50pt,+30%,-20%,True,18,22.2%,0.41,-9634.67,-535.26,8766.13
45m,1.25%,30pt,+70%,-15%,False,18,11.1%,0.58,-9643.87,-535.77,8880.86
45m,1.5%,30pt,+70%,-15%,False,18,11.1%,0.58,-9643.87,-535.77,8880.86
30m,0.75%,100pt,+40%,-25%,False,12,16.7%,0.44,-9647.21,-803.93,8424.72
30m,1.0%,100pt,+40%,-25%,False,12,16.7%,0.44,-9647.21,-803.93,8424.72
60m,1.0%,75pt,+70%,-15%,False,12,8.3%,0.28,-9721.53,-810.13,8740.97
60m,1.25%,75pt,+70%,-15%,False,12,8.3%,0.28,-9721.53,-810.13,8740.97
60m,0.75%,75pt,+70%,-15%,False,12,8.3%,0.28,-9721.53,-810.13,8740.97
45m,0.75%,30pt,+50%,-15%,False,16,12.5%,0.5,-9730.23,-608.14,8004.65
45m,0.75%,30pt,+40%,-15%,False,16,18.8%,0.48,-9747.38,-609.21,7296.28
60m,1.0%,30pt,+40%,-20%,True,18,11.1%,0.26,-9751.17,-541.73,9315.63
60m,1.25%,30pt,+40%,-20%,True,18,11.1%,0.26,-9751.17,-541.73,9315.63
30m,0.75%,30pt,+50%,-15%,False,16,12.5%,0.5,-9756.2,-609.76,8004.65
30m,0.75%,30pt,+40%,-15%,False,16,18.8%,0.48,-9773.35,-610.83,7296.28
30m,1.25%,75pt,+30%,-15%,False,15,26.7%,0.39,-9788.57,-652.57,9264.47
45m,1.25%,30pt,+40%,-25%,False,14,28.6%,0.54,-9808.4,-700.6,8245.79
45m,1.5%,30pt,+40%,-25%,False,14,28.6%,0.54,-9808.4,-700.6,8245.79
45m,1.0%,75pt,+50%,-20%,False,14,14.3%,0.52,-9808.83,-700.63,8913.79
45m,0.75%,75pt,+50%,-20%,False,14,14.3%,0.52,-9808.83,-700.63,8913.79
45m,0.75%,30pt,+40%,-15%,True,17,11.8%,0.26,-9836.62,-578.62,9401.09
60m,1.5%,75pt,+50%,-25%,False,14,14.3%,0.52,-9837.56,-702.68,8510.78
45m,1.5%,100pt,+30%,-25%,True,15,20.0%,0.45,-9860.34,-657.36,8060.42
45m,1.25%,100pt,+30%,-25%,True,15,20.0%,0.45,-9860.34,-657.36,8060.42
60m,0.75%,30pt,+40%,-25%,True,17,11.8%,0.26,-9861.44,-580.08,9425.91
30m,1.25%,100pt,+30%,-25%,True,15,20.0%,0.45,-9864.23,-657.62,8060.42
30m,1.5%,100pt,+30%,-25%,True,15,20.0%,0.45,-9864.23,-657.62,8060.42
30m,1.25%,50pt,+30%,-25%,True,18,22.2%,0.41,-9900.46,-550.03,9031.91
30m,1.5%,50pt,+30%,-25%,True,18,22.2%,0.41,-9900.46,-550.03,9031.91
30m,1.0%,75pt,+50%,-20%,False,14,14.3%,0.52,-9957.14,-711.22,8913.79
30m,0.75%,75pt,+50%,-20%,False,14,14.3%,0.52,-9957.14,-711.22,8913.79
60m,1.5%,50pt,+50%,-20%,False,17,17.6%,0.58,-9968.41,-586.38,10455.02
60m,0.75%,30pt,+70%,-15%,True,17,5.9%,0.25,-9986.41,-587.44,9652.15
30m,1.25%,75pt,+30%,-25%,True,16,25.0%,0.38,-9989.04,-624.32,9318.74
30m,1.5%,75pt,+30%,-25%,True,16,25.0%,0.38,-9989.04,-624.32,9318.74
30m,0.75%,30pt,+40%,-15%,True,17,11.8%,0.25,-9993.96,-587.88,9558.42
45m,0.75%,100pt,+30%,-20%,True,14,14.3%,0.39,-10049.93,-717.85,7997.44
45m,1.0%,100pt,+30%,-20%,True,14,14.3%,0.39,-10049.93,-717.85,7997.44
45m,1.0%,30pt,+40%,-15%,True,18,11.1%,0.25,-10067.81,-559.32,9632.27
60m,1.25%,30pt,+40%,-25%,True,18,11.1%,0.25,-10092.63,-560.7,9657.09
60m,1.0%,30pt,+40%,-25%,True,18,11.1%,0.25,-10092.63,-560.7,9657.09
45m,1.25%,75pt,+30%,-20%,False,15,26.7%,0.48,-10105.61,-673.71,8700.88
45m,1.5%,75pt,+30%,-20%,False,15,26.7%,0.48,-10105.61,-673.71,8700.88
30m,1.5%,100pt,+40%,-15%,False,16,12.5%,0.43,-10111.16,-631.95,8058.67
30m,1.0%,100pt,+30%,-20%,True,14,14.3%,0.38,-10123.71,-723.12,8071.22
30m,0.75%,100pt,+30%,-20%,True,14,14.3%,0.38,-10123.71,-723.12,8071.22
30m,1.0%,30pt,+40%,-20%,False,15,26.7%,0.51,-10127.33,-675.16,9824.87
30m,0.75%,30pt,+40%,-20%,False,15,26.7%,0.51,-10127.33,-675.16,9824.87
30m,1.25%,30pt,+50%,-20%,True,19,10.5%,0.35,-10156.45,-534.55,9720.92
30m,1.5%,30pt,+50%,-20%,True,19,10.5%,0.35,-10156.45,-534.55,9720.92
30m,1.25%,50pt,+70%,-20%,True,18,11.1%,0.45,-10161.29,-564.52,10126.19
30m,1.5%,50pt,+70%,-20%,True,18,11.1%,0.45,-10161.29,-564.52,10126.19
60m,1.0%,30pt,+70%,-15%,True,18,5.6%,0.24,-10217.59,-567.64,9883.34
60m,1.25%,30pt,+70%,-15%,True,18,5.6%,0.24,-10217.59,-567.64,9883.34
30m,1.0%,30pt,+40%,-15%,True,18,11.1%,0.25,-10225.14,-568.06,9789.61
30m,1.25%,100pt,+30%,-15%,False,15,13.3%,0.38,-10274.2,-684.95,8221.71
45m,0.75%,100pt,+40%,-25%,True,14,14.3%,0.43,-10282.09,-734.44,8229.6
45m,1.0%,100pt,+40%,-25%,True,14,14.3%,0.43,-10282.09,-734.44,8229.6
45m,1.5%,75pt,+30%,-25%,False,14,28.6%,0.47,-10312.65,-736.62,8615.26
45m,1.25%,75pt,+30%,-25%,False,14,28.6%,0.47,-10312.65,-736.62,8615.26
60m,0.75%,30pt,+70%,-20%,True,17,5.9%,0.24,-10356.29,-609.19,10022.04
60m,1.5%,100pt,+30%,-15%,False,14,14.3%,0.37,-10357.47,-739.82,8304.98
45m,1.0%,75pt,+50%,-25%,False,13,15.4%,0.51,-10358.88,-796.84,10263.75
45m,0.75%,75pt,+50%,-25%,False,13,15.4%,0.51,-10358.88,-796.84,10263.75
30m,1.25%,75pt,+70%,-15%,False,15,13.3%,0.42,-10360.02,-690.67,8534.13
30m,1.0%,100pt,+40%,-25%,True,14,14.3%,0.42,-10365.47,-740.39,8312.98
30m,0.75%,100pt,+40%,-25%,True,14,14.3%,0.42,-10365.47,-740.39,8312.98
60m,1.5%,75pt,+40%,-25%,True,16,12.5%,0.42,-10375.79,-648.49,8743.11
60m,0.75%,30pt,+30%,-15%,False,16,31.2%,0.42,-10505.74,-656.61,8751.59
30m,1.5%,100pt,+30%,-15%,True,16,12.5%,0.38,-10522.41,-657.65,8469.92
45m,1.25%,30pt,+70%,-20%,False,16,12.5%,0.56,-10542.28,-658.89,10642.09
45m,1.5%,30pt,+70%,-20%,False,16,12.5%,0.56,-10542.28,-658.89,10642.09
30m,0.75%,75pt,+50%,-25%,False,13,15.4%,0.5,-10571.14,-813.16,10263.75
30m,1.0%,75pt,+50%,-25%,False,13,15.4%,0.5,-10571.14,-813.16,10263.75
30m,1.25%,75pt,+70%,-20%,True,16,12.5%,0.41,-10583.8,-661.49,9639.13
30m,1.5%,75pt,+70%,-20%,True,16,12.5%,0.41,-10583.8,-661.49,9639.13
60m,1.25%,30pt,+70%,-20%,True,18,5.6%,0.24,-10587.48,-588.19,10253.22
60m,1.0%,30pt,+70%,-20%,True,18,5.6%,0.24,-10587.48,-588.19,10253.22
30m,1.25%,75pt,+50%,-15%,True,16,12.5%,0.32,-10638.95,-664.93,9006.26
30m,1.25%,30pt,+50%,-25%,True,19,10.5%,0.34,-10646.23,-560.33,10210.7
30m,1.5%,30pt,+50%,-25%,True,19,10.5%,0.34,-10646.23,-560.33,10210.7
30m,0.75%,50pt,+30%,-20%,False,15,26.7%,0.46,-10653.9,-710.26,8083.85
30m,1.0%,50pt,+30%,-20%,False,15,26.7%,0.46,-10653.9,-710.26,8083.85
45m,0.75%,30pt,+70%,-15%,True,17,5.9%,0.23,-10672.93,-627.82,10237.4
45m,1.0%,100pt,+30%,-20%,False,13,15.4%,0.37,-10675.73,-821.21,9582.66
45m,0.75%,100pt,+30%,-20%,False,13,15.4%,0.37,-10675.73,-821.21,9582.66
30m,1.25%,50pt,+30%,-15%,True,18,16.7%,0.33,-10690.23,-593.9,9821.69
30m,1.5%,50pt,+30%,-15%,True,18,16.7%,0.33,-10690.23,-593.9,9821.69
60m,0.75%,30pt,+70%,-25%,True,17,5.9%,0.23,-10697.75,-629.28,10363.49
30m,1.5%,75pt,+40%,-20%,False,15,20.0%,0.48,-10712.81,-714.19,8913.79
30m,1.25%,75pt,+40%,-20%,False,15,20.0%,0.48,-10712.81,-714.19,8913.79
30m,0.75%,100pt,+30%,-20%,False,13,15.4%,0.37,-10749.51,-826.89,9656.44
30m,1.0%,100pt,+30%,-20%,False,13,15.4%,0.37,-10749.51,-826.89,9656.44
60m,1.25%,75pt,+70%,-20%,True,13,7.7%,0.26,-10809.53,-831.5,9176.84
60m,1.0%,75pt,+70%,-20%,True,13,7.7%,0.26,-10809.53,-831.5,9176.84
60m,0.75%,75pt,+70%,-20%,True,13,7.7%,0.26,-10809.53,-831.5,9176.84
45m,1.5%,75pt,+50%,-20%,False,15,13.3%,0.5,-10814.22,-720.95,8913.79
45m,1.25%,75pt,+50%,-20%,False,15,13.3%,0.5,-10814.22,-720.95,8913.79
30m,0.75%,30pt,+70%,-15%,True,17,5.9%,0.23,-10830.27,-637.07,10394.73
30m,0.75%,50pt,+30%,-15%,False,16,18.8%,0.41,-10838.24,-677.39,9256.37
30m,1.0%,50pt,+30%,-15%,False,16,18.8%,0.41,-10838.24,-677.39,9256.37
60m,1.5%,100pt,+30%,-25%,True,14,14.3%,0.36,-10850.2,-775.01,8797.71
45m,0.75%,50pt,+30%,-15%,False,16,18.8%,0.41,-10855.73,-678.48,9273.86
45m,1.0%,50pt,+30%,-15%,False,16,18.8%,0.41,-10855.73,-678.48,9273.86
45m,0.75%,30pt,+40%,-20%,True,17,11.8%,0.24,-10860.38,-638.85,10424.85
60m,1.5%,30pt,+40%,-15%,True,20,10.0%,0.24,-10876.42,-543.82,10440.88
45m,0.75%,100pt,+30%,-25%,False,12,16.7%,0.37,-10879.14,-906.59,9586.92
45m,1.0%,100pt,+30%,-25%,False,12,16.7%,0.37,-10879.14,-906.59,9586.92
45m,1.0%,30pt,+70%,-15%,True,18,5.6%,0.23,-10904.12,-605.78,10468.58
30m,1.5%,50pt,+70%,-25%,True,18,11.1%,0.44,-10916.86,-606.49,10709.44
30m,1.25%,50pt,+70%,-25%,True,18,11.1%,0.44,-10916.86,-606.49,10709.44
60m,1.0%,30pt,+70%,-25%,True,18,5.6%,0.23,-10928.94,-607.16,10594.68
60m,1.25%,30pt,+70%,-25%,True,18,5.6%,0.23,-10928.94,-607.16,10594.68
60m,0.75%,30pt,+50%,-15%,True,17,5.9%,0.17,-10934.14,-643.18,10498.61
60m,1.5%,75pt,+30%,-20%,False,15,20.0%,0.41,-10943.31,-729.55,12722.83
30m,0.75%,100pt,+30%,-25%,False,12,16.7%,0.37,-10962.52,-913.54,9670.3
30m,1.0%,100pt,+30%,-25%,False,12,16.7%,0.37,-10962.52,-913.54,9670.3
30m,0.75%,75pt,+30%,-20%,True,15,20.0%,0.3,-10967.84,-731.19,10297.54
30m,1.0%,75pt,+30%,-20%,True,15,20.0%,0.3,-10967.84,-731.19,10297.54
30m,1.5%,75pt,+30%,-15%,False,16,25.0%,0.36,-10982.96,-686.44,10458.86
45m,1.25%,50pt,+30%,-15%,True,18,16.7%,0.31,-11016.95,-612.05,10148.41
45m,1.5%,50pt,+30%,-15%,True,18,16.7%,0.31,-11016.95,-612.05,10148.41
30m,1.0%,50pt,+40%,-15%,False,16,12.5%,0.43,-11037.35,-689.83,8859.73
30m,0.75%,50pt,+40%,-15%,False,16,12.5%,0.43,-11037.35,-689.83,8859.73
45m,1.0%,50pt,+40%,-15%,False,16,12.5%,0.43,-11054.84,-690.93,8877.22
45m,0.75%,50pt,+40%,-15%,False,16,12.5%,0.43,-11054.84,-690.93,8877.22
30m,1.0%,30pt,+70%,-15%,True,18,5.6%,0.23,-11061.45,-614.53,10625.92
30m,1.5%,50pt,+50%,-15%,True,18,11.1%,0.34,-11074.77,-615.26,10206.23
30m,1.25%,50pt,+50%,-15%,True,18,11.1%,0.34,-11074.77,-615.26,10206.23
45m,1.0%,30pt,+40%,-20%,True,18,11.1%,0.23,-11091.57,-616.2,10656.03
60m,1.5%,75pt,+30%,-25%,False,14,21.4%,0.41,-11125.52,-794.68,12905.04
60m,1.0%,30pt,+50%,-15%,True,18,5.6%,0.17,-11165.33,-620.3,10729.79
60m,1.25%,30pt,+50%,-15%,True,18,5.6%,0.17,-11165.33,-620.3,10729.79
30m,1.25%,50pt,+40%,-20%,True,18,16.7%,0.37,-11187.04,-621.5,10804.72
30m,1.5%,50pt,+40%,-20%,True,18,16.7%,0.37,-11187.04,-621.5,10804.72
45m,1.25%,30pt,+40%,-15%,True,19,10.5%,0.23,-11187.46,-588.81,10751.92
45m,1.5%,30pt,+40%,-15%,True,19,10.5%,0.23,-11187.46,-588.81,10751.92
30m,0.75%,50pt,+40%,-20%,False,15,20.0%,0.47,-11196.02,-746.4,10520.31
30m,1.0%,50pt,+40%,-20%,False,15,20.0%,0.47,-11196.02,-746.4,10520.31
45m,0.75%,30pt,+40%,-25%,True,17,11.8%,0.23,-11201.84,-658.93,10766.31
30m,1.25%,75pt,+40%,-15%,True,16,12.5%,0.29,-11207.77,-700.49,9575.08
60m,1.25%,50pt,+50%,-20%,False,15,13.3%,0.49,-11218.93,-747.93,10455.02
60m,1.0%,50pt,+50%,-20%,False,15,13.3%,0.49,-11218.93,-747.93,10455.02
60m,0.75%,50pt,+50%,-20%,False,15,13.3%,0.49,-11218.93,-747.93,10455.02
45m,1.5%,50pt,+50%,-15%,True,18,11.1%,0.33,-11234.62,-624.15,10366.08
45m,1.25%,50pt,+50%,-15%,True,18,11.1%,0.33,-11234.62,-624.15,10366.08
30m,1.0%,75pt,+30%,-15%,False,14,21.4%,0.3,-11235.26,-802.52,10711.16
30m,0.75%,75pt,+30%,-15%,False,14,21.4%,0.3,-11235.26,-802.52,10711.16
60m,1.5%,30pt,+40%,-20%,True,20,10.0%,0.23,-11246.3,-562.31,10810.76
45m,0.75%,75pt,+30%,-15%,True,15,13.3%,0.23,-11293.32,-752.89,10623.03
45m,1.0%,75pt,+30%,-15%,True,15,13.3%,0.23,-11293.32,-752.89,10623.03
45m,1.25%,50pt,+70%,-20%,True,18,11.1%,0.4,-11299.83,-627.77,10431.29
45m,1.5%,50pt,+70%,-20%,True,18,11.1%,0.4,-11299.83,-627.77,10431.29
60m,0.75%,30pt,+50%,-20%,True,17,5.9%,0.17,-11304.02,-664.94,10868.49
60m,1.25%,50pt,+30%,-15%,True,17,11.8%,0.22,-11319.55,-665.86,10576.07
60m,0.75%,50pt,+30%,-15%,True,17,11.8%,0.22,-11319.55,-665.86,10576.07
60m,1.0%,50pt,+30%,-15%,True,17,11.8%,0.22,-11319.55,-665.86,10576.07
30m,1.25%,75pt,+40%,-25%,False,14,21.4%,0.47,-11326.81,-809.06,10263.75
30m,1.5%,75pt,+40%,-25%,False,14,21.4%,0.47,-11326.81,-809.06,10263.75
30m,1.5%,100pt,+30%,-15%,False,16,12.5%,0.36,-11426.47,-714.15,9373.98
45m,1.0%,30pt,+40%,-25%,True,18,11.1%,0.23,-11433.03,-635.17,10997.49
30m,0.75%,75pt,+30%,-25%,True,15,20.0%,0.29,-11435.73,-762.38,10765.43
30m,1.0%,75pt,+30%,-25%,True,15,20.0%,0.29,-11435.73,-762.38,10765.43
45m,1.0%,75pt,+30%,-20%,False,14,21.4%,0.41,-11439.8,-817.13,10035.07
45m,0.75%,75pt,+30%,-20%,False,14,21.4%,0.41,-11439.8,-817.13,10035.07
45m,1.5%,50pt,+40%,-20%,False,16,18.8%,0.48,-11474.63,-717.16,10520.31
45m,1.25%,50pt,+40%,-20%,False,16,18.8%,0.48,-11474.63,-717.16,10520.31
60m,1.5%,100pt,+30%,-25%,False,12,16.7%,0.35,-11500.87,-958.41,10208.65
60m,1.0%,75pt,+70%,-25%,True,13,7.7%,0.24,-11506.06,-885.08,9873.38
60m,0.75%,75pt,+70%,-25%,True,13,7.7%,0.24,-11506.06,-885.08,9873.38
60m,1.25%,75pt,+70%,-25%,True,13,7.7%,0.24,-11506.06,-885.08,9873.38
60m,1.0%,30pt,+50%,-20%,True,18,5.6%,0.17,-11535.21,-640.84,11099.67
60m,1.25%,30pt,+50%,-20%,True,18,5.6%,0.17,-11535.21,-640.84,11099.67
30m,1.5%,75pt,+70%,-15%,False,16,12.5%,0.39,-11554.41,-722.15,9250.79
60m,1.5%,75pt,+70%,-15%,True,15,6.7%,0.24,-11567.18,-771.15,9934.49
60m,1.5%,30pt,+40%,-25%,True,20,10.0%,0.23,-11587.76,-579.39,11152.22
45m,0.75%,100pt,+30%,-25%,True,14,14.3%,0.35,-11597.4,-828.39,9544.91
45m,1.0%,100pt,+30%,-25%,True,14,14.3%,0.35,-11597.4,-828.39,9544.91
60m,1.5%,100pt,+30%,-20%,False,13,15.4%,0.34,-11605.13,-892.7,10512.05
30m,0.75%,50pt,+30%,-20%,True,17,17.6%,0.29,-11611.34,-683.02,10742.79
30m,1.0%,50pt,+30%,-20%,True,17,17.6%,0.29,-11611.34,-683.02,10742.79
45m,1.25%,50pt,+30%,-20%,False,16,25.0%,0.44,-11614.49,-725.91,8834.71
45m,1.5%,50pt,+30%,-20%,False,16,25.0%,0.44,-11614.49,-725.91,8834.71
45m,0.75%,30pt,+50%,-15%,True,17,5.9%,0.17,-11620.66,-683.57,11185.13
60m,0.75%,30pt,+50%,-25%,True,17,5.9%,0.17,-11645.48,-685.03,11209.95
45m,0.75%,75pt,+30%,-25%,False,13,23.1%,0.4,-11646.84,-895.91,9609.92
45m,1.0%,75pt,+30%,-25%,False,13,23.1%,0.4,-11646.84,-895.91,9609.92
30m,1.5%,75pt,+70%,-25%,True,16,12.5%,0.39,-11647.96,-728.0,10426.04
30m,1.25%,75pt,+70%,-25%,True,16,12.5%,0.39,-11647.96,-728.0,10426.04
45m,1.25%,75pt,+50%,-25%,False,14,14.3%,0.48,-11662.05,-833.0,10263.75
45m,1.5%,75pt,+50%,-25%,False,14,14.3%,0.48,-11662.05,-833.0,10263.75
30m,0.75%,100pt,+30%,-25%,True,14,14.3%,0.35,-11680.78,-834.34,9628.29
30m,1.0%,100pt,+30%,-25%,True,14,14.3%,0.35,-11680.78,-834.34,9628.29
45m,0.75%,30pt,+70%,-20%,True,17,5.9%,0.22,-11696.69,-688.04,11261.16
60m,1.5%,30pt,+70%,-15%,True,20,5.0%,0.22,-11712.73,-585.64,11277.19
45m,1.25%,75pt,+30%,-20%,True,16,18.8%,0.29,-11735.28,-733.46,11064.99
45m,1.5%,75pt,+30%,-20%,True,16,18.8%,0.29,-11735.28,-733.46,11064.99
60m,0.75%,30pt,+50%,-20%,False,15,13.3%,0.47,-11766.55,-784.44,10186.27
60m,1.0%,30pt,+50%,-20%,False,15,13.3%,0.47,-11766.55,-784.44,10186.27
60m,1.25%,30pt,+50%,-20%,False,15,13.3%,0.47,-11766.55,-784.44,10186.27
30m,0.75%,30pt,+50%,-15%,True,17,5.9%,0.16,-11778.0,-692.82,11342.46
30m,1.5%,50pt,+40%,-25%,True,18,16.7%,0.35,-11794.29,-655.24,11411.96
30m,1.25%,50pt,+40%,-25%,True,18,16.7%,0.35,-11794.29,-655.24,11411.96
45m,1.0%,30pt,+50%,-15%,False,17,11.8%,0.46,-11796.53,-693.91,9120.51
45m,1.0%,30pt,+40%,-15%,False,17,17.6%,0.44,-11813.68,-694.92,9137.66
30m,1.0%,30pt,+50%,-15%,False,17,11.8%,0.46,-11822.5,-695.44,9146.48
30m,1.5%,75pt,+50%,-15%,True,17,11.8%,0.3,-11833.34,-696.08,10200.65
30m,1.0%,30pt,+40%,-15%,False,17,17.6%,0.44,-11839.65,-696.45,9163.63
60m,1.25%,30pt,+50%,-25%,False,13,15.4%,0.47,-11850.98,-911.61,9227.54
60m,0.75%,30pt,+50%,-25%,False,13,15.4%,0.47,-11850.98,-911.61,9227.54
60m,1.0%,30pt,+50%,-25%,False,13,15.4%,0.47,-11850.98,-911.61,9227.54
45m,1.0%,30pt,+50%,-15%,True,18,5.6%,0.16,-11851.85,-658.44,11416.31
60m,1.0%,30pt,+50%,-25%,True,18,5.6%,0.16,-11876.67,-659.82,11441.13
60m,1.25%,30pt,+50%,-25%,True,18,5.6%,0.16,-11876.67,-659.82,11441.13
30m,1.0%,50pt,+30%,-25%,True,17,17.6%,0.29,-11877.12,-698.65,11008.58
30m,0.75%,50pt,+30%,-25%,True,17,17.6%,0.29,-11877.12,-698.65,11008.58
30m,1.5%,50pt,+40%,-15%,True,18,11.1%,0.29,-11899.6,-661.09,11031.05
30m,1.25%,50pt,+40%,-15%,True,18,11.1%,0.29,-11899.6,-661.09,11031.05
45m,1.0%,30pt,+70%,-20%,True,18,5.6%,0.21,-11927.87,-662.66,11492.34
45m,1.25%,50pt,+70%,-25%,True,18,11.1%,0.38,-11953.6,-664.09,11085.06
45m,1.5%,50pt,+70%,-25%,True,18,11.1%,0.38,-11953.6,-664.09,11085.06
30m,0.75%,75pt,+70%,-15%,True,15,6.7%,0.24,-11969.11,-797.94,10336.43
30m,1.0%,75pt,+70%,-15%,True,15,6.7%,0.24,-11969.11,-797.94,10336.43
45m,1.0%,75pt,+70%,-15%,True,15,6.7%,0.24,-11987.08,-799.14,10354.39
45m,0.75%,75pt,+70%,-15%,True,15,6.7%,0.24,-11987.08,-799.14,10354.39
30m,1.0%,30pt,+50%,-15%,True,18,5.6%,0.16,-12009.18,-667.18,11573.65
45m,1.5%,30pt,+70%,-15%,True,19,5.3%,0.21,-12023.77,-632.83,11588.23
45m,1.25%,30pt,+70%,-15%,True,19,5.3%,0.21,-12023.77,-632.83,11588.23
45m,0.75%,30pt,+70%,-25%,True,17,5.9%,0.21,-12038.15,-708.13,11602.62
60m,1.5%,30pt,+70%,-20%,True,20,5.0%,0.21,-12082.61,-604.13,11647.07
60m,1.5%,75pt,+70%,-15%,False,14,7.1%,0.23,-12085.48,-863.25,11104.92
45m,0.75%,30pt,+40%,-25%,False,13,23.1%,0.43,-12087.95,-929.84,8342.36
45m,1.0%,30pt,+40%,-25%,False,13,23.1%,0.43,-12087.95,-929.84,8342.36
45m,1.25%,75pt,+30%,-15%,True,16,12.5%,0.22,-12099.1,-756.19,11428.81
30m,1.0%,50pt,+50%,-20%,False,15,13.3%,0.45,-12116.1,-807.74,10520.31
30m,0.75%,50pt,+50%,-20%,False,15,13.3%,0.45,-12116.1,-807.74,10520.31
60m,1.25%,50pt,+70%,-15%,True,17,5.9%,0.22,-12123.49,-713.15,11268.3
60m,0.75%,50pt,+70%,-15%,True,17,5.9%,0.22,-12123.49,-713.15,11268.3
60m,1.0%,50pt,+70%,-15%,True,17,5.9%,0.22,-12123.49,-713.15,11268.3
30m,0.75%,30pt,+70%,-20%,True,17,5.9%,0.21,-12125.76,-713.28,11690.23
45m,1.5%,30pt,+40%,-20%,True,19,10.5%,0.22,-12211.22,-642.7,11775.68
45m,1.25%,30pt,+40%,-20%,True,19,10.5%,0.22,-12211.22,-642.7,11775.68
45m,1.0%,50pt,+50%,-20%,False,15,13.3%,0.45,-12240.92,-816.06,10520.31
45m,0.75%,50pt,+50%,-20%,False,15,13.3%,0.45,-12240.92,-816.06,10520.31
30m,0.75%,30pt,+50%,-25%,False,13,15.4%,0.45,-12251.18,-942.4,9306.97
30m,1.0%,30pt,+50%,-25%,False,13,15.4%,0.45,-12251.18,-942.4,9306.97
45m,1.0%,30pt,+70%,-25%,True,18,5.6%,0.21,-12269.33,-681.63,11833.8
60m,1.5%,75pt,+40%,-20%,False,15,13.3%,0.38,-12317.62,-821.17,11012.13
60m,0.75%,30pt,+40%,-25%,False,13,23.1%,0.42,-12349.74,-949.98,8533.3
60m,1.0%,30pt,+40%,-25%,False,13,23.1%,0.42,-12349.74,-949.98,8533.3
60m,1.25%,30pt,+40%,-25%,False,13,23.1%,0.42,-12349.74,-949.98,8533.3
30m,1.0%,30pt,+70%,-20%,True,18,5.6%,0.21,-12356.95,-686.5,11921.41
45m,1.5%,75pt,+30%,-25%,True,16,18.8%,0.28,-12392.49,-774.53,11722.19
45m,1.25%,75pt,+30%,-25%,True,16,18.8%,0.28,-12392.49,-774.53,11722.19
30m,1.5%,75pt,+40%,-15%,True,17,11.8%,0.27,-12402.16,-729.54,10769.47
60m,0.75%,50pt,+30%,-20%,True,17,11.8%,0.21,-12422.37,-730.73,11678.89
60m,1.25%,50pt,+30%,-20%,True,17,11.8%,0.21,-12422.37,-730.73,11678.89
60m,1.0%,50pt,+30%,-20%,True,17,11.8%,0.21,-12422.37,-730.73,11678.89
45m,0.75%,30pt,+50%,-25%,False,13,15.4%,0.44,-12423.61,-955.66,9306.97
45m,1.0%,30pt,+50%,-25%,False,13,15.4%,0.44,-12423.61,-955.66,9306.97
60m,1.5%,30pt,+70%,-25%,True,20,5.0%,0.21,-12424.07,-621.2,11988.53
45m,1.25%,50pt,+40%,-15%,True,18,11.1%,0.26,-12469.15,-692.73,11600.6
45m,1.5%,50pt,+40%,-15%,True,18,11.1%,0.26,-12469.15,-692.73,11600.6
60m,1.0%,30pt,+40%,-20%,False,15,20.0%,0.42,-12509.27,-833.95,9369.06
60m,0.75%,30pt,+40%,-20%,False,15,20.0%,0.42,-12509.27,-833.95,9369.06
60m,1.25%,30pt,+40%,-20%,False,15,20.0%,0.42,-12509.27,-833.95,9369.06
45m,1.0%,30pt,+40%,-20%,False,15,20.0%,0.42,-12531.74,-835.45,9824.87
45m,0.75%,30pt,+40%,-20%,False,15,20.0%,0.42,-12531.74,-835.45,9824.87
45m,1.5%,30pt,+40%,-25%,True,19,10.5%,0.21,-12552.68,-660.67,12117.14
45m,1.25%,30pt,+40%,-25%,True,19,10.5%,0.21,-12552.68,-660.67,12117.14
45m,1.5%,50pt,+30%,-20%,True,18,16.7%,0.28,-12571.93,-698.44,11703.39
45m,1.25%,50pt,+30%,-20%,True,18,16.7%,0.28,-12571.93,-698.44,11703.39
60m,1.25%,30pt,+30%,-15%,False,17,29.4%,0.38,-12572.04,-739.53,10817.89
60m,1.0%,30pt,+30%,-15%,False,17,29.4%,0.38,-12572.04,-739.53,10817.89
30m,0.75%,30pt,+70%,-25%,True,17,5.9%,0.21,-12615.55,-742.09,12180.01
45m,0.75%,30pt,+50%,-20%,False,15,13.3%,0.44,-12623.44,-841.56,10642.09
45m,1.0%,30pt,+50%,-20%,False,15,13.3%,0.44,-12623.44,-841.56,10642.09
45m,0.75%,30pt,+50%,-20%,True,17,5.9%,0.15,-12644.42,-743.79,12208.89
60m,1.5%,30pt,+50%,-15%,True,20,5.0%,0.15,-12660.46,-633.02,12224.92
30m,1.0%,50pt,+30%,-15%,True,17,11.8%,0.21,-12666.89,-745.11,11798.35
30m,0.75%,50pt,+30%,-15%,True,17,11.8%,0.21,-12666.89,-745.11,11798.35
30m,1.25%,75pt,+50%,-15%,False,15,13.3%,0.28,-12682.52,-845.5,10378.9
45m,1.0%,50pt,+30%,-15%,True,17,11.8%,0.21,-12684.38,-746.14,11815.84
45m,0.75%,50pt,+30%,-15%,True,17,11.8%,0.21,-12684.38,-746.14,11815.84
60m,1.5%,50pt,+50%,-25%,False,16,18.8%,0.52,-12691.8,-793.24,12405.18
45m,1.25%,100pt,+70%,-15%,True,14,7.1%,0.24,-12705.75,-907.55,10653.26
60m,1.5%,50pt,+30%,-15%,True,19,10.5%,0.2,-12712.81,-669.1,11969.33
30m,0.75%,30pt,+50%,-20%,False,15,13.3%,0.44,-12722.23,-848.15,10642.09
30m,1.0%,30pt,+50%,-20%,False,15,13.3%,0.44,-12722.23,-848.15,10642.09
60m,1.25%,50pt,+30%,-25%,True,17,11.8%,0.2,-12742.54,-749.56,11999.06
60m,1.0%,50pt,+30%,-25%,True,17,11.8%,0.2,-12742.54,-749.56,11999.06
60m,0.75%,50pt,+30%,-25%,True,17,11.8%,0.2,-12742.54,-749.56,11999.06
45m,1.25%,75pt,+70%,-15%,True,16,6.2%,0.22,-12792.86,-799.55,11160.17
45m,0.75%,75pt,+40%,-20%,False,14,14.3%,0.38,-12814.11,-915.29,9629.86
45m,1.0%,75pt,+40%,-20%,False,14,14.3%,0.38,-12814.11,-915.29,9629.86
60m,1.5%,75pt,+40%,-25%,False,14,14.3%,0.37,-12842.84,-917.35,11194.34
30m,1.0%,30pt,+70%,-25%,True,18,5.6%,0.2,-12846.73,-713.71,12411.2
30m,1.5%,50pt,+50%,-20%,True,18,11.1%,0.31,-12865.42,-714.75,11996.88
30m,1.25%,50pt,+50%,-20%,True,18,11.1%,0.31,-12865.42,-714.75,11996.88
30m,1.25%,50pt,+40%,-25%,False,16,25.0%,0.5,-12868.57,-804.29,12635.44
30m,1.5%,50pt,+40%,-25%,False,16,25.0%,0.5,-12868.57,-804.29,12635.44
45m,1.0%,30pt,+50%,-20%,True,18,5.6%,0.15,-12875.61,-715.31,12440.07
60m,1.0%,50pt,+50%,-15%,True,17,5.9%,0.17,-12875.65,-757.39,12007.11
60m,1.25%,50pt,+50%,-15%,True,17,5.9%,0.17,-12875.65,-757.39,12007.11
60m,0.75%,50pt,+50%,-15%,True,17,5.9%,0.17,-12875.65,-757.39,12007.11
45m,1.25%,50pt,+30%,-25%,True,18,16.7%,0.28,-12884.24,-715.79,12015.7
45m,1.5%,50pt,+30%,-25%,True,18,16.7%,0.28,-12884.24,-715.79,12015.7
30m,1.5%,75pt,+50%,-20%,True,16,12.5%,0.28,-12906.3,-806.64,11273.61
30m,1.25%,75pt,+50%,-20%,True,16,12.5%,0.28,-12906.3,-806.64,11273.61
30m,1.25%,50pt,+30%,-25%,False,16,31.2%,0.46,-12909.79,-806.86,9396.19
30m,1.5%,50pt,+30%,-25%,False,16,31.2%,0.46,-12909.79,-806.86,9396.19
45m,1.25%,30pt,+50%,-15%,False,18,11.1%,0.43,-12916.18,-717.57,10240.16
45m,1.5%,30pt,+50%,-15%,False,18,11.1%,0.43,-12916.18,-717.57,10240.16
45m,1.5%,30pt,+40%,-15%,False,18,16.7%,0.42,-12933.33,-718.52,10257.31
45m,1.25%,30pt,+40%,-15%,False,18,16.7%,0.42,-12933.33,-718.52,10257.31
30m,1.0%,75pt,+40%,-20%,False,14,14.3%,0.37,-12962.42,-925.89,9778.18
30m,0.75%,75pt,+40%,-20%,False,14,14.3%,0.37,-12962.42,-925.89,9778.18
45m,1.25%,30pt,+50%,-15%,True,19,5.3%,0.15,-12971.5,-682.71,12535.96
45m,1.5%,30pt,+50%,-15%,True,19,5.3%,0.15,-12971.5,-682.71,12535.96
45m,0.75%,30pt,+50%,-25%,True,17,5.9%,0.15,-12985.88,-763.88,12550.35
60m,1.5%,30pt,+50%,-20%,True,20,5.0%,0.15,-13030.34,-651.52,12594.81
60m,1.5%,50pt,+30%,-20%,False,17,23.5%,0.42,-13041.44,-767.14,9987.25
45m,1.5%,30pt,+70%,-20%,True,19,5.3%,0.2,-13047.53,-686.71,12611.99
45m,1.25%,30pt,+70%,-20%,True,19,5.3%,0.2,-13047.53,-686.71,12611.99
45m,0.75%,75pt,+30%,-20%,True,15,13.3%,0.21,-13069.47,-871.3,12399.17
45m,1.0%,75pt,+30%,-20%,True,15,13.3%,0.21,-13069.47,-871.3,12399.17
30m,0.75%,30pt,+50%,-20%,True,17,5.9%,0.15,-13073.5,-769.03,12637.96
30m,1.0%,75pt,+50%,-15%,True,15,6.7%,0.17,-13087.71,-872.51,11455.02
30m,0.75%,75pt,+50%,-15%,True,15,6.7%,0.17,-13087.71,-872.51,11455.02
60m,0.75%,50pt,+30%,-20%,False,15,20.0%,0.37,-13088.06,-872.54,10033.87
60m,1.25%,50pt,+30%,-20%,False,15,20.0%,0.37,-13088.06,-872.54,10033.87
60m,1.0%,50pt,+30%,-20%,False,15,20.0%,0.37,-13088.06,-872.54,10033.87
45m,1.0%,75pt,+50%,-15%,True,15,6.7%,0.17,-13105.67,-873.71,11472.99
45m,0.75%,75pt,+50%,-15%,True,15,6.7%,0.17,-13105.67,-873.71,11472.99
30m,0.75%,50pt,+70%,-25%,False,15,13.3%,0.51,-13113.3,-874.22,12635.44
30m,1.0%,50pt,+70%,-25%,False,15,13.3%,0.51,-13113.3,-874.22,12635.44
45m,1.5%,50pt,+50%,-20%,True,18,11.1%,0.3,-13132.6,-729.59,12264.06
45m,1.25%,50pt,+50%,-20%,True,18,11.1%,0.3,-13132.6,-729.59,12264.06
45m,0.75%,50pt,+70%,-25%,False,15,13.3%,0.51,-13136.32,-875.75,12635.44
45m,1.0%,50pt,+70%,-25%,False,15,13.3%,0.51,-13136.32,-875.75,12635.44
60m,1.5%,30pt,+50%,-25%,False,14,14.3%,0.44,-13154.15,-939.58,9337.71
60m,1.5%,75pt,+70%,-20%,True,15,6.7%,0.22,-13173.48,-878.23,11540.79
45m,1.0%,30pt,+50%,-25%,True,18,5.6%,0.15,-13217.07,-734.28,12781.53
30m,1.25%,75pt,+40%,-15%,False,15,13.3%,0.25,-13251.34,-883.42,10947.72
45m,1.0%,50pt,+30%,-20%,False,15,20.0%,0.36,-13281.92,-885.46,10502.14
45m,0.75%,50pt,+30%,-20%,False,15,20.0%,0.36,-13281.92,-885.46,10502.14
45m,1.5%,75pt,+30%,-15%,True,17,11.8%,0.2,-13293.49,-781.97,12623.2
30m,1.0%,30pt,+50%,-20%,True,18,5.6%,0.15,-13304.68,-739.15,12869.14
45m,1.0%,75pt,+30%,-15%,False,14,14.3%,0.2,-13336.9,-952.64,12812.79
45m,0.75%,75pt,+30%,-15%,False,14,14.3%,0.2,-13336.9,-952.64,12812.79
60m,1.25%,75pt,+70%,-25%,False,11,9.1%,0.22,-13344.6,-1213.15,11696.11
60m,1.0%,75pt,+70%,-25%,False,11,9.1%,0.22,-13344.6,-1213.15,11696.11
60m,0.75%,75pt,+70%,-25%,False,11,9.1%,0.22,-13344.6,-1213.15,11696.11
30m,1.5%,75pt,+70%,-20%,False,14,14.3%,0.36,-13349.04,-953.5,10164.8
30m,1.25%,75pt,+70%,-20%,False,14,14.3%,0.36,-13349.04,-953.5,10164.8
45m,1.0%,75pt,+40%,-25%,False,13,15.4%,0.37,-13364.16,-1028.01,10263.75
45m,0.75%,75pt,+40%,-25%,False,13,15.4%,0.37,-13364.16,-1028.01,10263.75
60m,1.5%,30pt,+50%,-25%,True,20,5.0%,0.15,-13371.8,-668.59,12936.26
60m,1.0%,75pt,+70%,-20%,False,12,8.3%,0.22,-13382.56,-1115.21,12077.07
60m,0.75%,75pt,+70%,-20%,False,12,8.3%,0.22,-13382.56,-1115.21,12077.07
60m,1.25%,75pt,+70%,-20%,False,12,8.3%,0.22,-13382.56,-1115.21,12077.07
45m,1.25%,30pt,+70%,-25%,True,19,5.3%,0.2,-13388.98,-704.68,12953.45
45m,1.5%,30pt,+70%,-25%,True,19,5.3%,0.2,-13388.98,-704.68,12953.45
60m,1.25%,50pt,+40%,-15%,True,17,5.9%,0.13,-13453.72,-791.4,12585.18
60m,1.0%,50pt,+40%,-15%,True,17,5.9%,0.13,-13453.72,-791.4,12585.18
60m,0.75%,50pt,+40%,-15%,True,17,5.9%,0.13,-13453.72,-791.4,12585.18
30m,1.0%,75pt,+40%,-15%,True,15,6.7%,0.14,-13457.37,-897.16,11824.69
30m,0.75%,75pt,+40%,-15%,True,15,6.7%,0.14,-13457.37,-897.16,11824.69
30m,0.75%,50pt,+70%,-15%,True,17,5.9%,0.2,-13470.84,-792.4,12602.3
30m,1.0%,50pt,+70%,-15%,True,17,5.9%,0.2,-13470.84,-792.4,12602.3
30m,1.5%,75pt,+40%,-20%,True,16,12.5%,0.25,-13475.12,-842.2,11842.44
30m,1.25%,75pt,+40%,-20%,True,16,12.5%,0.25,-13475.12,-842.2,11842.44
45m,1.0%,75pt,+40%,-15%,True,15,6.7%,0.14,-13475.34,-898.36,11842.65
45m,0.75%,75pt,+40%,-15%,True,15,6.7%,0.14,-13475.34,-898.36,11842.65
45m,1.0%,50pt,+70%,-15%,True,17,5.9%,0.2,-13488.33,-793.43,12619.79
45m,0.75%,50pt,+70%,-15%,True,17,5.9%,0.2,-13488.33,-793.43,12619.79
60m,1.5%,50pt,+70%,-15%,True,19,5.3%,0.2,-13516.75,-711.41,12648.21
30m,0.75%,30pt,+50%,-25%,True,17,5.9%,0.15,-13563.28,-797.84,13127.74
60m,1.25%,50pt,+70%,-20%,True,17,5.9%,0.2,-13569.32,-798.2,12714.14
60m,0.75%,50pt,+70%,-20%,True,17,5.9%,0.2,-13569.32,-798.2,12714.14
60m,1.0%,50pt,+70%,-20%,True,17,5.9%,0.2,-13569.32,-798.2,12714.14
30m,1.0%,75pt,+40%,-25%,False,13,15.4%,0.36,-13576.42,-1044.34,10263.75
30m,0.75%,75pt,+40%,-25%,False,13,15.4%,0.36,-13576.42,-1044.34,10263.75
45m,1.25%,100pt,+70%,-15%,False,14,7.1%,0.23,-13609.82,-972.13,11557.33
30m,1.5%,50pt,+50%,-25%,True,18,11.1%,0.3,-13620.99,-756.72,12752.45
30m,1.25%,50pt,+50%,-25%,True,18,11.1%,0.3,-13620.99,-756.72,12752.45
60m,1.5%,30pt,+40%,-25%,False,14,21.4%,0.4,-13652.91,-975.21,9836.48
30m,1.5%,50pt,+50%,-25%,False,16,18.8%,0.49,-13690.22,-855.64,12635.44
30m,1.25%,50pt,+50%,-25%,False,16,18.8%,0.49,-13690.22,-855.64,12635.44
45m,1.5%,30pt,+40%,-20%,False,16,18.8%,0.4,-13722.9,-857.68,10701.63
45m,1.25%,30pt,+40%,-20%,False,16,18.8%,0.4,-13722.9,-857.68,10701.63
45m,0.75%,75pt,+30%,-25%,True,15,13.3%,0.2,-13726.67,-915.11,13056.37
45m,1.0%,75pt,+30%,-25%,True,15,13.3%,0.2,-13726.67,-915.11,13056.37
45m,1.25%,50pt,+50%,-25%,True,18,11.1%,0.29,-13786.38,-765.91,12917.83
45m,1.5%,50pt,+50%,-25%,True,18,11.1%,0.29,-13786.38,-765.91,12917.83
30m,1.0%,30pt,+50%,-25%,True,18,5.6%,0.14,-13794.46,-766.36,13358.93
45m,1.25%,30pt,+50%,-20%,False,16,12.5%,0.42,-13814.59,-863.41,10793.32
45m,1.5%,30pt,+50%,-20%,False,16,12.5%,0.42,-13814.59,-863.41,10793.32
60m,1.5%,50pt,+30%,-20%,True,19,10.5%,0.19,-13815.64,-727.14,13072.16
60m,1.0%,100pt,+70%,-15%,True,11,0.0%,0.0,-13817.69,-1256.15,11765.2
60m,0.75%,100pt,+70%,-15%,True,11,0.0%,0.0,-13817.69,-1256.15,11765.2
60m,1.25%,100pt,+70%,-15%,True,11,0.0%,0.0,-13817.69,-1256.15,11765.2
45m,1.25%,75pt,+40%,-20%,False,15,13.3%,0.36,-13819.5,-921.3,10635.25
45m,1.5%,75pt,+40%,-20%,False,15,13.3%,0.36,-13819.5,-921.3,10635.25
45m,0.75%,50pt,+40%,-20%,False,15,13.3%,0.38,-13824.04,-921.6,11012.04
45m,1.0%,50pt,+40%,-20%,False,15,13.3%,0.38,-13824.04,-921.6,11012.04
60m,1.5%,50pt,+40%,-20%,False,17,17.6%,0.42,-13838.55,-814.03,10752.14
45m,1.5%,50pt,+50%,-25%,False,16,18.8%,0.48,-13855.6,-865.98,12635.44
45m,1.25%,50pt,+50%,-25%,False,16,18.8%,0.48,-13855.6,-865.98,12635.44
30m,1.5%,75pt,+50%,-15%,False,16,12.5%,0.27,-13876.91,-867.31,11573.29
45m,1.25%,75pt,+50%,-15%,True,16,6.2%,0.16,-13911.45,-869.47,12278.77
30m,1.5%,75pt,+70%,-25%,False,13,15.4%,0.35,-13963.04,-1074.08,10263.75
30m,1.25%,75pt,+70%,-25%,False,13,15.4%,0.35,-13963.04,-1074.08,10263.75
30m,1.25%,75pt,+50%,-25%,True,16,12.5%,0.27,-13970.45,-873.15,12337.76
30m,1.5%,75pt,+50%,-25%,True,16,12.5%,0.27,-13970.45,-873.15,12337.76
45m,1.5%,75pt,+70%,-15%,True,17,5.9%,0.21,-13987.25,-822.78,12354.56
45m,1.5%,30pt,+50%,-20%,True,19,5.3%,0.14,-13995.26,-736.59,13559.72
45m,1.25%,30pt,+50%,-20%,True,19,5.3%,0.14,-13995.26,-736.59,13559.72
30m,0.75%,75pt,+70%,-15%,False,14,7.1%,0.21,-14012.68,-1000.91,11709.06
30m,1.0%,75pt,+70%,-15%,False,14,7.1%,0.21,-14012.68,-1000.91,11709.06
45m,1.5%,100pt,+70%,-15%,True,15,6.7%,0.22,-14024.83,-934.99,11972.34
45m,1.0%,75pt,+70%,-15%,False,14,7.1%,0.21,-14030.65,-1002.19,11727.03
45m,0.75%,75pt,+70%,-15%,False,14,7.1%,0.21,-14030.65,-1002.19,11727.03
45m,0.75%,75pt,+70%,-20%,True,15,6.7%,0.21,-14088.15,-939.21,12455.46
45m,1.0%,75pt,+70%,-20%,True,15,6.7%,0.21,-14088.15,-939.21,12455.46
30m,1.0%,50pt,+40%,-20%,True,17,11.8%,0.2,-14088.52,-828.74,13706.19
30m,0.75%,50pt,+40%,-20%,True,17,11.8%,0.2,-14088.52,-828.74,13706.19
60m,1.5%,50pt,+30%,-25%,True,19,10.5%,0.19,-14135.81,-743.99,13392.33
45m,1.25%,75pt,+30%,-15%,False,15,13.3%,0.19,-14142.68,-942.85,13618.57
30m,1.0%,50pt,+50%,-15%,True,17,5.9%,0.16,-14223.0,-836.65,13354.46
30m,0.75%,50pt,+50%,-15%,True,17,5.9%,0.16,-14223.0,-836.65,13354.46
60m,0.75%,50pt,+70%,-25%,True,17,5.9%,0.19,-14230.95,-837.11,13362.41
60m,1.0%,50pt,+70%,-25%,True,17,5.9%,0.19,-14230.95,-837.11,13362.41
60m,1.25%,50pt,+70%,-25%,True,17,5.9%,0.19,-14230.95,-837.11,13362.41
30m,1.0%,75pt,+70%,-20%,True,15,6.7%,0.21,-14236.46,-949.1,12603.78
30m,0.75%,75pt,+70%,-20%,True,15,6.7%,0.21,-14236.46,-949.1,12603.78
45m,0.75%,50pt,+30%,-20%,True,17,11.8%,0.19,-14239.36,-837.61,13370.82
45m,1.0%,50pt,+30%,-20%,True,17,11.8%,0.19,-14239.36,-837.61,13370.82
45m,0.75%,50pt,+50%,-15%,True,17,5.9%,0.16,-14240.49,-837.68,13371.95
45m,1.0%,50pt,+50%,-15%,True,17,5.9%,0.16,-14240.49,-837.68,13371.95
60m,1.5%,50pt,+50%,-15%,True,19,5.3%,0.16,-14268.92,-751.0,13400.38
45m,1.25%,75pt,+40%,-15%,True,16,6.2%,0.13,-14281.12,-892.57,12648.43
60m,1.0%,50pt,+50%,-20%,True,17,5.9%,0.15,-14321.49,-842.44,13452.95
60m,0.75%,50pt,+50%,-20%,True,17,5.9%,0.15,-14321.49,-842.44,13452.95
60m,1.25%,50pt,+50%,-20%,True,17,5.9%,0.15,-14321.49,-842.44,13452.95
60m,1.5%,75pt,+70%,-25%,True,15,6.7%,0.21,-14329.78,-955.32,12697.09
45m,1.25%,30pt,+50%,-25%,True,19,5.3%,0.14,-14336.72,-754.56,13901.18
45m,1.5%,30pt,+50%,-25%,True,19,5.3%,0.14,-14336.72,-754.56,13901.18
45m,1.5%,50pt,+40%,-20%,True,18,11.1%,0.23,-14367.12,-798.17,13498.58
45m,1.25%,50pt,+40%,-20%,True,18,11.1%,0.23,-14367.12,-798.17,13498.58
45m,1.5%,100pt,+70%,-20%,True,14,7.1%,0.22,-14386.16,-1027.58,12333.67
45m,1.25%,100pt,+70%,-20%,True,14,7.1%,0.22,-14386.16,-1027.58,12333.67
60m,0.75%,50pt,+40%,-20%,False,15,13.3%,0.34,-14432.61,-962.17,11346.2
60m,1.25%,50pt,+40%,-20%,False,15,13.3%,0.34,-14432.61,-962.17,11346.2
60m,1.0%,50pt,+40%,-20%,False,15,13.3%,0.34,-14432.61,-962.17,11346.2
30m,1.5%,75pt,+40%,-15%,False,16,12.5%,0.24,-14445.73,-902.86,12142.11
60m,1.5%,30pt,+50%,-20%,False,17,11.8%,0.42,-14538.57,-855.21,11354.33
30m,1.25%,75pt,+40%,-25%,True,16,12.5%,0.24,-14539.27,-908.7,12906.59
30m,1.5%,75pt,+40%,-25%,True,16,12.5%,0.24,-14539.27,-908.7,12906.59
30m,1.25%,100pt,+70%,-20%,True,14,7.1%,0.21,-14542.45,-1038.75,12489.96
30m,1.5%,100pt,+70%,-20%,True,14,7.1%,0.21,-14542.45,-1038.75,12489.96
45m,0.75%,50pt,+30%,-25%,True,17,11.8%,0.18,-14551.67,-855.98,13683.13
45m,1.0%,50pt,+30%,-25%,True,17,11.8%,0.18,-14551.67,-855.98,13683.13
45m,1.25%,75pt,+40%,-25%,False,14,14.3%,0.35,-14667.33,-1047.67,10850.89
45m,1.5%,75pt,+40%,-25%,False,14,14.3%,0.35,-14667.33,-1047.67,10850.89
30m,1.0%,50pt,+40%,-25%,True,17,11.8%,0.19,-14695.76,-864.46,14313.44
30m,0.75%,50pt,+40%,-25%,True,17,11.8%,0.19,-14695.76,-864.46,14313.44
30m,1.0%,50pt,+40%,-15%,True,17,5.9%,0.12,-14801.07,-870.65,13932.53
30m,0.75%,50pt,+40%,-15%,True,17,5.9%,0.12,-14801.07,-870.65,13932.53
45m,1.0%,50pt,+40%,-15%,True,17,5.9%,0.12,-14818.56,-871.68,13950.02
45m,0.75%,50pt,+40%,-15%,True,17,5.9%,0.12,-14818.56,-871.68,13950.02
45m,1.25%,75pt,+70%,-15%,False,15,6.7%,0.2,-14836.43,-989.1,12532.81
60m,1.5%,50pt,+40%,-15%,True,19,5.3%,0.12,-14846.98,-781.42,13978.44
60m,1.0%,100pt,+70%,-20%,True,11,0.0%,0.0,-14867.57,-1351.6,12815.08
60m,1.25%,100pt,+70%,-20%,True,11,0.0%,0.0,-14867.57,-1351.6,12815.08
60m,0.75%,100pt,+70%,-20%,True,11,0.0%,0.0,-14867.57,-1351.6,12815.08
60m,1.5%,30pt,+30%,-15%,False,19,26.3%,0.34,-14885.09,-783.43,13130.94
30m,1.0%,50pt,+30%,-25%,False,15,26.7%,0.38,-14886.46,-992.43,11372.86
30m,0.75%,50pt,+30%,-25%,False,15,26.7%,0.38,-14886.46,-992.43,11372.86
60m,1.0%,50pt,+40%,-20%,True,17,5.9%,0.12,-14899.55,-876.44,14031.01
60m,1.25%,50pt,+40%,-20%,True,17,5.9%,0.12,-14899.55,-876.44,14031.01
60m,0.75%,50pt,+40%,-20%,True,17,5.9%,0.12,-14899.55,-876.44,14031.01
60m,1.5%,50pt,+70%,-15%,False,18,11.1%,0.33,-14913.61,-828.53,12742.96
45m,1.5%,100pt,+70%,-15%,False,15,6.7%,0.21,-14928.9,-995.26,12876.41
60m,1.5%,50pt,+70%,-20%,True,19,5.3%,0.18,-14962.59,-787.5,14094.05
60m,0.75%,50pt,+50%,-25%,True,17,5.9%,0.15,-14983.12,-881.36,14114.57
60m,1.25%,50pt,+50%,-25%,True,17,5.9%,0.15,-14983.12,-881.36,14114.57
60m,1.0%,50pt,+50%,-25%,True,17,5.9%,0.15,-14983.12,-881.36,14114.57
45m,1.5%,100pt,+70%,-20%,False,13,7.7%,0.21,-15011.96,-1154.77,13918.88
45m,1.25%,100pt,+70%,-20%,False,13,7.7%,0.21,-15011.96,-1154.77,13918.88
45m,1.5%,50pt,+40%,-25%,True,18,11.1%,0.23,-15020.9,-834.49,14152.36
45m,1.25%,50pt,+40%,-25%,True,18,11.1%,0.23,-15020.9,-834.49,14152.36
45m,0.75%,75pt,+70%,-25%,True,15,6.7%,0.2,-15088.36,-1005.89,13455.67
45m,1.0%,75pt,+70%,-25%,True,15,6.7%,0.2,-15088.36,-1005.89,13455.67
45m,1.25%,75pt,+70%,-20%,True,16,6.2%,0.2,-15093.54,-943.35,13460.86
45m,1.5%,75pt,+70%,-20%,True,16,6.2%,0.2,-15093.54,-943.35,13460.86
45m,1.5%,75pt,+50%,-15%,True,17,5.9%,0.15,-15105.84,-888.58,13473.16
30m,0.75%,75pt,+50%,-15%,False,14,7.1%,0.15,-15131.28,-1080.81,12827.66
30m,1.0%,75pt,+50%,-15%,False,14,7.1%,0.15,-15131.28,-1080.81,12827.66
45m,0.75%,75pt,+50%,-15%,False,14,7.1%,0.15,-15149.25,-1082.09,12845.63
45m,1.0%,75pt,+50%,-15%,False,14,7.1%,0.15,-15149.25,-1082.09,12845.63
30m,1.5%,100pt,+70%,-20%,False,13,7.7%,0.21,-15168.26,-1166.79,14075.18
30m,1.25%,100pt,+70%,-20%,False,13,7.7%,0.21,-15168.26,-1166.79,14075.18
45m,0.75%,75pt,+50%,-20%,True,15,6.7%,0.15,-15206.75,-1013.78,13574.06
45m,1.0%,75pt,+50%,-20%,True,15,6.7%,0.15,-15206.75,-1013.78,13574.06
45m,1.25%,100pt,+70%,-25%,False,12,8.3%,0.21,-15215.37,-1267.95,13923.15
45m,1.5%,100pt,+70%,-25%,False,12,8.3%,0.21,-15215.37,-1267.95,13923.15
30m,0.75%,50pt,+70%,-20%,True,17,5.9%,0.18,-15261.49,-897.73,14392.95
30m,1.0%,50pt,+70%,-20%,True,17,5.9%,0.18,-15261.49,-897.73,14392.95
60m,1.5%,30pt,+40%,-20%,False,17,17.6%,0.37,-15281.3,-898.9,12097.06
30m,1.0%,75pt,+70%,-25%,True,15,6.7%,0.2,-15300.62,-1020.04,13667.93
30m,0.75%,75pt,+70%,-25%,True,15,6.7%,0.2,-15300.62,-1020.04,13667.93
45m,1.5%,75pt,+30%,-15%,False,16,12.5%,0.18,-15337.07,-958.57,14812.96
30m,1.0%,75pt,+50%,-20%,True,15,6.7%,0.14,-15355.06,-1023.67,13722.38
30m,0.75%,75pt,+50%,-20%,True,15,6.7%,0.14,-15355.06,-1023.67,13722.38
30m,1.5%,100pt,+70%,-25%,False,12,8.3%,0.2,-15381.26,-1281.77,14089.05
30m,1.25%,100pt,+70%,-25%,False,12,8.3%,0.2,-15381.26,-1281.77,14089.05
45m,0.75%,50pt,+70%,-20%,True,17,5.9%,0.18,-15386.31,-905.08,14517.77
45m,1.0%,50pt,+70%,-20%,True,17,5.9%,0.18,-15386.31,-905.08,14517.77
60m,1.5%,50pt,+30%,-25%,False,16,25.0%,0.38,-15423.37,-963.96,11819.9
45m,1.5%,75pt,+40%,-15%,True,17,5.9%,0.13,-15475.51,-910.32,13842.82
30m,0.75%,75pt,+40%,-15%,False,14,7.1%,0.13,-15500.95,-1107.21,13197.33
30m,1.0%,75pt,+40%,-15%,False,14,7.1%,0.13,-15500.95,-1107.21,13197.33
45m,0.75%,75pt,+40%,-15%,False,14,7.1%,0.13,-15518.91,-1108.49,13215.29
45m,1.0%,75pt,+40%,-15%,False,14,7.1%,0.13,-15518.91,-1108.49,13215.29
60m,0.75%,50pt,+40%,-25%,True,17,5.9%,0.12,-15561.18,-915.36,14692.64
60m,1.25%,50pt,+40%,-25%,True,17,5.9%,0.12,-15561.18,-915.36,14692.64
60m,1.0%,50pt,+40%,-25%,True,17,5.9%,0.12,-15561.18,-915.36,14692.64
45m,1.0%,75pt,+40%,-20%,True,15,6.7%,0.12,-15576.41,-1038.43,13943.73
45m,0.75%,75pt,+40%,-20%,True,15,6.7%,0.12,-15576.41,-1038.43,13943.73
60m,1.5%,50pt,+70%,-25%,True,19,5.3%,0.18,-15624.22,-822.33,14755.67
60m,1.0%,50pt,+50%,-25%,False,15,13.3%,0.41,-15632.76,-1042.18,12405.18
60m,0.75%,50pt,+50%,-25%,False,15,13.3%,0.41,-15632.76,-1042.18,12405.18
60m,1.25%,50pt,+50%,-25%,False,15,13.3%,0.41,-15632.76,-1042.18,12405.18
60m,1.5%,50pt,+50%,-20%,True,19,5.3%,0.14,-15714.75,-827.09,14846.21
30m,0.75%,75pt,+40%,-20%,True,15,6.7%,0.12,-15724.73,-1048.32,14092.04
30m,1.0%,75pt,+40%,-20%,True,15,6.7%,0.12,-15724.73,-1048.32,14092.04
30m,0.75%,50pt,+40%,-25%,False,15,20.0%,0.38,-15770.04,-1051.34,12635.44
30m,1.0%,50pt,+40%,-25%,False,15,20.0%,0.38,-15770.04,-1051.34,12635.44
60m,1.0%,100pt,+70%,-25%,True,11,0.0%,0.0,-15871.69,-1442.88,13819.2
60m,1.25%,100pt,+70%,-25%,True,11,0.0%,0.0,-15871.69,-1442.88,13819.2
60m,0.75%,100pt,+70%,-25%,True,11,0.0%,0.0,-15871.69,-1442.88,13819.2
45m,1.5%,50pt,+30%,-25%,False,16,25.0%,0.37,-15893.58,-993.35,12379.98
45m,1.25%,50pt,+30%,-25%,False,16,25.0%,0.37,-15893.58,-993.35,12379.98
45m,1.5%,100pt,+70%,-25%,True,14,7.1%,0.2,-15933.63,-1138.12,13881.14
45m,1.25%,100pt,+70%,-25%,True,14,7.1%,0.2,-15933.63,-1138.12,13881.14
45m,1.25%,75pt,+50%,-15%,False,15,6.7%,0.14,-15955.03,-1063.67,13651.41
60m,0.75%,100pt,+70%,-25%,False,9,0.0%,0.0,-15997.27,-1777.47,14705.05
60m,1.0%,100pt,+70%,-25%,False,9,0.0%,0.0,-15997.27,-1777.47,14705.05
60m,1.25%,100pt,+70%,-25%,False,9,0.0%,0.0,-15997.27,-1777.47,14705.05
30m,1.0%,50pt,+50%,-20%,True,17,5.9%,0.14,-16013.65,-941.98,15145.11
30m,0.75%,50pt,+50%,-20%,True,17,5.9%,0.14,-16013.65,-941.98,15145.11
30m,0.75%,50pt,+70%,-25%,True,17,5.9%,0.17,-16017.06,-942.18,15148.52
30m,1.0%,50pt,+70%,-25%,True,17,5.9%,0.17,-16017.06,-942.18,15148.52
45m,1.5%,75pt,+70%,-15%,False,16,6.2%,0.19,-16030.82,-1001.93,13727.2
45m,0.75%,50pt,+70%,-25%,True,17,5.9%,0.17,-16040.08,-943.53,15171.54
45m,1.0%,50pt,+70%,-25%,True,17,5.9%,0.17,-16040.08,-943.53,15171.54
60m,1.0%,100pt,+70%,-15%,False,11,0.0%,0.0,-16062.52,-1460.23,14010.03
60m,0.75%,100pt,+70%,-15%,False,11,0.0%,0.0,-16062.52,-1460.23,14010.03
60m,1.25%,100pt,+70%,-15%,False,11,0.0%,0.0,-16062.52,-1460.23,14010.03
45m,1.25%,50pt,+40%,-25%,False,16,18.8%,0.4,-16095.18,-1005.95,12635.44
45m,1.5%,50pt,+40%,-25%,False,16,18.8%,0.4,-16095.18,-1005.95,12635.44
30m,1.25%,100pt,+70%,-25%,True,14,7.1%,0.2,-16099.52,-1149.97,14047.03
30m,1.5%,100pt,+70%,-25%,True,14,7.1%,0.2,-16099.52,-1149.97,14047.03
45m,0.75%,50pt,+50%,-20%,True,17,5.9%,0.14,-16138.47,-949.32,15269.93
45m,1.0%,50pt,+50%,-20%,True,17,5.9%,0.14,-16138.47,-949.32,15269.93
45m,1.0%,75pt,+50%,-25%,True,15,6.7%,0.14,-16206.96,-1080.46,14574.27
45m,0.75%,75pt,+50%,-25%,True,15,6.7%,0.14,-16206.96,-1080.46,14574.27
45m,1.25%,75pt,+50%,-20%,True,16,6.2%,0.14,-16212.14,-1013.26,14579.45
45m,1.5%,75pt,+50%,-20%,True,16,6.2%,0.14,-16212.14,-1013.26,14579.45
60m,1.5%,100pt,+70%,-15%,True,13,0.0%,0.0,-16231.53,-1248.58,14179.04
60m,1.5%,75pt,+70%,-20%,False,14,7.1%,0.19,-16271.6,-1162.26,14966.11
60m,1.5%,50pt,+40%,-20%,True,19,5.3%,0.11,-16292.82,-857.52,15424.27
60m,1.5%,50pt,+70%,-20%,False,16,12.5%,0.31,-16298.8,-1018.68,13212.39
45m,1.25%,75pt,+40%,-15%,False,15,6.7%,0.12,-16324.69,-1088.31,14021.07
60m,1.5%,50pt,+50%,-25%,True,19,5.3%,0.14,-16376.38,-861.91,15507.84
45m,1.25%,75pt,+70%,-25%,True,16,6.2%,0.18,-16391.53,-1024.47,14758.84
45m,1.5%,75pt,+70%,-25%,True,16,6.2%,0.18,-16391.53,-1024.47,14758.84
60m,1.5%,50pt,+30%,-15%,False,18,16.7%,0.23,-16394.17,-910.79,14819.27
30m,0.75%,75pt,+50%,-25%,True,15,6.7%,0.14,-16419.21,-1094.61,14786.53
30m,1.0%,75pt,+50%,-25%,True,15,6.7%,0.14,-16419.21,-1094.61,14786.53
60m,1.5%,50pt,+40%,-25%,False,16,18.8%,0.37,-16561.94,-1035.12,12958.47
45m,0.75%,75pt,+40%,-25%,True,15,6.7%,0.12,-16576.62,-1105.11,14943.93
45m,1.0%,75pt,+40%,-25%,True,15,6.7%,0.12,-16576.62,-1105.11,14943.93
45m,1.25%,75pt,+40%,-20%,True,16,6.2%,0.12,-16581.8,-1036.36,14949.12
45m,1.5%,75pt,+40%,-20%,True,16,6.2%,0.12,-16581.8,-1036.36,14949.12
45m,0.75%,50pt,+40%,-20%,True,17,5.9%,0.11,-16716.54,-983.33,15848.0
45m,1.0%,50pt,+40%,-20%,True,17,5.9%,0.11,-16716.54,-983.33,15848.0
45m,0.75%,100pt,+70%,-15%,True,13,0.0%,0.0,-16727.32,-1286.72,14674.83
45m,1.0%,100pt,+70%,-15%,True,13,0.0%,0.0,-16727.32,-1286.72,14674.83
60m,1.5%,50pt,+50%,-15%,False,18,11.1%,0.25,-16746.38,-930.35,14575.73
30m,1.0%,50pt,+50%,-25%,True,17,5.9%,0.14,-16769.22,-986.42,15900.68
30m,0.75%,50pt,+50%,-25%,True,17,5.9%,0.14,-16769.22,-986.42,15900.68
60m,0.75%,50pt,+30%,-15%,False,16,12.5%,0.16,-16773.48,-1048.34,15198.57
60m,1.25%,50pt,+30%,-15%,False,16,12.5%,0.16,-16773.48,-1048.34,15198.57
60m,1.0%,50pt,+30%,-15%,False,16,12.5%,0.16,-16773.48,-1048.34,15198.57
30m,1.0%,75pt,+40%,-25%,True,15,6.7%,0.12,-16788.88,-1119.26,15156.19
30m,0.75%,75pt,+40%,-25%,True,15,6.7%,0.12,-16788.88,-1119.26,15156.19
45m,0.75%,50pt,+50%,-25%,True,17,5.9%,0.14,-16792.25,-987.78,15923.71
45m,1.0%,50pt,+50%,-25%,True,17,5.9%,0.14,-16792.25,-987.78,15923.71
60m,1.5%,75pt,+70%,-25%,False,13,7.7%,0.18,-16796.82,-1292.06,15148.33
30m,1.0%,100pt,+70%,-15%,True,13,0.0%,0.0,-16820.36,-1293.87,14767.87
30m,0.75%,100pt,+70%,-15%,True,13,0.0%,0.0,-16820.36,-1293.87,14767.87
30m,1.0%,50pt,+50%,-25%,False,15,13.3%,0.37,-16838.44,-1122.56,13324.84
30m,0.75%,50pt,+50%,-25%,False,15,13.3%,0.37,-16838.44,-1122.56,13324.84
60m,1.25%,100pt,+70%,-20%,False,10,0.0%,0.0,-16849.1,-1684.91,15756.02
60m,0.75%,100pt,+70%,-20%,False,10,0.0%,0.0,-16849.1,-1684.91,15756.02
60m,1.0%,100pt,+70%,-20%,False,10,0.0%,0.0,-16849.1,-1684.91,15756.02
45m,0.75%,75pt,+70%,-20%,False,13,7.7%,0.18,-16853.39,-1296.41,13669.14
45m,1.0%,75pt,+70%,-20%,False,13,7.7%,0.18,-16853.39,-1296.41,13669.14
45m,0.75%,50pt,+50%,-25%,False,15,13.3%,0.37,-16861.47,-1124.1,13347.86
45m,1.0%,50pt,+50%,-25%,False,15,13.3%,0.37,-16861.47,-1124.1,13347.86
60m,1.5%,50pt,+40%,-25%,True,19,5.3%,0.11,-16954.44,-892.34,16085.9
30m,1.0%,75pt,+70%,-20%,False,13,7.7%,0.18,-17001.7,-1307.82,13817.46
30m,0.75%,75pt,+70%,-20%,False,13,7.7%,0.18,-17001.7,-1307.82,13817.46
60m,0.75%,30pt,+40%,-15%,False,16,12.5%,0.17,-17087.41,-1067.96,14783.79
45m,1.5%,75pt,+50%,-15%,False,16,6.2%,0.13,-17149.42,-1071.84,14845.8
60m,1.0%,50pt,+30%,-25%,False,15,20.0%,0.31,-17160.43,-1144.03,13556.96
60m,1.25%,50pt,+30%,-25%,False,15,20.0%,0.31,-17160.43,-1144.03,13556.96
60m,0.75%,50pt,+30%,-25%,False,15,20.0%,0.31,-17160.43,-1144.03,13556.96
45m,1.0%,50pt,+40%,-25%,True,17,5.9%,0.11,-17370.31,-1021.78,16501.77
45m,0.75%,50pt,+40%,-25%,True,17,5.9%,0.11,-17370.31,-1021.78,16501.77
45m,0.75%,75pt,+70%,-25%,False,12,8.3%,0.18,-17403.44,-1450.29,13587.0
45m,1.0%,75pt,+70%,-25%,False,12,8.3%,0.18,-17403.44,-1450.29,13587.0
60m,1.5%,100pt,+70%,-20%,True,13,0.0%,0.0,-17505.21,-1346.55,15452.72
45m,1.25%,75pt,+50%,-25%,True,16,6.2%,0.13,-17510.13,-1094.38,15877.44
45m,1.5%,75pt,+50%,-25%,True,16,6.2%,0.13,-17510.13,-1094.38,15877.44
45m,1.5%,75pt,+40%,-15%,False,16,6.2%,0.11,-17519.08,-1094.94,15215.46
45m,1.0%,50pt,+30%,-25%,False,15,20.0%,0.3,-17561.01,-1170.73,14047.41
45m,0.75%,50pt,+30%,-25%,False,15,20.0%,0.3,-17561.01,-1170.73,14047.41
60m,1.0%,50pt,+70%,-15%,False,16,6.2%,0.16,-17577.42,-1098.59,15406.77
60m,0.75%,50pt,+70%,-15%,False,16,6.2%,0.16,-17577.42,-1098.59,15406.77
60m,1.25%,50pt,+70%,-15%,False,16,6.2%,0.16,-17577.42,-1098.59,15406.77
30m,1.0%,75pt,+70%,-25%,False,12,8.3%,0.17,-17615.7,-1467.98,13799.26
30m,0.75%,75pt,+70%,-25%,False,12,8.3%,0.17,-17615.7,-1467.98,13799.26
45m,0.75%,100pt,+70%,-15%,False,13,0.0%,0.0,-17631.38,-1356.26,15578.89
45m,1.0%,100pt,+70%,-15%,False,13,0.0%,0.0,-17631.38,-1356.26,15578.89
30m,1.0%,100pt,+70%,-15%,False,13,0.0%,0.0,-17724.42,-1363.42,15671.93
30m,0.75%,100pt,+70%,-15%,False,13,0.0%,0.0,-17724.42,-1363.42,15671.93
30m,1.25%,100pt,+70%,-15%,True,14,0.0%,0.0,-17727.92,-1266.28,15675.43
45m,1.5%,75pt,+70%,-20%,False,14,7.1%,0.17,-17858.78,-1275.63,14674.54
45m,1.25%,75pt,+70%,-20%,False,14,7.1%,0.17,-17858.78,-1275.63,14674.54
45m,1.5%,75pt,+40%,-25%,True,16,6.2%,0.11,-17879.79,-1117.49,16247.11
45m,1.25%,75pt,+40%,-25%,True,16,6.2%,0.11,-17879.79,-1117.49,16247.11
60m,0.75%,30pt,+70%,-15%,False,16,6.2%,0.15,-17923.72,-1120.23,15620.1
60m,1.5%,50pt,+40%,-15%,False,18,11.1%,0.19,-17980.91,-998.94,15810.26
60m,1.25%,50pt,+50%,-15%,False,16,6.2%,0.13,-18329.58,-1145.6,16158.93
60m,1.0%,50pt,+50%,-15%,False,16,6.2%,0.13,-18329.58,-1145.6,16158.93
60m,0.75%,50pt,+50%,-15%,False,16,6.2%,0.13,-18329.58,-1145.6,16158.93
45m,1.0%,100pt,+70%,-20%,True,13,0.0%,0.0,-18407.72,-1415.98,16355.23
45m,0.75%,100pt,+70%,-20%,True,13,0.0%,0.0,-18407.72,-1415.98,16355.23
45m,1.0%,50pt,+40%,-25%,False,15,13.3%,0.31,-18444.59,-1229.64,14930.99
45m,0.75%,50pt,+40%,-25%,False,15,13.3%,0.31,-18444.59,-1229.64,14930.99
60m,1.5%,100pt,+70%,-15%,False,13,0.0%,0.0,-18476.36,-1421.26,16423.87
30m,0.75%,100pt,+70%,-20%,True,13,0.0%,0.0,-18481.5,-1421.65,16429.01
30m,1.0%,100pt,+70%,-20%,True,13,0.0%,0.0,-18481.5,-1421.65,16429.01
60m,1.25%,50pt,+70%,-20%,False,14,7.1%,0.15,-18629.93,-1330.71,15543.52
60m,1.0%,50pt,+70%,-20%,False,14,7.1%,0.15,-18629.93,-1330.71,15543.52
60m,0.75%,50pt,+70%,-20%,False,14,7.1%,0.15,-18629.93,-1330.71,15543.52
30m,1.25%,100pt,+70%,-15%,False,14,0.0%,0.0,-18631.99,-1330.86,16579.5
45m,1.25%,75pt,+70%,-25%,False,13,7.7%,0.17,-18706.61,-1438.97,14890.17
45m,1.5%,75pt,+70%,-25%,False,13,7.7%,0.17,-18706.61,-1438.97,14890.17
60m,0.75%,50pt,+40%,-25%,False,15,13.3%,0.29,-18846.44,-1256.43,15242.97
60m,1.25%,50pt,+40%,-25%,False,15,13.3%,0.29,-18846.44,-1256.43,15242.97
60m,1.0%,50pt,+40%,-25%,False,15,13.3%,0.29,-18846.44,-1256.43,15242.97
60m,0.75%,30pt,+50%,-15%,False,16,6.2%,0.11,-18871.45,-1179.47,16567.83
30m,1.5%,100pt,+70%,-15%,True,15,0.0%,0.0,-18880.2,-1258.68,16827.71
60m,1.0%,50pt,+40%,-15%,False,16,6.2%,0.1,-18907.65,-1181.73,16737.0
60m,0.75%,50pt,+40%,-15%,False,16,6.2%,0.1,-18907.65,-1181.73,16737.0
60m,1.25%,50pt,+40%,-15%,False,16,6.2%,0.1,-18907.65,-1181.73,16737.0
60m,1.5%,100pt,+70%,-25%,True,13,0.0%,0.0,-18969.09,-1459.16,16916.6
60m,1.0%,30pt,+70%,-20%,False,14,7.1%,0.15,-18981.98,-1355.86,15797.73
60m,1.25%,30pt,+70%,-20%,False,14,7.1%,0.15,-18981.98,-1355.86,15797.73
60m,0.75%,30pt,+70%,-20%,False,14,7.1%,0.15,-18981.98,-1355.86,15797.73
60m,1.5%,50pt,+70%,-25%,False,15,13.3%,0.28,-19022.19,-1268.15,15418.72
45m,1.0%,100pt,+70%,-20%,False,12,0.0%,0.0,-19033.52,-1586.13,17940.45
45m,0.75%,100pt,+70%,-20%,False,12,0.0%,0.0,-19033.52,-1586.13,17940.45
60m,1.0%,30pt,+70%,-25%,False,12,8.3%,0.15,-19066.41,-1588.87,15249.97
60m,0.75%,30pt,+70%,-25%,False,12,8.3%,0.15,-19066.41,-1588.87,15249.97
60m,1.25%,30pt,+70%,-25%,False,12,8.3%,0.15,-19066.41,-1588.87,15249.97
30m,0.75%,100pt,+70%,-20%,False,12,0.0%,0.0,-19107.3,-1592.28,18014.23
30m,1.0%,100pt,+70%,-20%,False,12,0.0%,0.0,-19107.3,-1592.28,18014.23
60m,1.0%,30pt,+40%,-15%,False,17,11.8%,0.15,-19153.71,-1126.69,16850.09
60m,1.25%,30pt,+40%,-15%,False,17,11.8%,0.15,-19153.71,-1126.69,16850.09
45m,0.75%,100pt,+70%,-25%,False,11,0.0%,0.0,-19236.93,-1748.81,17944.71
45m,1.0%,100pt,+70%,-25%,False,11,0.0%,0.0,-19236.93,-1748.81,17944.71
30m,0.75%,100pt,+70%,-25%,False,11,0.0%,0.0,-19320.31,-1756.39,18028.09
30m,1.0%,100pt,+70%,-25%,False,11,0.0%,0.0,-19320.31,-1756.39,18028.09
60m,1.5%,100pt,+70%,-25%,False,11,0.0%,0.0,-19619.77,-1783.62,18327.55
60m,1.5%,100pt,+70%,-20%,False,12,0.0%,0.0,-19724.02,-1643.67,18630.94
30m,1.5%,100pt,+70%,-15%,False,15,0.0%,0.0,-19784.26,-1318.95,17731.77
45m,1.0%,100pt,+70%,-25%,True,13,0.0%,0.0,-19955.19,-1535.01,17902.7
45m,0.75%,100pt,+70%,-25%,True,13,0.0%,0.0,-19955.19,-1535.01,17902.7
60m,1.25%,30pt,+70%,-15%,False,17,5.9%,0.14,-19990.02,-1175.88,17686.4
60m,1.0%,30pt,+70%,-15%,False,17,5.9%,0.14,-19990.02,-1175.88,17686.4
30m,0.75%,100pt,+70%,-25%,True,13,0.0%,0.0,-20038.57,-1541.43,17986.08
30m,1.0%,100pt,+70%,-25%,True,13,0.0%,0.0,-20038.57,-1541.43,17986.08
60m,1.5%,30pt,+70%,-25%,False,13,7.7%,0.14,-20369.58,-1566.89,16553.14
60m,1.25%,30pt,+50%,-15%,False,17,5.9%,0.1,-20937.75,-1231.63,18634.13
60m,1.0%,30pt,+50%,-15%,False,17,5.9%,0.1,-20937.75,-1231.63,18634.13
60m,1.5%,30pt,+40%,-15%,False,19,10.5%,0.14,-21466.76,-1129.83,19163.15
60m,1.5%,30pt,+70%,-20%,False,16,6.2%,0.13,-21754.0,-1359.62,18569.76
60m,1.5%,30pt,+70%,-15%,False,19,5.3%,0.13,-22303.07,-1173.85,19999.45
60m,0.75%,50pt,+70%,-25%,False,14,7.1%,0.13,-23043.75,-1645.98,19440.28
60m,1.0%,50pt,+70%,-25%,False,14,7.1%,0.13,-23043.75,-1645.98,19440.28
60m,1.25%,50pt,+70%,-25%,False,14,7.1%,0.13,-23043.75,-1645.98,19440.28
60m,1.5%,30pt,+50%,-15%,False,19,5.3%,0.09,-23250.81,-1223.73,20947.19
