atr,tp,sl,max_t,filter,trades,wr,pf,pnl,avg,max_dd
3.0x,+50%,-15%,1,EMA50,42,21.4%,0.76,-10587.97,-252.09,13654.36
3.0x,+50%,-15%,1,EMA20,42,21.4%,0.76,-10587.97,-252.09,13654.36
3.0x,+50%,-15%,1,None,42,21.4%,0.76,-10587.97,-252.09,13654.36
3.0x,+30%,-15%,1,EMA20,42,26.2%,0.7,-13179.2,-313.79,14969.06
3.0x,+30%,-15%,1,EMA50,42,26.2%,0.7,-13179.2,-313.79,14969.06
3.0x,+30%,-15%,1,None,42,26.2%,0.7,-13179.2,-313.79,14969.06
3.0x,+40%,-15%,1,EMA50,42,21.4%,0.66,-15150.65,-360.73,14414.17
3.0x,+40%,-15%,1,EMA20,42,21.4%,0.66,-15150.65,-360.73,14414.17
3.0x,+40%,-15%,1,None,42,21.4%,0.66,-15150.65,-360.73,14414.17
3.0x,+50%,-15%,2,EMA50,55,21.8%,0.69,-16624.62,-302.27,16652.45
3.0x,+50%,-15%,2,None,55,21.8%,0.69,-16624.62,-302.27,16652.45
3.0x,+50%,-15%,2,EMA20,55,21.8%,0.69,-16624.62,-302.27,16652.45
3.0x,+30%,-15%,2,EMA20,57,28.1%,0.68,-17088.81,-299.8,18406.13
3.0x,+30%,-15%,2,None,57,28.1%,0.68,-17088.81,-299.8,18406.13
3.0x,+30%,-15%,2,EMA50,57,28.1%,0.68,-17088.81,-299.8,18406.13
3.0x,+50%,-20%,1,EMA20,42,21.4%,0.66,-17269.87,-411.19,18011.69
3.0x,+50%,-20%,1,EMA50,42,21.4%,0.66,-17269.87,-411.19,18011.69
3.0x,+50%,-20%,1,None,42,21.4%,0.66,-17269.87,-411.19,18011.69
3.0x,+50%,-25%,1,EMA50,42,23.8%,0.65,-18512.59,-440.78,20271.12
3.0x,+50%,-25%,1,EMA20,42,23.8%,0.65,-18512.59,-440.78,20271.12
3.0x,+50%,-25%,1,None,42,23.8%,0.65,-18512.59,-440.78,20271.12
3.0x,+50%,-25%,2,None,55,27.3%,0.69,-19018.93,-345.8,17994.31
3.0x,+50%,-25%,2,EMA20,55,27.3%,0.69,-19018.93,-345.8,17994.31
3.0x,+50%,-25%,2,EMA50,55,27.3%,0.69,-19018.93,-345.8,17994.31
2.5x,+50%,-15%,1,EMA50,51,23.5%,0.63,-19415.89,-380.7,21019.62
3.0x,+30%,-20%,1,None,42,26.2%,0.6,-19861.09,-472.88,21178.41
3.0x,+30%,-20%,1,EMA50,42,26.2%,0.6,-19861.09,-472.88,21178.41
3.0x,+30%,-20%,1,EMA20,42,26.2%,0.6,-19861.09,-472.88,21178.41
2.5x,+50%,-15%,1,None,53,24.5%,0.63,-19940.61,-376.24,21544.34
2.5x,+50%,-15%,1,EMA20,53,24.5%,0.63,-19940.61,-376.24,21544.34
3.0x,+30%,-25%,2,EMA50,57,33.3%,0.67,-19964.96,-350.26,21282.29
3.0x,+30%,-25%,2,None,57,33.3%,0.67,-19964.96,-350.26,21282.29
3.0x,+30%,-25%,2,EMA20,57,33.3%,0.67,-19964.96,-350.26,21282.29
2.2x,+70%,-15%,1,EMA50,57,21.1%,0.65,-20253.31,-355.32,19365.5
2.2x,+30%,-15%,1,EMA50,57,26.3%,0.64,-20254.8,-355.35,21750.41
2.5x,+40%,-15%,1,EMA50,51,23.5%,0.61,-20501.03,-401.98,21996.64
3.0x,+50%,-20%,2,None,55,23.6%,0.66,-20770.06,-377.64,19874.51
3.0x,+50%,-20%,2,EMA50,55,23.6%,0.66,-20770.06,-377.64,19874.51
3.0x,+50%,-20%,2,EMA20,55,23.6%,0.66,-20770.06,-377.64,19874.51
2.5x,+40%,-15%,1,EMA20,53,24.5%,0.61,-21025.75,-396.71,22521.36
2.5x,+40%,-15%,1,None,53,24.5%,0.61,-21025.75,-396.71,22521.36
2.2x,+70%,-15%,1,EMA20,58,20.7%,0.65,-21074.23,-363.35,20186.42
2.2x,+70%,-15%,1,None,58,20.7%,0.65,-21074.23,-363.35,20186.42
2.2x,+30%,-15%,1,EMA20,58,25.9%,0.63,-21075.72,-363.37,22571.33
2.2x,+30%,-15%,1,None,58,25.9%,0.63,-21075.72,-363.37,22571.33
3.0x,+70%,-15%,1,EMA20,42,16.7%,0.55,-21097.85,-502.33,20202.3
3.0x,+70%,-15%,1,EMA50,42,16.7%,0.55,-21097.85,-502.33,20202.3
3.0x,+70%,-15%,1,None,42,16.7%,0.55,-21097.85,-502.33,20202.3
3.0x,+40%,-15%,2,None,55,21.8%,0.61,-21187.3,-385.22,20291.75
3.0x,+40%,-15%,2,EMA50,55,21.8%,0.61,-21187.3,-385.22,20291.75
3.0x,+40%,-15%,2,EMA20,55,21.8%,0.61,-21187.3,-385.22,20291.75
3.0x,+30%,-20%,2,EMA50,57,29.8%,0.64,-21234.24,-372.53,22551.56
3.0x,+30%,-20%,2,None,57,29.8%,0.64,-21234.24,-372.53,22551.56
3.0x,+30%,-20%,2,EMA20,57,29.8%,0.64,-21234.24,-372.53,22551.56
3.0x,+30%,-25%,1,None,42,28.6%,0.59,-21369.72,-508.8,22687.05
3.0x,+30%,-25%,1,EMA20,42,28.6%,0.59,-21369.72,-508.8,22687.05
3.0x,+30%,-25%,1,EMA50,42,28.6%,0.59,-21369.72,-508.8,22687.05
3.0x,+40%,-20%,1,EMA50,42,21.4%,0.57,-21832.54,-519.82,20937.0
3.0x,+40%,-20%,1,None,42,21.4%,0.57,-21832.54,-519.82,20937.0
3.0x,+40%,-20%,1,EMA20,42,21.4%,0.57,-21832.54,-519.82,20937.0
2.2x,+40%,-15%,1,EMA50,57,24.6%,0.59,-23112.18,-405.48,24607.79
3.0x,+40%,-25%,1,EMA50,42,23.8%,0.56,-23294.62,-554.63,22270.0
3.0x,+40%,-25%,1,EMA20,42,23.8%,0.56,-23294.62,-554.63,22270.0
3.0x,+40%,-25%,1,None,42,23.8%,0.56,-23294.62,-554.63,22270.0
2.2x,+50%,-15%,1,EMA50,57,22.8%,0.59,-23868.65,-418.75,25472.38
2.2x,+40%,-15%,1,None,58,24.1%,0.59,-23933.1,-412.64,25428.71
2.2x,+40%,-15%,1,EMA20,58,24.1%,0.59,-23933.1,-412.64,25428.71
3.0x,+40%,-25%,2,EMA20,55,27.3%,0.61,-24016.9,-436.67,22992.28
3.0x,+40%,-25%,2,EMA50,55,27.3%,0.61,-24016.9,-436.67,22992.28
3.0x,+40%,-25%,2,None,55,27.3%,0.61,-24016.9,-436.67,22992.28
2.5x,+30%,-15%,1,EMA50,51,23.5%,0.53,-24580.92,-481.98,26076.53
2.2x,+50%,-15%,1,None,58,22.4%,0.58,-24689.57,-425.68,26293.3
2.2x,+50%,-15%,1,EMA20,58,22.4%,0.58,-24689.57,-425.68,26293.3
2.5x,+30%,-15%,1,None,53,24.5%,0.53,-25105.65,-473.69,26601.26
2.5x,+30%,-15%,1,EMA20,53,24.5%,0.53,-25105.65,-473.69,26601.26
2.2x,+30%,-25%,1,EMA50,57,28.1%,0.6,-25177.5,-441.71,26673.11
2.2x,+70%,-25%,1,EMA50,57,22.8%,0.62,-25200.09,-442.11,25371.82
3.0x,+40%,-20%,2,None,55,23.6%,0.58,-25332.73,-460.6,24437.19
3.0x,+40%,-20%,2,EMA50,55,23.6%,0.58,-25332.73,-460.6,24437.19
3.0x,+40%,-20%,2,EMA20,55,23.6%,0.58,-25332.73,-460.6,24437.19
2.2x,+30%,-20%,1,EMA50,57,26.3%,0.59,-25423.61,-446.03,26919.22
2.5x,+50%,-25%,2,EMA50,70,28.6%,0.65,-25897.93,-369.97,27501.66
1.8x,+30%,-15%,1,EMA50,60,25.0%,0.57,-26015.78,-433.6,24287.06
2.2x,+30%,-25%,1,None,58,27.6%,0.6,-26076.39,-449.59,27572.0
2.2x,+30%,-25%,1,EMA20,58,27.6%,0.6,-26076.39,-449.59,27572.0
2.2x,+70%,-25%,1,None,58,22.4%,0.62,-26098.98,-449.98,26270.71
2.2x,+70%,-25%,1,EMA20,58,22.4%,0.62,-26098.98,-449.98,26270.71
2.2x,+70%,-20%,1,EMA50,57,21.1%,0.59,-26278.24,-461.02,25390.42
2.5x,+50%,-15%,2,EMA50,75,22.7%,0.62,-26279.21,-350.39,27882.94
3.0x,+70%,-25%,2,EMA20,55,23.6%,0.59,-26581.96,-483.31,25557.34
3.0x,+70%,-25%,2,None,55,23.6%,0.59,-26581.96,-483.31,25557.34
3.0x,+70%,-25%,2,EMA50,55,23.6%,0.59,-26581.96,-483.31,25557.34
2.2x,+30%,-20%,1,EMA20,58,25.9%,0.58,-26626.98,-459.09,28122.59
2.2x,+30%,-20%,1,None,58,25.9%,0.58,-26626.98,-459.09,28122.59
3.0x,+70%,-15%,2,EMA50,55,18.2%,0.52,-27134.5,-493.35,26238.95
3.0x,+70%,-15%,2,None,55,18.2%,0.52,-27134.5,-493.35,26238.95
3.0x,+70%,-15%,2,EMA20,55,18.2%,0.52,-27134.5,-493.35,26238.95
2.5x,+50%,-20%,1,EMA50,51,23.5%,0.55,-27154.25,-532.44,28757.99
2.5x,+40%,-15%,2,EMA50,75,22.7%,0.6,-27364.35,-364.86,28859.96
2.2x,+70%,-20%,1,EMA20,58,20.7%,0.59,-27481.61,-473.82,26593.79
2.2x,+70%,-20%,1,None,58,20.7%,0.59,-27481.61,-473.82,26593.79
3.0x,+70%,-20%,1,None,42,16.7%,0.48,-27779.74,-661.42,26884.2
3.0x,+70%,-20%,1,EMA50,42,16.7%,0.48,-27779.74,-661.42,26884.2
3.0x,+70%,-20%,1,EMA20,42,16.7%,0.48,-27779.74,-661.42,26884.2
2.5x,+50%,-20%,1,EMA20,53,24.5%,0.54,-28061.43,-529.46,29665.16
2.5x,+50%,-20%,1,None,53,24.5%,0.54,-28061.43,-529.46,29665.16
1.8x,+30%,-20%,1,EMA50,60,28.3%,0.57,-28090.04,-468.17,27832.27
2.5x,+40%,-25%,2,EMA50,70,28.6%,0.62,-28172.21,-402.46,29667.82
3.0x,+70%,-25%,1,None,42,19.0%,0.5,-28188.52,-671.16,27163.9
3.0x,+70%,-25%,1,EMA50,42,19.0%,0.5,-28188.52,-671.16,27163.9
3.0x,+70%,-25%,1,EMA20,42,19.0%,0.5,-28188.52,-671.16,27163.9
2.5x,+40%,-20%,1,EMA50,51,23.5%,0.53,-28239.4,-553.71,29735.01
2.5x,+50%,-15%,2,None,78,23.1%,0.6,-28366.93,-363.68,29970.67
2.5x,+50%,-15%,2,EMA20,78,23.1%,0.6,-28366.93,-363.68,29970.67
2.2x,+40%,-20%,1,EMA50,57,24.6%,0.54,-28441.91,-498.98,29937.52
2.2x,+40%,-25%,1,EMA50,57,26.3%,0.56,-28596.62,-501.7,30092.23
2.2x,+70%,-15%,2,EMA50,82,20.7%,0.64,-28624.01,-349.07,27736.19
2.5x,+50%,-25%,2,None,73,28.8%,0.63,-28624.84,-392.12,30228.57
2.5x,+50%,-25%,2,EMA20,73,28.8%,0.63,-28624.84,-392.12,30228.57
2.2x,+50%,-25%,1,EMA50,57,24.6%,0.56,-28815.43,-505.53,30419.16
2.2x,+30%,-15%,2,EMA50,84,26.2%,0.63,-29004.39,-345.29,32224.7
2.5x,+40%,-20%,1,None,53,24.5%,0.53,-29146.57,-549.94,30642.18
2.5x,+40%,-20%,1,EMA20,53,24.5%,0.53,-29146.57,-549.94,30642.18
2.5x,+40%,-15%,2,None,78,23.1%,0.59,-29452.08,-377.59,30947.69
2.5x,+40%,-15%,2,EMA20,78,23.1%,0.59,-29452.08,-377.59,30947.69
2.2x,+40%,-25%,1,EMA20,58,25.9%,0.55,-29495.51,-508.54,30991.12
2.2x,+40%,-25%,1,None,58,25.9%,0.55,-29495.51,-508.54,30991.12
2.2x,+40%,-20%,1,None,58,24.1%,0.54,-29645.28,-511.13,31140.89
2.2x,+40%,-20%,1,EMA20,58,24.1%,0.54,-29645.28,-511.13,31140.89
2.2x,+50%,-25%,1,EMA20,58,24.1%,0.56,-29714.32,-512.32,31318.05
2.2x,+50%,-25%,1,None,58,24.1%,0.56,-29714.32,-512.32,31318.05
2.2x,+30%,-15%,2,EMA20,85,27.1%,0.63,-29836.75,-351.02,33772.19
1.8x,+70%,-20%,1,None,61,19.7%,0.58,-29869.17,-489.66,35992.71
2.2x,+50%,-20%,1,EMA50,57,22.8%,0.53,-29893.58,-524.45,31497.31
3.0x,+70%,-20%,2,EMA50,55,20.0%,0.52,-29945.25,-544.46,29049.71
3.0x,+70%,-20%,2,None,55,20.0%,0.52,-29945.25,-544.46,29049.71
3.0x,+70%,-20%,2,EMA20,55,20.0%,0.52,-29945.25,-544.46,29049.71
1.8x,+70%,-20%,1,EMA20,61,19.7%,0.58,-29955.97,-491.08,36079.5
2.5x,+50%,-25%,1,EMA50,51,23.5%,0.52,-30148.69,-591.15,31752.42
2.2x,+70%,-15%,2,EMA20,84,21.4%,0.63,-30171.49,-359.18,29283.68
1.8x,+40%,-15%,1,EMA50,60,21.7%,0.51,-30530.88,-508.85,28802.16
2.2x,+70%,-15%,2,None,85,21.2%,0.63,-30711.73,-361.31,29823.92
2.5x,+50%,-25%,1,None,53,24.5%,0.52,-30751.38,-580.21,32355.11
2.5x,+50%,-25%,1,EMA20,53,24.5%,0.52,-30751.38,-580.21,32355.11
1.8x,+70%,-15%,1,EMA50,60,18.3%,0.52,-30872.7,-514.54,29143.97
2.5x,+40%,-25%,2,EMA20,73,28.8%,0.6,-30899.12,-423.28,32394.73
2.5x,+40%,-25%,2,None,73,28.8%,0.6,-30899.12,-423.28,32394.73
1.8x,+70%,-20%,1,EMA50,60,21.7%,0.56,-30951.23,-515.85,33082.99
1.8x,+30%,-15%,1,EMA20,61,23.0%,0.51,-30980.62,-507.88,29251.89
2.2x,+30%,-15%,2,None,87,26.4%,0.62,-31092.12,-357.38,34312.43
2.2x,+50%,-20%,1,EMA20,58,22.4%,0.53,-31096.95,-536.15,32700.68
2.2x,+50%,-20%,1,None,58,22.4%,0.53,-31096.95,-536.15,32700.68
2.5x,+30%,-25%,2,EMA50,70,30.0%,0.57,-31170.65,-445.3,33427.81
1.8x,+30%,-15%,1,None,61,23.0%,0.51,-31188.9,-511.29,29460.18
2.2x,+30%,-25%,2,EMA50,79,30.4%,0.63,-31204.05,-394.99,33704.48
2.5x,+40%,-25%,1,EMA50,51,23.5%,0.5,-31233.83,-612.43,32729.44
1.8x,+40%,-20%,1,EMA50,60,25.0%,0.53,-31300.73,-521.68,33953.9
1.8x,+30%,-20%,1,None,61,26.2%,0.52,-31395.09,-514.67,29749.48
2.5x,+30%,-15%,2,EMA50,75,22.7%,0.54,-31444.25,-419.26,32939.86
1.8x,+70%,-15%,1,EMA20,61,16.4%,0.53,-31450.42,-515.58,30687.3
1.8x,+30%,-20%,1,EMA20,61,26.2%,0.52,-31481.88,-516.1,29836.27
1.8x,+70%,-15%,1,None,61,16.4%,0.53,-31658.7,-519.0,30895.59
2.5x,+70%,-15%,1,EMA50,51,17.6%,0.43,-31735.61,-622.27,30847.79
2.2x,+70%,-20%,2,EMA50,80,22.5%,0.63,-31779.83,-397.25,30892.01
2.2x,+40%,-15%,2,EMA50,83,22.9%,0.6,-31787.03,-382.98,34287.46
2.5x,+40%,-25%,1,None,53,24.5%,0.5,-31836.52,-600.69,33332.13
2.5x,+40%,-25%,1,EMA20,53,24.5%,0.5,-31836.52,-600.69,33332.13
1.8x,+40%,-20%,1,None,61,23.0%,0.52,-32183.89,-527.6,36128.03
2.5x,+70%,-15%,1,EMA20,53,18.9%,0.43,-32260.34,-608.69,31372.52
2.5x,+70%,-15%,1,None,53,18.9%,0.43,-32260.34,-608.69,31372.52
1.8x,+40%,-20%,1,EMA20,61,23.0%,0.52,-32270.69,-529.03,36214.83
2.5x,+30%,-20%,1,EMA50,51,23.5%,0.46,-32319.29,-633.71,33814.9
2.2x,+30%,-25%,2,EMA20,80,31.2%,0.62,-32414.49,-405.18,34914.92
2.2x,+30%,-20%,2,EMA50,83,27.7%,0.61,-32459.21,-391.07,34959.64
2.2x,+70%,-25%,2,EMA50,76,23.7%,0.63,-32632.09,-429.37,31744.27
2.5x,+50%,-20%,2,EMA50,75,24.0%,0.58,-32713.04,-436.17,34316.77
1.8x,+30%,-25%,1,EMA50,60,28.3%,0.53,-32743.43,-545.72,32162.69
1.8x,+40%,-15%,1,EMA20,61,19.7%,0.49,-33073.82,-542.19,31517.82
2.5x,+30%,-20%,1,None,53,24.5%,0.46,-33226.47,-626.91,34722.07
2.5x,+30%,-20%,1,EMA20,53,24.5%,0.46,-33226.47,-626.91,34722.07
1.8x,+40%,-15%,1,None,61,19.7%,0.49,-33282.11,-545.61,31726.11
2.2x,+40%,-15%,2,EMA20,85,23.5%,0.59,-33334.52,-392.17,35834.94
2.2x,+30%,-20%,2,EMA20,84,28.6%,0.61,-33374.58,-397.32,35875.0
2.2x,+70%,-20%,2,EMA20,82,23.2%,0.62,-33410.32,-407.44,32522.51
2.5x,+30%,-15%,2,EMA20,78,23.1%,0.53,-33531.97,-429.9,35027.58
2.5x,+30%,-15%,2,None,78,23.1%,0.53,-33531.97,-429.9,35027.58
2.2x,+50%,-15%,2,EMA50,83,21.7%,0.58,-33788.47,-407.09,35392.2
2.2x,+40%,-15%,2,None,86,23.3%,0.59,-33874.76,-393.89,36375.18
2.5x,+40%,-20%,2,EMA50,75,24.0%,0.56,-33882.68,-451.77,35378.29
2.5x,+30%,-25%,2,None,73,30.1%,0.56,-33897.56,-464.35,36154.73
2.5x,+30%,-25%,2,EMA20,73,30.1%,0.56,-33897.56,-464.35,36154.73
2.2x,+30%,-25%,2,None,82,30.5%,0.61,-33930.96,-413.79,36431.39
2.2x,+70%,-20%,2,None,83,22.9%,0.62,-34211.66,-412.19,33323.85
2.2x,+40%,-25%,2,EMA50,77,27.3%,0.6,-34403.54,-446.8,36903.96
2.2x,+70%,-25%,2,EMA20,78,24.4%,0.62,-34557.66,-443.05,33669.85
2.2x,+30%,-20%,2,None,86,27.9%,0.6,-34891.05,-405.71,37391.47
1.8x,+50%,-15%,1,EMA50,60,18.3%,0.46,-35086.07,-584.77,33357.35
2.5x,+50%,-20%,2,EMA20,78,24.4%,0.56,-35144.87,-450.58,36748.6
2.5x,+50%,-20%,2,None,78,24.4%,0.56,-35144.87,-450.58,36748.6
2.2x,+40%,-20%,2,EMA50,81,24.7%,0.58,-35257.88,-435.28,37758.31
2.5x,+30%,-25%,1,EMA50,51,23.5%,0.44,-35313.72,-692.43,36809.33
2.2x,+50%,-15%,2,EMA20,85,22.4%,0.57,-35335.96,-415.72,36939.69
2.2x,+70%,-25%,2,None,79,24.1%,0.61,-35359.0,-447.58,34471.18
1.8x,+70%,-25%,1,None,61,19.7%,0.53,-35409.33,-580.48,41209.89
1.8x,+70%,-25%,1,EMA20,61,19.7%,0.53,-35496.12,-581.9,41296.69
2.2x,+50%,-15%,2,None,86,22.1%,0.57,-35876.2,-417.17,37479.93
2.5x,+30%,-25%,1,EMA20,53,24.5%,0.44,-35916.42,-677.67,37412.03
2.5x,+30%,-25%,1,None,53,24.5%,0.44,-35916.42,-677.67,37412.03
1.8x,+30%,-25%,1,None,61,26.2%,0.49,-35923.68,-588.91,34278.07
1.8x,+30%,-25%,1,EMA20,61,26.2%,0.49,-36010.48,-590.34,34364.87
2.2x,+50%,-25%,2,EMA50,77,26.0%,0.58,-36025.28,-467.86,37629.01
2.5x,+40%,-20%,2,None,78,24.4%,0.55,-36314.51,-465.57,37810.12
2.5x,+40%,-20%,2,EMA20,78,24.4%,0.55,-36314.51,-465.57,37810.12
2.2x,+40%,-25%,2,EMA20,79,27.8%,0.59,-36329.11,-459.86,38829.54
1.8x,+50%,-20%,1,EMA50,60,21.7%,0.48,-36551.12,-609.19,36033.45
1.8x,+70%,-25%,1,EMA50,60,21.7%,0.51,-36616.18,-610.27,38424.97
2.2x,+40%,-20%,2,EMA20,83,25.3%,0.58,-36888.37,-444.44,39388.8
2.5x,+70%,-25%,2,EMA50,69,23.2%,0.52,-36960.29,-535.66,36072.48
1.8x,+40%,-25%,1,EMA50,60,25.0%,0.49,-36965.68,-616.09,39295.89
2.5x,+30%,-20%,2,EMA50,75,25.3%,0.52,-37046.65,-493.96,39303.81
1.8x,+30%,-15%,2,EMA50,97,24.7%,0.59,-37096.06,-382.43,35938.73
2.2x,+40%,-25%,2,None,80,27.5%,0.58,-37130.45,-464.13,39630.88
2.5x,+70%,-15%,2,EMA50,74,18.9%,0.48,-37183.07,-502.47,36295.25
2.2x,+40%,-20%,2,None,84,25.0%,0.57,-37689.71,-448.69,40190.14
1.8x,+40%,-25%,1,None,61,23.0%,0.48,-37724.05,-618.43,41345.22
1.8x,+40%,-25%,1,EMA20,61,23.0%,0.48,-37810.84,-619.85,41432.01
1.8x,+50%,-20%,1,None,61,19.7%,0.46,-37853.9,-620.56,38575.42
1.8x,+40%,-20%,2,EMA50,94,25.5%,0.6,-37911.95,-403.32,38797.28
1.8x,+50%,-20%,1,EMA20,61,19.7%,0.46,-37940.7,-621.98,38662.21
2.2x,+50%,-25%,2,EMA20,79,26.6%,0.57,-37950.85,-480.39,39554.58
2.2x,+50%,-20%,2,EMA50,81,23.5%,0.56,-38026.57,-469.46,39630.31
1.8x,+50%,-15%,1,EMA20,61,16.4%,0.43,-38048.64,-623.75,36319.92
1.8x,+50%,-15%,1,None,61,16.4%,0.43,-38256.92,-627.16,36528.2
2.2x,+50%,-25%,2,None,80,26.2%,0.57,-38752.19,-484.4,40355.92
1.8x,+30%,-20%,2,EMA50,96,27.1%,0.59,-39125.81,-407.56,37480.2
2.5x,+70%,-15%,2,None,77,19.5%,0.47,-39270.79,-510.01,38382.98
2.5x,+70%,-15%,2,EMA20,77,19.5%,0.47,-39270.79,-510.01,38382.98
2.5x,+70%,-20%,1,EMA50,51,17.6%,0.37,-39473.98,-774.0,38586.16
2.5x,+30%,-20%,2,EMA20,78,25.6%,0.5,-39478.48,-506.13,41735.64
2.5x,+30%,-20%,2,None,78,25.6%,0.5,-39478.48,-506.13,41735.64
2.2x,+50%,-20%,2,EMA20,83,24.1%,0.55,-39657.07,-477.8,41260.8
2.5x,+70%,-25%,2,None,72,23.6%,0.51,-39687.21,-551.21,38799.39
2.5x,+70%,-25%,2,EMA20,72,23.6%,0.51,-39687.21,-551.21,38799.39
1.8x,+70%,-20%,2,EMA50,94,21.3%,0.6,-40013.16,-425.67,38367.55
1.8x,+40%,-15%,2,EMA50,96,21.9%,0.56,-40355.19,-420.37,38626.47
2.5x,+70%,-20%,1,EMA20,53,18.9%,0.38,-40381.15,-761.91,39493.34
2.5x,+70%,-20%,1,None,53,18.9%,0.38,-40381.15,-761.91,39493.34
2.2x,+50%,-20%,2,None,84,23.8%,0.54,-40458.41,-481.65,42062.14
2.5x,+70%,-20%,2,EMA50,74,20.3%,0.48,-41841.8,-565.43,40953.98
1.8x,+50%,-20%,2,EMA50,94,22.3%,0.58,-41898.01,-445.72,40252.4
1.8x,+50%,-25%,1,EMA50,60,21.7%,0.44,-42216.07,-703.6,41375.43
2.5x,+70%,-25%,1,EMA50,51,17.6%,0.36,-42468.41,-832.71,41580.6
1.8x,+30%,-25%,2,EMA50,94,28.7%,0.58,-42684.12,-454.09,41038.51
2.5x,+70%,-25%,1,None,53,18.9%,0.36,-43071.11,-812.66,42183.29
2.5x,+70%,-25%,1,EMA20,53,18.9%,0.36,-43071.11,-812.66,42183.29
1.8x,+50%,-25%,1,None,61,19.7%,0.43,-43394.06,-711.38,43792.6
1.8x,+50%,-25%,1,EMA20,61,19.7%,0.43,-43480.86,-712.8,43879.4
1.8x,+70%,-20%,2,None,99,20.2%,0.58,-44080.16,-445.25,45578.11
1.8x,+70%,-20%,2,EMA20,99,20.2%,0.58,-44166.95,-446.13,45664.91
2.5x,+70%,-20%,2,EMA20,77,20.8%,0.47,-44273.63,-574.98,43385.81
2.5x,+70%,-20%,2,None,77,20.8%,0.47,-44273.63,-574.98,43385.81
1.8x,+40%,-20%,2,None,99,24.2%,0.56,-44679.75,-451.31,46856.05
1.8x,+40%,-20%,2,EMA20,99,24.2%,0.55,-44766.55,-452.19,46942.85
1.8x,+50%,-15%,2,EMA50,96,18.8%,0.52,-45226.59,-471.11,43497.86
1.8x,+40%,-25%,2,EMA50,91,26.4%,0.56,-45279.12,-497.57,45841.49
1.8x,+70%,-15%,2,EMA50,96,17.7%,0.52,-45676.57,-475.8,43947.85
1.8x,+30%,-15%,2,EMA20,101,23.8%,0.51,-46610.11,-461.49,44881.39
1.8x,+30%,-15%,2,None,102,23.5%,0.51,-47533.53,-466.02,45804.8
1.8x,+70%,-25%,2,EMA50,91,22.0%,0.56,-47731.04,-524.52,46085.43
1.8x,+40%,-15%,2,EMA20,101,20.8%,0.51,-47788.65,-473.15,46059.92
1.8x,+40%,-15%,2,None,101,20.8%,0.51,-47996.93,-475.22,46268.21
1.8x,+30%,-20%,2,EMA20,100,26.0%,0.52,-48061.01,-480.61,46415.4
1.8x,+30%,-20%,2,None,101,25.7%,0.52,-48689.34,-482.07,47043.73
1.8x,+50%,-20%,2,None,99,21.2%,0.53,-48717.6,-492.1,47671.28
1.8x,+50%,-20%,2,EMA20,99,21.2%,0.53,-48804.4,-492.97,47758.08
1.8x,+50%,-25%,2,EMA50,91,23.1%,0.54,-49265.19,-541.38,47619.58
1.8x,+70%,-15%,2,EMA20,101,16.8%,0.5,-50409.22,-499.1,48680.49
1.8x,+70%,-15%,2,None,101,16.8%,0.5,-50617.5,-501.16,48888.78
1.8x,+30%,-25%,2,EMA20,98,27.6%,0.51,-52094.08,-531.57,50448.47
1.8x,+70%,-25%,2,None,96,20.8%,0.54,-52272.8,-544.51,53097.08
1.8x,+70%,-25%,2,EMA20,96,20.8%,0.54,-52359.59,-545.41,53183.88
1.8x,+40%,-25%,2,None,96,25.0%,0.52,-52521.69,-547.1,54375.02
1.8x,+40%,-25%,2,EMA20,96,25.0%,0.51,-52608.49,-548.01,54461.82
1.8x,+50%,-15%,2,EMA20,101,17.8%,0.47,-52711.83,-521.9,50983.1
1.8x,+30%,-25%,2,None,99,27.3%,0.51,-52722.42,-532.55,51076.81
1.8x,+50%,-15%,2,None,101,17.8%,0.47,-52920.11,-523.96,51191.39
1.8x,+50%,-25%,2,None,96,21.9%,0.5,-56559.54,-589.16,55190.25
1.8x,+50%,-25%,2,EMA20,96,21.9%,0.5,-56646.34,-590.07,55277.04
