date,strategy,type,strike,entry_time,exit_time,entry_price,exit_price,return_pct,gross_pnl,friction,net_pnl,exit_reason
2026-07-02,Gamma Squeeze Momentum,CE,58300,09:35:00,09:55:00,556.29,505.55,-9.1%,-1522.19,45.0,-1567.19,Reversal Cross
2026-07-02,Gamma Squeeze Momentum,PE,58100,11:00:00,12:25:00,459.07,421.39,-8.2%,-1130.29,45.0,-1175.29,Reversal Cross
2026-07-02,Gamma Squeeze Momentum,PE,58100,13:25:00,14:55:00,467.7,441.65,-5.6%,-781.51,45.0,-826.51,Reversal Cross
2026-07-03,Gamma Squeeze Momentum,PE,58000,11:05:00,11:45:00,428.05,382.66,-10.6%,-1361.53,45.0,-1406.53,Reversal Cross
2026-07-03,Gamma Squeeze Momentum,PE,58000,12:30:00,15:15:00,417.87,421.09,0.8%,96.53,45.0,51.53,EOD Exit
2026-07-06,Gamma Squeeze Momentum,CE,58400,11:20:00,11:35:00,262.94,206.84,-21.3%,-1682.89,45.0,-1727.89,Stop Loss (-20%)
2026-07-06,Gamma Squeeze Momentum,CE,58400,12:05:00,14:10:00,245.93,199.92,-18.7%,-1380.34,45.0,-1425.34,Reversal Cross
2026-07-07,Gamma Squeeze Momentum,PE,58400,12:15:00,14:30:00,166.26,127.74,-23.2%,-1155.62,45.0,-1200.62,Stop Loss (-20%)
2026-07-08,Gamma Squeeze Momentum,PE,57700,09:30:00,09:40:00,119.84,83.04,-30.7%,-1103.95,45.0,-1148.95,Stop Loss (-20%)
2026-07-08,Gamma Squeeze Momentum,CE,58100,10:35:00,10:45:00,109.26,85.98,-21.3%,-698.36,45.0,-743.36,Stop Loss (-20%)
2026-07-08,Gamma Squeeze Momentum,PE,57800,11:45:00,12:30:00,89.2,126.31,41.6%,1113.41,45.0,1068.41,Target Hit (+40%)
2026-07-08,Gamma Squeeze Momentum,PE,57800,13:40:00,13:45:00,68.14,209.75,207.8%,4248.34,45.0,4203.34,Target Hit (+40%)
2026-07-09,Gamma Squeeze Momentum,PE,57100,10:45:00,11:15:00,460.09,396.8,-13.8%,-1898.92,45.0,-1943.92,Reversal Cross
2026-07-09,Gamma Squeeze Momentum,CE,57300,13:00:00,15:00:00,524.33,446.53,-14.8%,-2334.2,45.0,-2379.2,Reversal Cross
2026-07-10,Gamma Squeeze Momentum,CE,58000,10:50:00,11:25:00,451.56,393.95,-12.8%,-1728.11,45.0,-1773.11,Reversal Cross
2026-07-10,Gamma Squeeze Momentum,CE,58000,12:40:00,15:15:00,466.48,456.78,-2.1%,-291.1,45.0,-336.1,EOD Exit
2026-07-13,Gamma Squeeze Momentum,CE,57700,09:35:00,10:20:00,316.07,443.56,40.3%,3824.92,45.0,3779.92,Target Hit (+40%)
2026-07-13,Gamma Squeeze Momentum,CE,58000,10:55:00,11:15:00,279.08,215.63,-22.7%,-1903.57,45.0,-1948.57,Stop Loss (-20%)
2026-07-13,Gamma Squeeze Momentum,PE,57800,11:55:00,12:10:00,258.69,199.94,-22.7%,-1762.35,45.0,-1807.35,Stop Loss (-20%)
2026-07-13,Gamma Squeeze Momentum,CE,58000,12:25:00,13:25:00,247.81,193.96,-21.7%,-1615.48,45.0,-1660.48,Stop Loss (-20%)
2026-07-13,Gamma Squeeze Momentum,CE,58000,13:45:00,14:50:00,242.72,349.47,44.0%,3202.65,45.0,3157.65,Target Hit (+40%)
2026-07-14,Gamma Squeeze Momentum,PE,57600,09:35:00,10:15:00,205.91,302.53,46.9%,2898.7,45.0,2853.7,Target Hit (+40%)
2026-07-14,Gamma Squeeze Momentum,PE,57500,10:35:00,10:45:00,199.7,140.84,-29.5%,-1765.75,45.0,-1810.75,Stop Loss (-20%)
2026-07-14,Gamma Squeeze Momentum,CE,57600,11:10:00,11:40:00,198.9,131.12,-34.1%,-2033.31,45.0,-2078.31,Stop Loss (-20%)
2026-07-14,Gamma Squeeze Momentum,PE,57500,12:05:00,14:10:00,153.22,115.76,-24.4%,-1123.82,45.0,-1168.82,Stop Loss (-20%)
2026-07-15,Gamma Squeeze Momentum,PE,57800,11:40:00,11:45:00,92.84,71.29,-23.2%,-646.62,45.0,-691.62,Stop Loss (-20%)
2026-07-15,Gamma Squeeze Momentum,PE,57900,12:50:00,12:55:00,96.37,207.16,115.0%,3323.5,45.0,3278.5,Target Hit (+40%)
2026-07-16,Gamma Squeeze Momentum,PE,57600,10:30:00,10:45:00,470.51,416.95,-11.4%,-1606.83,45.0,-1651.83,Reversal Cross
2026-07-16,Gamma Squeeze Momentum,PE,57600,12:00:00,12:25:00,456.84,404.92,-11.4%,-1557.51,45.0,-1602.51,Reversal Cross
2026-07-16,Gamma Squeeze Momentum,PE,57600,12:40:00,15:15:00,451.31,440.91,-2.3%,-312.05,45.0,-357.05,EOD Exit
2026-07-17,Gamma Squeeze Momentum,CE,57900,09:30:00,13:20:00,483.44,527.16,9.0%,1311.55,45.0,1266.55,Reversal Cross
2026-07-17,Gamma Squeeze Momentum,CE,58200,14:10:00,15:15:00,458.98,636.03,38.6%,5311.5,45.0,5266.5,EOD Exit
2026-07-20,Gamma Squeeze Momentum,CE,57800,10:25:00,10:50:00,284.26,228.88,-19.5%,-1661.45,45.0,-1706.45,Reversal Cross
2026-07-20,Gamma Squeeze Momentum,PE,57600,12:35:00,13:00:00,227.8,194.55,-14.6%,-997.49,45.0,-1042.49,Reversal Cross
2026-07-21,Gamma Squeeze Momentum,PE,57900,10:35:00,12:20:00,173.43,135.9,-21.6%,-1125.76,45.0,-1170.76,Stop Loss (-20%)
2026-07-21,Gamma Squeeze Momentum,PE,57900,12:50:00,13:20:00,138.43,110.09,-20.5%,-850.22,45.0,-895.22,Stop Loss (-20%)
2026-07-21,Gamma Squeeze Momentum,PE,57900,13:55:00,14:00:00,116.51,92.12,-20.9%,-731.65,45.0,-776.65,Stop Loss (-20%)
2026-07-21,Gamma Squeeze Momentum,PE,57900,14:25:00,15:15:00,106.64,92.5,-13.3%,-424.03,45.0,-469.03,EOD Exit
2026-07-22,Gamma Squeeze Momentum,PE,57200,10:35:00,11:00:00,109.21,87.36,-20.0%,-655.53,45.0,-700.53,Stop Loss (-20%)
2026-07-22,Gamma Squeeze Momentum,PE,57200,11:45:00,12:00:00,88.82,147.12,65.6%,1748.98,45.0,1703.98,Target Hit (+40%)
2026-07-23,Gamma Squeeze Momentum,PE,56700,11:15:00,15:15:00,435.09,485.69,11.6%,1518.17,45.0,1473.17,EOD Exit
2026-07-24,Gamma Squeeze Momentum,PE,56100,09:45:00,10:35:00,433.07,381.71,-11.9%,-1540.65,45.0,-1585.65,Reversal Cross
2026-07-24,Gamma Squeeze Momentum,CE,56200,11:40:00,12:25:00,464.59,749.99,61.4%,8562.11,45.0,8517.11,Target Hit (+40%)
2026-07-27,Gamma Squeeze Momentum,PE,57100,10:00:00,12:15:00,285.44,243.22,-14.8%,-1266.5,45.0,-1311.5,Reversal Cross
2026-07-27,Gamma Squeeze Momentum,PE,57000,13:25:00,14:05:00,223.7,172.1,-23.1%,-1548.14,45.0,-1593.14,Stop Loss (-20%)
2026-07-27,Gamma Squeeze Momentum,CE,57100,14:20:00,15:15:00,248.56,208.3,-16.2%,-1207.7,45.0,-1252.7,EOD Exit
2026-07-28,Gamma Squeeze Momentum,PE,56800,09:50:00,10:10:00,178.27,139.02,-22.0%,-1177.51,45.0,-1222.51,Stop Loss (-20%)
2026-07-28,Gamma Squeeze Momentum,CE,57000,10:40:00,11:55:00,180.86,139.36,-22.9%,-1245.11,45.0,-1290.11,Stop Loss (-20%)
2026-07-28,Gamma Squeeze Momentum,PE,56900,12:55:00,14:50:00,147.35,116.39,-21.0%,-928.92,45.0,-973.92,Stop Loss (-20%)
2026-07-29,Gamma Squeeze Momentum,CE,57200,11:05:00,12:45:00,110.21,88.16,-20.0%,-661.64,45.0,-706.64,Stop Loss (-20%)
2026-07-29,Gamma Squeeze Momentum,CE,57300,14:00:00,14:35:00,50.38,38.34,-23.9%,-361.2,45.0,-406.2,Stop Loss (-20%)
2026-07-30,Gamma Squeeze Momentum,PE,56800,09:40:00,09:55:00,442.65,401.79,-9.2%,-1226.0,45.0,-1271.0,Reversal Cross
2026-07-30,Gamma Squeeze Momentum,PE,56800,10:25:00,10:45:00,455.76,413.98,-9.2%,-1253.57,45.0,-1298.57,Reversal Cross
2026-07-30,Gamma Squeeze Momentum,CE,57000,12:30:00,15:15:00,519.94,556.43,7.0%,1094.59,45.0,1049.59,EOD Exit
2026-07-31,Gamma Squeeze Momentum,PE,57200,11:05:00,12:10:00,434.92,389.96,-10.3%,-1348.9,45.0,-1393.9,Reversal Cross
2026-07-31,Gamma Squeeze Momentum,CE,57300,13:00:00,14:55:00,445.29,401.17,-9.9%,-1323.71,45.0,-1368.71,Reversal Cross
2026-08-03,Gamma Squeeze Momentum,CE,57700,09:35:00,12:30:00,297.65,276.77,-7.0%,-626.54,45.0,-671.54,Reversal Cross
2026-08-03,Gamma Squeeze Momentum,PE,57700,12:45:00,14:00:00,252.41,201.25,-20.3%,-1534.9,45.0,-1579.9,Stop Loss (-20%)
2026-08-04,Gamma Squeeze Momentum,PE,57700,10:30:00,11:45:00,159.68,256.12,60.4%,2893.28,45.0,2848.28,Target Hit (+40%)
2026-08-05,Gamma Squeeze Momentum,PE,57700,10:25:00,10:45:00,125.83,74.75,-40.6%,-1532.36,45.0,-1577.36,Stop Loss (-20%)
2026-08-05,Gamma Squeeze Momentum,PE,57700,11:30:00,12:30:00,109.01,154.87,42.1%,1375.55,45.0,1330.55,Target Hit (+40%)
2026-08-06,Gamma Squeeze Momentum,CE,57900,10:40:00,15:15:00,514.24,548.2,6.6%,1018.79,45.0,973.79,EOD Exit
2026-08-07,Gamma Squeeze Momentum,PE,57800,10:30:00,13:45:00,411.38,354.25,-13.9%,-1713.85,45.0,-1758.85,Reversal Cross
2026-08-10,Gamma Squeeze Momentum,PE,57600,09:50:00,10:15:00,290.19,217.5,-25.0%,-2180.61,45.0,-2225.61,Stop Loss (-20%)
2026-08-10,Gamma Squeeze Momentum,PE,57600,13:05:00,15:25:00,238.37,160.6,-32.6%,-2333.09,45.0,-2378.09,Stop Loss (-20%)
2026-08-11,Gamma Squeeze Momentum,PE,57200,09:45:00,10:25:00,203.4,149.71,-26.4%,-1610.64,45.0,-1655.64,Stop Loss (-20%)
2026-08-11,Gamma Squeeze Momentum,CE,57300,12:40:00,14:30:00,154.54,111.87,-27.6%,-1279.84,45.0,-1324.84,Stop Loss (-20%)
2026-08-12,Gamma Squeeze Momentum,CE,57700,10:30:00,10:40:00,156.36,124.76,-20.2%,-948.13,45.0,-993.13,Stop Loss (-20%)
2026-08-12,Gamma Squeeze Momentum,PE,57600,11:25:00,14:25:00,139.15,101.55,-27.0%,-1127.86,45.0,-1172.86,Stop Loss (-20%)
2026-08-13,Gamma Squeeze Momentum,PE,57600,11:15:00,11:35:00,470.39,442.82,-5.9%,-827.18,45.0,-872.18,Reversal Cross
2026-08-13,Gamma Squeeze Momentum,CE,57700,12:00:00,12:55:00,508.3,463.62,-8.8%,-1340.48,45.0,-1385.48,Reversal Cross
2026-08-13,Gamma Squeeze Momentum,PE,57600,13:15:00,13:40:00,461.37,430.61,-6.7%,-922.67,45.0,-967.67,Reversal Cross
2026-08-14,Gamma Squeeze Momentum,CE,57600,09:45:00,10:15:00,484.22,454.67,-6.1%,-886.6,45.0,-931.6,Reversal Cross
2026-08-14,Gamma Squeeze Momentum,PE,57500,10:30:00,13:45:00,432.15,398.07,-7.9%,-1022.37,45.0,-1067.37,Reversal Cross
2026-08-17,Gamma Squeeze Momentum,PE,57200,10:15:00,11:55:00,271.78,239.34,-11.9%,-973.15,45.0,-1018.15,Reversal Cross
2026-08-17,Gamma Squeeze Momentum,CE,57300,12:15:00,12:50:00,250.8,352.08,40.4%,3038.4,45.0,2993.4,Target Hit (+40%)
2026-08-18,Gamma Squeeze Momentum,PE,57300,10:45:00,11:50:00,182.35,145.56,-20.2%,-1103.84,45.0,-1148.84,Stop Loss (-20%)
2026-08-18,Gamma Squeeze Momentum,PE,57300,13:55:00,14:00:00,110.99,72.34,-34.8%,-1159.44,45.0,-1204.44,Stop Loss (-20%)
2026-08-19,Gamma Squeeze Momentum,PE,57000,09:30:00,09:40:00,120.43,92.38,-23.3%,-841.45,45.0,-886.45,Stop Loss (-20%)
2026-08-19,Gamma Squeeze Momentum,PE,57000,11:05:00,11:45:00,98.2,57.22,-41.7%,-1229.43,45.0,-1274.43,Stop Loss (-20%)
2026-08-19,Gamma Squeeze Momentum,PE,57000,13:15:00,13:25:00,63.08,50.11,-20.6%,-388.93,45.0,-433.93,Stop Loss (-20%)
2026-08-19,Gamma Squeeze Momentum,CE,57200,14:00:00,14:10:00,56.36,40.92,-27.4%,-463.2,45.0,-508.2,Stop Loss (-20%)
2026-08-19,Gamma Squeeze Momentum,CE,57200,14:30:00,14:40:00,45.75,67.59,47.7%,655.02,45.0,610.02,Target Hit (+40%)
2026-08-20,Gamma Squeeze Momentum,CE,57700,10:45:00,11:20:00,513.3,476.92,-7.1%,-1091.64,45.0,-1136.64,Reversal Cross
2026-08-20,Gamma Squeeze Momentum,PE,57600,12:20:00,12:45:00,461.09,430.91,-6.5%,-905.42,45.0,-950.42,Reversal Cross
2026-08-20,Gamma Squeeze Momentum,PE,57600,13:35:00,15:25:00,453.59,481.97,6.3%,851.43,45.0,806.43,EOD Exit
2026-08-21,Gamma Squeeze Momentum,CE,57700,09:40:00,10:05:00,488.64,441.66,-9.6%,-1409.44,45.0,-1454.44,Reversal Cross
2026-08-21,Gamma Squeeze Momentum,CE,57700,10:40:00,11:55:00,493.1,443.63,-10.0%,-1484.15,45.0,-1529.15,Reversal Cross
2026-08-24,Gamma Squeeze Momentum,PE,57700,09:50:00,11:05:00,277.98,399.43,43.7%,3643.45,45.0,3598.45,Target Hit (+40%)
2026-08-25,Gamma Squeeze Momentum,CE,57600,09:30:00,09:40:00,216.32,163.47,-24.4%,-1585.5,45.0,-1630.5,Stop Loss (-20%)
2026-08-25,Gamma Squeeze Momentum,PE,57400,10:20:00,10:40:00,182.98,145.43,-20.5%,-1126.25,45.0,-1171.25,Stop Loss (-20%)
2026-08-25,Gamma Squeeze Momentum,PE,57400,12:25:00,13:50:00,138.01,97.79,-29.1%,-1206.68,45.0,-1251.68,Stop Loss (-20%)
2026-08-26,Gamma Squeeze Momentum,CE,58000,12:40:00,13:00:00,83.96,63.38,-24.5%,-617.52,45.0,-662.52,Stop Loss (-20%)
2026-08-26,Gamma Squeeze Momentum,PE,57900,13:20:00,13:50:00,101.59,79.46,-21.8%,-663.98,45.0,-708.98,Stop Loss (-20%)
2026-08-26,Gamma Squeeze Momentum,PE,57900,14:20:00,14:35:00,80.02,63.68,-20.4%,-490.06,45.0,-535.06,Stop Loss (-20%)
2026-08-27,Gamma Squeeze Momentum,PE,57700,10:50:00,13:10:00,450.71,407.47,-9.6%,-1297.28,45.0,-1342.28,Reversal Cross
2026-08-27,Gamma Squeeze Momentum,PE,57600,13:45:00,15:25:00,420.28,474.8,13.0%,1635.37,45.0,1590.37,EOD Exit
2026-08-28,Gamma Squeeze Momentum,CE,57500,10:25:00,11:20:00,488.08,450.25,-7.8%,-1134.81,45.0,-1179.81,Reversal Cross
2026-08-28,Gamma Squeeze Momentum,PE,57400,11:50:00,14:20:00,407.97,372.59,-8.7%,-1061.14,45.0,-1106.14,Reversal Cross
2026-08-31,Gamma Squeeze Momentum,PE,57300,10:15:00,11:35:00,278.3,234.96,-15.6%,-1300.38,45.0,-1345.38,Reversal Cross
2026-08-31,Gamma Squeeze Momentum,CE,57400,11:50:00,12:45:00,287.17,223.1,-22.3%,-1922.03,45.0,-1967.03,Stop Loss (-20%)
2026-08-31,Gamma Squeeze Momentum,CE,57400,13:10:00,13:55:00,256.69,205.0,-20.1%,-1550.56,45.0,-1595.56,Stop Loss (-20%)
2026-08-31,Gamma Squeeze Momentum,PE,57300,14:20:00,14:30:00,224.79,189.84,-15.5%,-1048.53,45.0,-1093.53,Reversal Cross
2026-09-01,Gamma Squeeze Momentum,CE,57500,10:50:00,11:15:00,187.0,301.03,61.0%,3420.93,45.0,3375.93,Target Hit (+40%)
2026-09-01,Gamma Squeeze Momentum,PE,57400,13:15:00,13:45:00,101.02,156.16,54.6%,1654.33,45.0,1609.33,Target Hit (+40%)
2026-09-02,Gamma Squeeze Momentum,CE,57200,10:25:00,10:50:00,125.49,93.08,-25.8%,-972.14,45.0,-1017.14,Stop Loss (-20%)
2026-09-02,Gamma Squeeze Momentum,PE,57000,11:20:00,12:10:00,107.49,68.25,-36.5%,-1177.04,45.0,-1222.04,Stop Loss (-20%)
2026-09-02,Gamma Squeeze Momentum,CE,57100,14:05:00,14:15:00,93.62,73.72,-21.3%,-596.85,45.0,-641.85,Stop Loss (-20%)
2026-09-02,Gamma Squeeze Momentum,CE,57100,14:30:00,14:40:00,70.44,46.26,-34.3%,-725.31,45.0,-770.31,Stop Loss (-20%)
2026-09-03,Gamma Squeeze Momentum,PE,57600,10:45:00,15:25:00,473.01,543.43,14.9%,2112.54,45.0,2067.54,EOD Exit
2026-09-04,Gamma Squeeze Momentum,CE,57500,10:35:00,14:15:00,460.13,449.61,-2.3%,-315.59,45.0,-360.59,Reversal Cross
2026-09-07,Gamma Squeeze Momentum,PE,57100,10:25:00,13:50:00,281.88,214.18,-24.0%,-2031.09,45.0,-2076.09,Stop Loss (-20%)
2026-09-07,Gamma Squeeze Momentum,CE,57200,14:25:00,14:35:00,212.09,173.04,-18.4%,-1171.66,45.0,-1216.66,Reversal Cross
2026-09-08,Gamma Squeeze Momentum,PE,56900,11:40:00,14:25:00,173.21,137.02,-20.9%,-1085.83,45.0,-1130.83,Stop Loss (-20%)
2026-09-09,Gamma Squeeze Momentum,CE,56600,10:25:00,10:35:00,123.03,92.09,-25.2%,-928.31,45.0,-973.31,Stop Loss (-20%)
2026-09-09,Gamma Squeeze Momentum,CE,56600,10:55:00,11:50:00,114.76,87.13,-24.1%,-828.77,45.0,-873.77,Stop Loss (-20%)
2026-09-09,Gamma Squeeze Momentum,PE,56500,12:05:00,12:25:00,123.8,95.41,-22.9%,-851.52,45.0,-896.52,Stop Loss (-20%)
2026-09-10,Gamma Squeeze Momentum,PE,56400,12:55:00,15:25:00,449.07,388.1,-13.6%,-1829.35,45.0,-1874.35,Reversal Cross
2026-09-11,Gamma Squeeze Momentum,CE,56100,10:20:00,13:55:00,438.12,658.53,50.3%,6612.39,45.0,6567.39,Target Hit (+40%)
2026-09-15,Gamma Squeeze Momentum,PE,56500,09:30:00,10:05:00,203.79,307.02,50.7%,3096.95,45.0,3051.95,Target Hit (+40%)
2026-09-15,Gamma Squeeze Momentum,PE,56200,12:55:00,14:10:00,142.92,222.48,55.7%,2386.75,45.0,2341.75,Target Hit (+40%)
2026-09-16,Gamma Squeeze Momentum,PE,55800,09:40:00,09:45:00,118.66,86.3,-27.3%,-970.91,45.0,-1015.91,Stop Loss (-20%)
2026-09-16,Gamma Squeeze Momentum,CE,56200,10:30:00,10:50:00,112.66,162.03,43.8%,1481.23,45.0,1436.23,Target Hit (+40%)
2026-09-16,Gamma Squeeze Momentum,CE,56200,12:10:00,13:05:00,95.05,179.3,88.7%,2527.78,45.0,2482.78,Target Hit (+40%)
2026-09-16,Gamma Squeeze Momentum,CE,56200,13:30:00,13:40:00,93.92,72.36,-23.0%,-646.85,45.0,-691.85,Stop Loss (-20%)
2026-09-16,Gamma Squeeze Momentum,CE,56200,13:55:00,14:10:00,81.14,116.61,43.7%,1063.95,45.0,1018.95,Target Hit (+40%)
2026-09-17,Gamma Squeeze Momentum,CE,56500,09:30:00,10:20:00,522.83,465.01,-11.1%,-1734.71,45.0,-1779.71,Reversal Cross
2026-09-17,Gamma Squeeze Momentum,PE,56300,10:40:00,12:05:00,456.95,419.54,-8.2%,-1122.31,45.0,-1167.31,Reversal Cross
2026-09-17,Gamma Squeeze Momentum,PE,56200,13:20:00,15:25:00,433.31,492.47,13.7%,1774.84,45.0,1729.84,EOD Exit
2026-09-18,Gamma Squeeze Momentum,PE,56100,10:40:00,11:30:00,397.56,371.06,-6.7%,-794.94,45.0,-839.94,Reversal Cross
2026-09-18,Gamma Squeeze Momentum,CE,56200,12:30:00,15:25:00,470.01,509.13,8.3%,1173.61,45.0,1128.61,EOD Exit
2026-09-21,Gamma Squeeze Momentum,PE,56300,10:10:00,10:50:00,246.71,201.64,-18.3%,-1352.07,45.0,-1397.07,Reversal Cross
2026-09-21,Gamma Squeeze Momentum,CE,56500,11:05:00,12:20:00,259.67,214.83,-17.3%,-1345.35,45.0,-1390.35,Reversal Cross
2026-09-21,Gamma Squeeze Momentum,CE,56500,13:15:00,15:25:00,253.85,192.78,-24.1%,-1832.2,45.0,-1877.2,Stop Loss (-20%)
2026-09-22,Gamma Squeeze Momentum,PE,56500,10:20:00,10:40:00,170.26,241.46,41.8%,2136.13,45.0,2091.13,Target Hit (+40%)
2026-09-23,Gamma Squeeze Momentum,CE,56500,10:00:00,10:55:00,125.44,176.36,40.6%,1527.54,45.0,1482.54,Target Hit (+40%)
2026-09-23,Gamma Squeeze Momentum,CE,56500,11:50:00,13:30:00,135.57,101.02,-25.5%,-1036.61,45.0,-1081.61,Stop Loss (-20%)
2026-09-23,Gamma Squeeze Momentum,CE,56600,13:45:00,13:55:00,61.55,49.09,-20.2%,-373.79,45.0,-418.79,Stop Loss (-20%)
2026-09-24,Gamma Squeeze Momentum,PE,55500,13:40:00,14:50:00,447.06,370.15,-17.2%,-2307.27,45.0,-2352.27,Reversal Cross
2026-09-25,Gamma Squeeze Momentum,CE,55600,11:05:00,12:40:00,455.82,409.79,-10.1%,-1380.91,45.0,-1425.91,Reversal Cross
2026-09-25,Gamma Squeeze Momentum,PE,55500,13:30:00,13:55:00,401.82,364.12,-9.4%,-1130.82,45.0,-1175.82,Reversal Cross
2026-09-28,Gamma Squeeze Momentum,PE,54700,09:35:00,15:25:00,253.07,322.93,27.6%,2095.82,45.0,2050.82,EOD Exit
