atr,tp,sl,trend,max_t,trades,wr,pf,pnl,avg_trade,max_dd
3.0x,+30%,-15%,None,1,42,28.6%,0.23,-18474.4,-439.9,17711.2
3.0x,+30%,-15%,EMA50,1,42,28.6%,0.23,-18474.4,-439.9,17711.2
3.0x,+40%,-15%,None,1,42,26.2%,0.18,-20040.0,-477.1,19276.8
3.0x,+40%,-15%,EMA50,1,42,26.2%,0.18,-20040.0,-477.1,19276.8
3.0x,+30%,-20%,None,1,42,28.6%,0.2,-21567.0,-513.5,20568.3
3.0x,+30%,-20%,EMA50,1,42,28.6%,0.2,-21567.0,-513.5,20568.3
2.6x,+30%,-15%,EMA50,1,51,27.5%,0.29,-22468.1,-440.6,22394.0
3.0x,+30%,-25%,EMA50,1,42,28.6%,0.19,-23179.6,-551.9,22134.1
3.0x,+30%,-25%,None,1,42,28.6%,0.19,-23179.6,-551.9,22134.1
3.0x,+40%,-20%,None,1,42,26.2%,0.16,-23232.6,-553.2,22233.9
3.0x,+40%,-20%,EMA50,1,42,26.2%,0.16,-23232.6,-553.2,22233.9
3.0x,+60%,-15%,None,1,42,21.4%,0.09,-23434.6,-558.0,22671.4
3.0x,+80%,-15%,EMA50,1,42,21.4%,0.09,-23434.6,-558.0,22671.4
3.0x,+50%,-15%,EMA50,1,42,21.4%,0.09,-23434.6,-558.0,22671.4
3.0x,+80%,-15%,None,1,42,21.4%,0.09,-23434.6,-558.0,22671.4
3.0x,+60%,-15%,EMA50,1,42,21.4%,0.09,-23434.6,-558.0,22671.4
3.0x,+50%,-15%,None,1,42,21.4%,0.09,-23434.6,-558.0,22671.4
3.0x,+30%,-15%,None,2,57,29.8%,0.24,-24605.6,-431.7,23842.4
3.0x,+30%,-15%,EMA50,2,57,29.8%,0.24,-24605.6,-431.7,23842.4
3.0x,+40%,-25%,EMA50,1,42,26.2%,0.15,-25039.7,-596.2,23994.3
3.0x,+40%,-25%,None,1,42,26.2%,0.15,-25039.7,-596.2,23994.3
3.0x,+30%,-30%,EMA50,1,42,28.6%,0.17,-25889.0,-616.4,24468.6
3.0x,+30%,-30%,None,1,42,28.6%,0.17,-25889.0,-616.4,24468.6
2.6x,+30%,-15%,None,1,53,24.5%,0.25,-26137.8,-493.2,26063.8
2.6x,+30%,-20%,EMA50,1,51,27.5%,0.25,-26577.1,-521.1,26503.0
3.0x,+80%,-20%,None,1,42,21.4%,0.08,-26750.9,-636.9,25752.2
3.0x,+50%,-20%,EMA50,1,42,21.4%,0.08,-26750.9,-636.9,25752.2
3.0x,+50%,-20%,None,1,42,21.4%,0.08,-26750.9,-636.9,25752.2
3.0x,+80%,-20%,EMA50,1,42,21.4%,0.08,-26750.9,-636.9,25752.2
3.0x,+60%,-20%,EMA50,1,42,21.4%,0.08,-26750.9,-636.9,25752.2
3.0x,+60%,-20%,None,1,42,21.4%,0.08,-26750.9,-636.9,25752.2
2.6x,+40%,-15%,EMA50,1,51,21.6%,0.18,-26868.4,-526.8,26050.0
1.2x,+30%,-20%,EMA50,1,61,29.5%,0.21,-27187.8,-445.7,27288.8
3.0x,+40%,-15%,None,2,57,26.3%,0.18,-27251.3,-478.1,26488.1
3.0x,+40%,-15%,EMA50,2,57,26.3%,0.18,-27251.3,-478.1,26488.1
1.5x,+30%,-15%,EMA50,1,62,27.4%,0.13,-27842.1,-449.1,27839.0
1.2x,+30%,-15%,EMA50,1,61,27.9%,0.2,-27997.2,-459.0,28098.2
3.0x,+30%,-20%,EMA50,2,57,29.8%,0.21,-28177.0,-494.3,27178.3
3.0x,+30%,-20%,None,2,57,29.8%,0.21,-28177.0,-494.3,27178.3
3.0x,+40%,-30%,None,1,42,26.2%,0.13,-28195.6,-671.3,26775.2
3.0x,+40%,-30%,EMA50,1,42,26.2%,0.13,-28195.6,-671.3,26775.2
3.0x,+30%,-15%,EMA50,3,64,28.1%,0.23,-28275.9,-441.8,27512.7
3.0x,+30%,-15%,None,3,64,28.1%,0.23,-28275.9,-441.8,27512.7
2.6x,+30%,-25%,EMA50,1,51,27.5%,0.24,-28719.3,-563.1,28473.3
3.0x,+80%,-25%,EMA50,1,42,21.4%,0.07,-28894.5,-688.0,27849.1
3.0x,+80%,-25%,None,1,42,21.4%,0.07,-28894.5,-688.0,27849.1
3.0x,+50%,-25%,None,1,42,21.4%,0.07,-28894.5,-688.0,27849.1
3.0x,+60%,-25%,None,1,42,21.4%,0.07,-28894.5,-688.0,27849.1
3.0x,+50%,-25%,EMA50,1,42,21.4%,0.07,-28894.5,-688.0,27849.1
3.0x,+60%,-25%,EMA50,1,42,21.4%,0.07,-28894.5,-688.0,27849.1
2.6x,+30%,-15%,EMA50,2,73,28.8%,0.32,-29531.1,-404.5,29573.3
1.2x,+40%,-20%,EMA50,1,61,29.5%,0.13,-29778.2,-488.2,29775.1
1.2x,+60%,-20%,EMA50,1,61,29.5%,0.13,-29778.2,-488.2,29775.1
1.2x,+80%,-20%,EMA50,1,61,29.5%,0.13,-29778.2,-488.2,29775.1
1.2x,+50%,-20%,EMA50,1,61,29.5%,0.13,-29778.2,-488.2,29775.1
2.6x,+30%,-20%,None,1,53,24.5%,0.22,-29853.2,-563.3,29779.2
1.5x,+30%,-20%,EMA50,1,62,27.4%,0.12,-30170.5,-486.6,30167.4
2.6x,+30%,-15%,EMA50,3,80,30.0%,0.35,-30413.4,-380.2,29594.9
3.0x,+50%,-15%,EMA50,2,57,22.8%,0.12,-30512.7,-535.3,29749.5
3.0x,+50%,-15%,None,2,57,22.8%,0.12,-30512.7,-535.3,29749.5
2.6x,+40%,-15%,None,1,53,18.9%,0.15,-30538.1,-576.2,29719.7
2.6x,+50%,-15%,EMA50,1,51,17.6%,0.11,-30550.7,-599.0,29732.2
1.2x,+60%,-15%,EMA50,1,61,27.9%,0.13,-30587.6,-501.4,30584.5
1.2x,+80%,-15%,EMA50,1,61,27.9%,0.13,-30587.6,-501.4,30584.5
1.2x,+50%,-15%,EMA50,1,61,27.9%,0.13,-30587.6,-501.4,30584.5
1.2x,+40%,-15%,EMA50,1,61,27.9%,0.13,-30587.6,-501.4,30584.5
3.0x,+30%,-25%,None,2,57,29.8%,0.2,-30846.9,-541.2,29801.5
3.0x,+30%,-25%,EMA50,2,57,29.8%,0.2,-30846.9,-541.2,29801.5
1.2x,+30%,-25%,EMA50,1,61,29.5%,0.19,-30855.3,-505.8,30963.0
1.5x,+50%,-15%,EMA50,1,62,24.2%,0.06,-30867.1,-497.9,30864.0
1.5x,+40%,-15%,EMA50,1,62,24.2%,0.06,-30867.1,-497.9,30864.0
1.5x,+60%,-15%,EMA50,1,62,24.2%,0.06,-30867.1,-497.9,30864.0
1.5x,+80%,-15%,EMA50,1,62,24.2%,0.06,-30867.1,-497.9,30864.0
3.0x,+40%,-15%,None,3,64,25.0%,0.18,-30921.6,-483.2,30158.3
3.0x,+40%,-15%,EMA50,3,64,25.0%,0.18,-30921.6,-483.2,30158.3
2.6x,+40%,-20%,EMA50,1,51,21.6%,0.16,-31077.5,-609.4,30259.0
3.0x,+40%,-20%,EMA50,2,57,26.3%,0.16,-31239.6,-548.1,30240.9
3.0x,+40%,-20%,None,2,57,26.3%,0.16,-31239.6,-548.1,30240.9
1.5x,+30%,-15%,None,1,62,27.4%,0.13,-31354.4,-505.7,31351.3
1.2x,+30%,-30%,EMA50,1,61,29.5%,0.18,-31689.3,-519.5,31686.1
3.0x,+30%,-20%,None,3,63,28.6%,0.21,-31704.0,-503.2,30705.4
3.0x,+30%,-20%,EMA50,3,63,28.6%,0.21,-31704.0,-503.2,30705.4
2.6x,+30%,-25%,EMA50,3,75,32.0%,0.34,-31773.4,-423.6,30783.0
2.6x,+30%,-25%,None,1,53,24.5%,0.21,-31995.5,-603.7,31749.4
3.0x,+60%,-30%,EMA50,1,42,21.4%,0.07,-32050.4,-763.1,30630.0
3.0x,+50%,-30%,EMA50,1,42,21.4%,0.07,-32050.4,-763.1,30630.0
3.0x,+60%,-30%,None,1,42,21.4%,0.07,-32050.4,-763.1,30630.0
3.0x,+80%,-30%,EMA50,1,42,21.4%,0.07,-32050.4,-763.1,30630.0
3.0x,+50%,-30%,None,1,42,21.4%,0.07,-32050.4,-763.1,30630.0
3.0x,+80%,-30%,None,1,42,21.4%,0.07,-32050.4,-763.1,30630.0
2.6x,+30%,-30%,EMA50,1,51,27.5%,0.22,-32148.5,-630.4,31867.7
2.6x,+60%,-15%,EMA50,1,51,15.7%,0.08,-32199.5,-631.4,31381.1
2.6x,+80%,-15%,EMA50,1,51,15.7%,0.08,-32199.5,-631.4,31381.1
2.6x,+30%,-20%,EMA50,2,72,29.2%,0.3,-32270.2,-448.2,32312.4
3.0x,+80%,-15%,None,2,57,21.1%,0.09,-32278.8,-566.3,31515.6
3.0x,+60%,-15%,EMA50,2,57,21.1%,0.09,-32278.8,-566.3,31515.6
3.0x,+80%,-15%,EMA50,2,57,21.1%,0.09,-32278.8,-566.3,31515.6
3.0x,+60%,-15%,None,2,57,21.1%,0.09,-32278.8,-566.3,31515.6
3.0x,+30%,-25%,EMA50,3,61,29.5%,0.21,-32477.0,-532.4,31431.5
3.0x,+30%,-25%,None,3,61,29.5%,0.21,-32477.0,-532.4,31431.5
2.6x,+30%,-20%,EMA50,3,78,30.8%,0.34,-32486.4,-416.5,31667.9
2.6x,+30%,-25%,EMA50,2,70,30.0%,0.3,-32632.8,-466.2,32503.0
1.5x,+80%,-20%,EMA50,1,62,24.2%,0.05,-33195.5,-535.4,33192.4
1.5x,+40%,-20%,EMA50,1,62,24.2%,0.05,-33195.5,-535.4,33192.4
1.5x,+50%,-20%,EMA50,1,62,24.2%,0.05,-33195.5,-535.4,33192.4
1.5x,+60%,-20%,EMA50,1,62,24.2%,0.05,-33195.5,-535.4,33192.4
1.5x,+30%,-20%,None,1,62,27.4%,0.13,-33282.0,-536.8,33278.9
1.2x,+30%,-15%,None,1,62,22.6%,0.16,-33287.6,-536.9,33388.6
1.5x,+30%,-25%,EMA50,1,62,27.4%,0.11,-33377.6,-538.3,33374.5
1.2x,+60%,-25%,EMA50,1,61,29.5%,0.12,-33445.8,-548.3,33442.6
1.2x,+80%,-25%,EMA50,1,61,29.5%,0.12,-33445.8,-548.3,33442.6
1.2x,+50%,-25%,EMA50,1,61,29.5%,0.12,-33445.8,-548.3,33442.6
1.2x,+40%,-25%,EMA50,1,61,29.5%,0.12,-33445.8,-548.3,33442.6
2.6x,+40%,-25%,EMA50,1,51,21.6%,0.15,-33575.6,-658.3,32585.1
2.6x,+30%,-15%,None,2,76,26.3%,0.29,-33673.6,-443.1,33715.8
1.8x,+30%,-15%,EMA50,1,60,23.3%,0.12,-33767.3,-562.8,33470.9
3.0x,+50%,-15%,None,3,64,21.9%,0.13,-33943.0,-530.4,33179.7
3.0x,+50%,-15%,EMA50,3,64,21.9%,0.13,-33943.0,-530.4,33179.7
1.2x,+30%,-20%,None,1,62,22.6%,0.16,-34029.1,-548.9,34130.1
2.2x,+30%,-15%,EMA50,1,57,19.3%,0.15,-34081.6,-597.9,34117.2
2.6x,+30%,-15%,None,3,84,28.6%,0.33,-34146.7,-406.5,33328.2
1.5x,+30%,-30%,EMA50,1,62,27.4%,0.11,-34190.4,-551.5,34187.3
2.6x,+50%,-15%,None,1,53,15.1%,0.09,-34220.4,-645.7,33401.9
1.2x,+40%,-30%,EMA50,1,61,29.5%,0.12,-34279.7,-562.0,34276.6
1.2x,+60%,-30%,EMA50,1,61,29.5%,0.12,-34279.7,-562.0,34276.6
1.2x,+80%,-30%,EMA50,1,61,29.5%,0.12,-34279.7,-562.0,34276.6
1.2x,+50%,-30%,EMA50,1,61,29.5%,0.12,-34279.7,-562.0,34276.6
3.0x,+40%,-25%,None,2,57,26.3%,0.14,-34344.7,-602.5,33299.2
3.0x,+40%,-25%,EMA50,2,57,26.3%,0.14,-34344.7,-602.5,33299.2
2.6x,+40%,-20%,None,1,53,18.9%,0.14,-34353.6,-648.2,33535.2
3.0x,+50%,-20%,EMA50,2,57,22.8%,0.1,-34514.0,-605.5,33515.3
3.0x,+50%,-20%,None,2,57,22.8%,0.1,-34514.0,-605.5,33515.3
2.6x,+30%,-25%,None,3,78,30.8%,0.32,-34640.4,-444.1,33649.9
2.6x,+50%,-20%,EMA50,1,51,17.6%,0.1,-34759.7,-681.6,33941.3
2.6x,+40%,-15%,EMA50,2,72,23.6%,0.22,-34763.3,-482.8,33944.8
2.6x,+30%,-30%,EMA50,3,72,31.9%,0.32,-35066.0,-487.0,34040.7
2.6x,+30%,-20%,None,2,75,28.0%,0.28,-35137.1,-468.5,35179.3
1.8x,+30%,-15%,None,1,61,21.3%,0.12,-35319.0,-579.0,35022.6
2.6x,+30%,-20%,None,3,81,29.6%,0.32,-35353.3,-436.5,34534.9
2.6x,+30%,-30%,None,1,53,24.5%,0.2,-35424.7,-668.4,35143.8
3.0x,+40%,-20%,None,3,62,24.2%,0.14,-35456.6,-571.9,34457.9
3.0x,+40%,-20%,EMA50,3,62,24.2%,0.14,-35456.6,-571.9,34457.9
1.5x,+50%,-15%,None,1,62,22.6%,0.04,-35473.4,-572.2,35470.2
1.5x,+60%,-15%,None,1,62,22.6%,0.04,-35473.4,-572.2,35470.2
1.5x,+40%,-15%,None,1,62,22.6%,0.04,-35473.4,-572.2,35470.2
1.5x,+80%,-15%,None,1,62,22.6%,0.04,-35473.4,-572.2,35470.2
2.6x,+30%,-25%,None,2,73,28.8%,0.28,-35499.8,-486.3,35370.0
3.0x,+80%,-15%,None,3,64,20.3%,0.1,-35543.8,-555.4,34780.6
3.0x,+60%,-15%,EMA50,3,64,20.3%,0.1,-35543.8,-555.4,34780.6
3.0x,+80%,-15%,EMA50,3,64,20.3%,0.1,-35543.8,-555.4,34780.6
3.0x,+60%,-15%,None,3,64,20.3%,0.1,-35543.8,-555.4,34780.6
2.6x,+40%,-15%,EMA50,3,79,25.3%,0.26,-35645.6,-451.2,34827.2
1.8x,+40%,-15%,EMA50,1,60,21.7%,0.08,-35691.0,-594.8,35394.7
1.8x,+80%,-15%,EMA50,1,60,21.7%,0.08,-35691.0,-594.8,35394.7
1.8x,+60%,-15%,EMA50,1,60,21.7%,0.08,-35691.0,-594.8,35394.7
1.8x,+50%,-15%,EMA50,1,60,21.7%,0.08,-35691.0,-594.8,35394.7
3.0x,+30%,-30%,None,2,57,28.1%,0.17,-35833.6,-628.7,34413.3
3.0x,+30%,-30%,EMA50,2,57,28.1%,0.17,-35833.6,-628.7,34413.3
2.6x,+60%,-15%,None,1,53,13.2%,0.06,-35869.2,-676.8,35050.8
2.6x,+80%,-15%,None,1,53,13.2%,0.06,-35869.2,-676.8,35050.8
1.2x,+60%,-15%,None,1,62,22.6%,0.1,-35878.0,-578.7,35874.9
1.2x,+50%,-15%,None,1,62,22.6%,0.1,-35878.0,-578.7,35874.9
1.2x,+40%,-15%,None,1,62,22.6%,0.1,-35878.0,-578.7,35874.9
1.2x,+80%,-15%,None,1,62,22.6%,0.1,-35878.0,-578.7,35874.9
3.0x,+80%,-20%,EMA50,2,57,21.1%,0.08,-35913.8,-630.1,34915.1
3.0x,+60%,-20%,None,2,57,21.1%,0.08,-35913.8,-630.1,34915.1
3.0x,+60%,-20%,EMA50,2,57,21.1%,0.08,-35913.8,-630.1,34915.1
3.0x,+80%,-20%,None,2,57,21.1%,0.08,-35913.8,-630.1,34915.1
2.2x,+40%,-15%,EMA50,1,57,17.5%,0.11,-36005.4,-631.7,36041.0
1.8x,+30%,-20%,EMA50,1,60,23.3%,0.11,-36047.5,-600.8,35751.1
3.0x,+40%,-25%,None,3,59,25.4%,0.14,-36171.5,-613.1,35126.1
3.0x,+40%,-25%,EMA50,3,59,25.4%,0.14,-36171.5,-613.1,35126.1
2.6x,+60%,-20%,EMA50,1,51,15.7%,0.07,-36408.6,-713.9,35590.1
2.6x,+80%,-20%,EMA50,1,51,15.7%,0.07,-36408.6,-713.9,35590.1
1.2x,+30%,-25%,None,1,62,22.6%,0.15,-36510.9,-588.9,36611.9
3.0x,+30%,-30%,None,3,60,28.3%,0.18,-36543.3,-609.1,35123.0
3.0x,+30%,-30%,EMA50,3,60,28.3%,0.18,-36543.3,-609.1,35123.0
1.2x,+30%,-30%,None,1,62,22.6%,0.15,-36544.8,-589.4,36541.6
1.5x,+40%,-25%,EMA50,1,62,24.2%,0.05,-36582.0,-590.0,36578.9
1.5x,+60%,-25%,EMA50,1,62,24.2%,0.05,-36582.0,-590.0,36578.9
1.5x,+80%,-25%,EMA50,1,62,24.2%,0.05,-36582.0,-590.0,36578.9
1.5x,+50%,-25%,EMA50,1,62,24.2%,0.05,-36582.0,-590.0,36578.9
1.2x,+40%,-20%,None,1,62,22.6%,0.09,-36619.6,-590.6,36616.4
1.2x,+80%,-20%,None,1,62,22.6%,0.09,-36619.6,-590.6,36616.4
1.2x,+60%,-20%,None,1,62,22.6%,0.09,-36619.6,-590.6,36616.4
1.2x,+50%,-20%,None,1,62,22.6%,0.09,-36619.6,-590.6,36616.4
1.5x,+30%,-25%,None,1,62,27.4%,0.12,-36689.9,-591.8,36686.8
2.6x,+40%,-25%,None,1,53,18.9%,0.13,-36851.8,-695.3,35861.3
2.6x,+30%,-30%,EMA50,2,68,29.4%,0.27,-36906.3,-542.7,36711.7
2.2x,+30%,-20%,EMA50,1,57,19.3%,0.14,-37003.4,-649.2,37039.0
1.5x,+50%,-20%,None,1,62,22.6%,0.04,-37401.0,-603.2,37397.8
1.5x,+80%,-20%,None,1,62,22.6%,0.04,-37401.0,-603.2,37397.8
1.5x,+60%,-20%,None,1,62,22.6%,0.04,-37401.0,-603.2,37397.8
1.5x,+40%,-20%,None,1,62,22.6%,0.04,-37401.0,-603.2,37397.8
1.5x,+30%,-30%,None,1,62,27.4%,0.11,-37546.2,-605.6,37543.1
1.8x,+30%,-20%,None,1,61,21.3%,0.11,-37599.2,-616.4,37302.8
3.0x,+50%,-25%,None,2,57,22.8%,0.09,-37714.9,-661.7,36669.5
3.0x,+50%,-25%,EMA50,2,57,22.8%,0.09,-37714.9,-661.7,36669.5
2.6x,+50%,-25%,EMA50,1,51,17.6%,0.09,-37718.1,-739.6,36727.6
1.5x,+60%,-30%,EMA50,1,62,24.2%,0.05,-37737.4,-608.7,37734.3
1.5x,+80%,-30%,EMA50,1,62,24.2%,0.05,-37737.4,-608.7,37734.3
1.5x,+50%,-30%,EMA50,1,62,24.2%,0.05,-37737.4,-608.7,37734.3
1.5x,+40%,-30%,EMA50,1,62,24.2%,0.05,-37737.4,-608.7,37734.3
2.6x,+40%,-20%,EMA50,2,71,23.9%,0.21,-37830.3,-532.8,37011.8
2.6x,+40%,-30%,EMA50,1,51,21.6%,0.14,-37874.6,-742.6,36849.3
2.2x,+50%,-15%,EMA50,1,57,15.8%,0.08,-37911.0,-665.1,37946.6
2.2x,+60%,-15%,EMA50,1,57,15.8%,0.08,-37911.0,-665.1,37946.6
2.2x,+80%,-15%,EMA50,1,57,15.8%,0.08,-37911.0,-665.1,37946.6
2.6x,+30%,-30%,None,3,75,30.7%,0.3,-37932.9,-505.8,36907.6
2.6x,+50%,-20%,None,1,53,15.1%,0.08,-38035.9,-717.7,37217.4
2.2x,+30%,-15%,None,1,58,15.5%,0.12,-38047.5,-656.0,38083.1
3.0x,+50%,-20%,EMA50,3,61,21.3%,0.09,-38237.8,-626.8,37239.1
3.0x,+50%,-20%,None,3,61,21.3%,0.09,-38237.8,-626.8,37239.1
1.8x,+80%,-20%,EMA50,1,60,21.7%,0.07,-38238.2,-637.3,37941.9
1.8x,+50%,-20%,EMA50,1,60,21.7%,0.07,-38238.2,-637.3,37941.9
1.8x,+40%,-20%,EMA50,1,60,21.7%,0.07,-38238.2,-637.3,37941.9
1.8x,+60%,-20%,EMA50,1,60,21.7%,0.07,-38238.2,-637.3,37941.9
1.8x,+60%,-15%,None,1,61,18.0%,0.06,-38336.7,-628.5,38040.4
1.8x,+80%,-15%,None,1,61,18.0%,0.06,-38336.7,-628.5,38040.4
1.8x,+40%,-15%,None,1,61,18.0%,0.06,-38336.7,-628.5,38040.4
1.8x,+50%,-15%,None,1,61,18.0%,0.06,-38336.7,-628.5,38040.4
2.6x,+50%,-15%,EMA50,2,72,20.8%,0.17,-38348.7,-532.6,37530.3
2.6x,+40%,-20%,EMA50,3,76,25.0%,0.23,-38765.6,-510.1,37947.2
2.6x,+40%,-15%,None,2,75,21.3%,0.2,-38905.8,-518.7,38087.4
1.2x,+50%,-25%,None,1,62,22.6%,0.09,-39101.3,-630.7,39098.2
1.2x,+60%,-25%,None,1,62,22.6%,0.09,-39101.3,-630.7,39098.2
1.2x,+40%,-25%,None,1,62,22.6%,0.09,-39101.3,-630.7,39098.2
1.2x,+80%,-25%,None,1,62,22.6%,0.09,-39101.3,-630.7,39098.2
3.0x,+80%,-25%,EMA50,2,57,21.1%,0.07,-39114.7,-686.2,38069.3
3.0x,+60%,-25%,EMA50,2,57,21.1%,0.07,-39114.7,-686.2,38069.3
3.0x,+60%,-25%,None,2,57,21.1%,0.07,-39114.7,-686.2,38069.3
3.0x,+80%,-25%,None,2,57,21.1%,0.07,-39114.7,-686.2,38069.3
1.2x,+60%,-30%,None,1,62,22.6%,0.09,-39135.2,-631.2,39132.1
1.2x,+40%,-30%,None,1,62,22.6%,0.09,-39135.2,-631.2,39132.1
1.2x,+50%,-30%,None,1,62,22.6%,0.09,-39135.2,-631.2,39132.1
1.2x,+80%,-30%,None,1,62,22.6%,0.09,-39135.2,-631.2,39132.1
2.2x,+40%,-20%,EMA50,1,57,17.5%,0.1,-39194.1,-687.6,39229.7
3.0x,+40%,-30%,EMA50,2,57,24.6%,0.13,-39372.6,-690.7,37952.2
3.0x,+40%,-30%,None,2,57,24.6%,0.13,-39372.6,-690.7,37952.2
2.6x,+40%,-15%,None,3,83,24.1%,0.24,-39378.9,-474.4,38560.4
3.0x,+50%,-25%,None,3,59,22.0%,0.09,-39541.8,-670.2,38496.4
3.0x,+50%,-25%,EMA50,3,59,22.0%,0.09,-39541.8,-670.2,38496.4
3.0x,+60%,-20%,EMA50,3,61,19.7%,0.07,-39637.6,-649.8,38638.9
3.0x,+80%,-20%,EMA50,3,61,19.7%,0.07,-39637.6,-649.8,38638.9
3.0x,+60%,-20%,None,3,61,19.7%,0.07,-39637.6,-649.8,38638.9
3.0x,+80%,-20%,None,3,61,19.7%,0.07,-39637.6,-649.8,38638.9
2.6x,+80%,-20%,None,1,53,13.2%,0.05,-39684.7,-748.8,38866.3
2.6x,+60%,-20%,None,1,53,13.2%,0.05,-39684.7,-748.8,38866.3
2.6x,+80%,-25%,EMA50,1,51,15.7%,0.06,-39740.4,-779.2,38749.9
2.6x,+60%,-25%,EMA50,1,51,15.7%,0.06,-39740.4,-779.2,38749.9
2.6x,+30%,-30%,None,2,71,28.2%,0.26,-39773.2,-560.2,39578.6
2.2x,+40%,-15%,None,1,58,13.8%,0.09,-39971.3,-689.2,40006.9
3.0x,+40%,-30%,None,3,58,24.1%,0.13,-40279.0,-694.5,38858.7
3.0x,+40%,-30%,EMA50,3,58,24.1%,0.13,-40279.0,-694.5,38858.7
2.6x,+40%,-25%,EMA50,3,73,24.7%,0.21,-40572.5,-555.8,39582.0
2.2x,+30%,-20%,None,1,58,15.5%,0.11,-40575.7,-699.6,40611.3
2.2x,+30%,-25%,EMA50,1,57,19.3%,0.13,-40578.7,-711.9,40442.2
2.6x,+40%,-20%,None,2,74,23.0%,0.19,-40697.2,-550.0,39878.8
2.6x,+40%,-25%,EMA50,2,69,23.2%,0.18,-40712.7,-590.0,39722.3
1.8x,+50%,-20%,None,1,61,18.0%,0.06,-40883.9,-670.2,40587.5
1.8x,+40%,-20%,None,1,61,18.0%,0.06,-40883.9,-670.2,40587.5
1.8x,+60%,-20%,None,1,61,18.0%,0.06,-40883.9,-670.2,40587.5
1.8x,+80%,-20%,None,1,61,18.0%,0.06,-40883.9,-670.2,40587.5
1.8x,+30%,-25%,EMA50,1,60,23.3%,0.1,-40904.9,-681.7,40608.6
2.6x,+60%,-15%,EMA50,2,71,18.3%,0.12,-40941.0,-576.6,40122.5
3.0x,+80%,-25%,EMA50,3,59,20.3%,0.07,-40941.6,-693.9,39896.2
3.0x,+60%,-25%,EMA50,3,59,20.3%,0.07,-40941.6,-693.9,39896.2
3.0x,+60%,-25%,None,3,59,20.3%,0.07,-40941.6,-693.9,39896.2
3.0x,+80%,-25%,None,3,59,20.3%,0.07,-40941.6,-693.9,39896.2
1.5x,+80%,-25%,None,1,62,22.6%,0.04,-40988.3,-661.1,40985.2
1.5x,+60%,-25%,None,1,62,22.6%,0.04,-40988.3,-661.1,40985.2
1.5x,+40%,-25%,None,1,62,22.6%,0.04,-40988.3,-661.1,40985.2
1.5x,+50%,-25%,None,1,62,22.6%,0.04,-40988.3,-661.1,40985.2
2.6x,+50%,-25%,None,1,53,15.1%,0.08,-40994.2,-773.5,40003.7
2.2x,+60%,-20%,EMA50,1,57,15.8%,0.08,-41099.7,-721.0,41135.3
2.2x,+80%,-20%,EMA50,1,57,15.8%,0.08,-41099.7,-721.0,41135.3
2.2x,+50%,-20%,EMA50,1,57,15.8%,0.08,-41099.7,-721.0,41135.3
2.6x,+40%,-30%,None,1,53,18.9%,0.12,-41150.7,-776.4,40125.5
2.6x,+50%,-20%,EMA50,2,71,21.1%,0.16,-41308.9,-581.8,40490.4
2.6x,+40%,-20%,None,3,79,24.1%,0.22,-41632.6,-527.0,40814.1
1.8x,+30%,-25%,None,1,61,21.3%,0.1,-41660.5,-683.0,41364.1
2.2x,+80%,-15%,None,1,58,12.1%,0.06,-41876.9,-722.0,41912.5
2.2x,+50%,-15%,None,1,58,12.1%,0.06,-41876.9,-722.0,41912.5
2.2x,+60%,-15%,None,1,58,12.1%,0.06,-41876.9,-722.0,41912.5
2.6x,+50%,-30%,EMA50,1,51,17.6%,0.08,-42017.0,-823.9,40991.8
1.8x,+30%,-30%,EMA50,1,60,23.3%,0.09,-42069.5,-701.2,41773.2
2.6x,+60%,-20%,EMA50,2,70,20.0%,0.14,-42135.0,-601.9,41316.5
1.5x,+80%,-30%,None,1,62,22.6%,0.04,-42187.1,-680.4,42184.0
1.5x,+60%,-30%,None,1,62,22.6%,0.04,-42187.1,-680.4,42184.0
1.5x,+50%,-30%,None,1,62,22.6%,0.04,-42187.1,-680.4,42184.0
1.5x,+40%,-30%,None,1,62,22.6%,0.04,-42187.1,-680.4,42184.0
2.6x,+50%,-15%,EMA50,3,79,20.3%,0.17,-42239.1,-534.7,41420.7
2.6x,+50%,-15%,None,2,75,18.7%,0.15,-42491.3,-566.6,41672.8
2.2x,+40%,-20%,None,1,58,13.8%,0.08,-42766.5,-737.4,42802.0
1.8x,+30%,-30%,None,1,61,21.3%,0.1,-42825.1,-702.1,42528.8
3.0x,+80%,-30%,None,2,57,21.1%,0.08,-42982.9,-754.1,41562.5
3.0x,+80%,-30%,EMA50,2,57,21.1%,0.08,-42982.9,-754.1,41562.5
3.0x,+60%,-30%,EMA50,2,57,21.1%,0.08,-42982.9,-754.1,41562.5
3.0x,+60%,-30%,None,2,57,21.1%,0.08,-42982.9,-754.1,41562.5
3.0x,+50%,-30%,None,2,57,21.1%,0.08,-42982.9,-754.1,41562.5
3.0x,+50%,-30%,EMA50,2,57,21.1%,0.08,-42982.9,-754.1,41562.5
2.6x,+60%,-25%,None,1,53,13.2%,0.05,-43016.5,-811.6,42026.0
2.6x,+80%,-25%,None,1,53,13.2%,0.05,-43016.5,-811.6,42026.0
2.2x,+40%,-25%,EMA50,1,57,17.5%,0.09,-43024.4,-754.8,42888.0
2.2x,+30%,-30%,EMA50,1,57,19.3%,0.12,-43050.1,-755.3,42878.9
1.8x,+40%,-25%,EMA50,1,60,21.7%,0.07,-43350.7,-722.5,43054.3
1.8x,+50%,-25%,EMA50,1,60,21.7%,0.07,-43350.7,-722.5,43054.3
1.8x,+60%,-25%,EMA50,1,60,21.7%,0.07,-43350.7,-722.5,43054.3
1.8x,+80%,-25%,EMA50,1,60,21.7%,0.07,-43350.7,-722.5,43054.3
2.6x,+40%,-25%,None,3,76,23.7%,0.2,-43439.4,-571.6,42448.9
2.6x,+40%,-25%,None,2,72,22.2%,0.17,-43579.7,-605.3,42589.2
3.0x,+60%,-30%,None,3,58,20.7%,0.08,-43889.4,-756.7,42469.0
3.0x,+60%,-30%,EMA50,3,58,20.7%,0.08,-43889.4,-756.7,42469.0
3.0x,+80%,-30%,None,3,58,20.7%,0.08,-43889.4,-756.7,42469.0
3.0x,+80%,-30%,EMA50,3,58,20.7%,0.08,-43889.4,-756.7,42469.0
3.0x,+50%,-30%,EMA50,3,58,20.7%,0.08,-43889.4,-756.7,42469.0
3.0x,+50%,-30%,None,3,58,20.7%,0.08,-43889.4,-756.7,42469.0
2.6x,+80%,-30%,EMA50,1,51,15.7%,0.06,-44039.3,-863.5,43014.1
2.6x,+60%,-30%,EMA50,1,51,15.7%,0.06,-44039.3,-863.5,43014.1
2.2x,+30%,-25%,None,1,58,15.5%,0.1,-44151.0,-761.2,44014.6
2.6x,+50%,-20%,None,2,74,20.3%,0.15,-44175.8,-597.0,43357.4
2.6x,+80%,-15%,EMA50,2,71,15.5%,0.07,-44391.5,-625.2,43573.0
1.8x,+60%,-30%,EMA50,1,60,21.7%,0.06,-44515.3,-741.9,44219.0
1.8x,+50%,-30%,EMA50,1,60,21.7%,0.06,-44515.3,-741.9,44219.0
1.8x,+40%,-30%,EMA50,1,60,21.7%,0.06,-44515.3,-741.9,44219.0
1.8x,+80%,-30%,EMA50,1,60,21.7%,0.06,-44515.3,-741.9,44219.0
2.2x,+60%,-20%,None,1,58,12.1%,0.06,-44672.1,-770.2,44707.7
2.2x,+50%,-20%,None,1,58,12.1%,0.06,-44672.1,-770.2,44707.7
2.2x,+80%,-20%,None,1,58,12.1%,0.06,-44672.1,-770.2,44707.7
2.6x,+40%,-30%,EMA50,3,70,24.3%,0.2,-44734.8,-639.1,43709.5
2.2x,+50%,-25%,EMA50,1,57,15.8%,0.07,-44930.1,-788.2,44793.6
2.2x,+60%,-25%,EMA50,1,57,15.8%,0.07,-44930.1,-788.2,44793.6
2.2x,+80%,-25%,EMA50,1,57,15.8%,0.07,-44930.1,-788.2,44793.6
2.6x,+60%,-20%,None,2,73,19.2%,0.13,-45001.9,-616.5,44183.5
2.6x,+60%,-15%,None,2,74,16.2%,0.11,-45083.5,-609.2,44265.0
1.8x,+60%,-25%,None,1,61,18.0%,0.05,-45200.2,-741.0,44903.9
1.8x,+50%,-25%,None,1,61,18.0%,0.05,-45200.2,-741.0,44903.9
1.8x,+80%,-25%,None,1,61,18.0%,0.05,-45200.2,-741.0,44903.9
1.8x,+40%,-25%,None,1,61,18.0%,0.05,-45200.2,-741.0,44903.9
2.6x,+50%,-30%,None,1,53,15.1%,0.07,-45293.2,-854.6,44267.9
2.6x,+50%,-20%,EMA50,3,76,19.7%,0.15,-45492.3,-598.6,44673.9
2.2x,+40%,-30%,EMA50,1,57,17.5%,0.09,-45495.9,-798.2,45324.7
1.2x,+30%,-15%,EMA50,2,101,30.7%,0.25,-45686.4,-452.3,45659.1
2.6x,+40%,-30%,EMA50,2,67,22.4%,0.16,-45855.9,-684.4,44830.7
2.6x,+50%,-15%,None,3,83,19.3%,0.16,-45972.4,-553.9,45153.9
1.2x,+30%,-20%,EMA50,2,101,31.7%,0.25,-46098.7,-456.4,46071.4
2.6x,+50%,-25%,EMA50,2,69,18.8%,0.11,-46286.9,-670.8,45296.4
2.6x,+60%,-20%,EMA50,3,75,18.7%,0.13,-46318.5,-617.6,45500.0
1.8x,+60%,-30%,None,1,61,18.0%,0.05,-46364.8,-760.1,46068.5
1.8x,+80%,-30%,None,1,61,18.0%,0.05,-46364.8,-760.1,46068.5
1.8x,+40%,-30%,None,1,61,18.0%,0.05,-46364.8,-760.1,46068.5
1.8x,+50%,-30%,None,1,61,18.0%,0.05,-46364.8,-760.1,46068.5
2.2x,+40%,-25%,None,1,58,13.8%,0.08,-46596.8,-803.4,46460.4
2.2x,+30%,-30%,None,1,58,15.5%,0.1,-46622.5,-803.8,46451.2
2.6x,+80%,-20%,EMA50,2,70,15.7%,0.07,-47149.3,-673.6,46330.9
2.6x,+60%,-15%,EMA50,3,78,16.7%,0.11,-47235.3,-605.6,46416.9
2.2x,+30%,-15%,EMA50,2,84,21.4%,0.19,-47239.6,-562.4,48316.5
2.6x,+80%,-30%,None,1,53,13.2%,0.04,-47315.5,-892.7,46290.2
2.6x,+60%,-30%,None,1,53,13.2%,0.04,-47315.5,-892.7,46290.2
2.2x,+80%,-30%,EMA50,1,57,15.8%,0.07,-47401.5,-831.6,47230.3
2.2x,+60%,-30%,EMA50,1,57,15.8%,0.07,-47401.5,-831.6,47230.3
2.2x,+50%,-30%,EMA50,1,57,15.8%,0.07,-47401.5,-831.6,47230.3
1.2x,+30%,-25%,EMA50,2,100,33.0%,0.25,-47451.3,-474.5,47424.0
2.6x,+60%,-25%,EMA50,2,68,17.6%,0.09,-47486.5,-698.3,46496.0
2.6x,+40%,-30%,None,3,73,23.3%,0.19,-47601.7,-652.1,46576.5
2.2x,+30%,-15%,EMA50,3,94,23.4%,0.23,-48349.2,-514.4,48749.3
2.6x,+50%,-20%,None,3,79,19.0%,0.14,-48359.3,-612.1,47540.8
2.2x,+60%,-25%,None,1,58,12.1%,0.05,-48502.4,-836.2,48366.0
2.2x,+50%,-25%,None,1,58,12.1%,0.05,-48502.4,-836.2,48366.0
2.2x,+80%,-25%,None,1,58,12.1%,0.05,-48502.4,-836.2,48366.0
2.6x,+80%,-15%,None,2,74,13.5%,0.06,-48534.0,-655.9,47715.5
2.6x,+40%,-30%,None,2,70,21.4%,0.15,-48722.9,-696.0,47697.6
2.2x,+30%,-20%,EMA50,3,91,24.2%,0.23,-48909.5,-537.5,49309.6
1.2x,+30%,-30%,EMA50,2,100,33.0%,0.24,-48945.4,-489.5,48918.1
2.6x,+50%,-25%,EMA50,3,72,18.1%,0.11,-49001.4,-680.6,48010.9
2.2x,+30%,-25%,EMA50,3,89,25.8%,0.24,-49021.9,-550.8,49249.9
2.2x,+40%,-30%,None,1,58,13.8%,0.07,-49068.3,-846.0,48897.0
2.6x,+50%,-25%,None,2,72,18.1%,0.11,-49153.8,-682.7,48163.3
2.6x,+60%,-20%,None,3,78,17.9%,0.12,-49185.4,-630.6,48366.9
2.2x,+30%,-25%,EMA50,2,83,24.1%,0.2,-49333.1,-594.4,50238.0
2.2x,+30%,-20%,EMA50,2,83,21.7%,0.18,-49538.4,-596.8,50615.3
2.6x,+80%,-25%,EMA50,2,68,16.2%,0.06,-49589.5,-729.3,48599.0
2.6x,+80%,-15%,EMA50,3,77,14.3%,0.06,-49805.6,-646.8,48987.1
2.6x,+80%,-20%,None,2,73,15.1%,0.06,-50016.3,-685.2,49197.8
2.6x,+60%,-25%,EMA50,3,71,16.9%,0.09,-50201.0,-707.1,49210.5
2.6x,+60%,-25%,None,2,71,16.9%,0.09,-50353.4,-709.2,49362.9
2.6x,+80%,-20%,EMA50,3,74,14.9%,0.06,-50919.5,-688.1,50101.0
2.6x,+60%,-15%,None,3,82,15.9%,0.1,-50968.6,-621.6,50150.2
2.2x,+80%,-30%,None,1,58,12.1%,0.05,-50973.9,-878.9,50802.6
2.2x,+50%,-30%,None,1,58,12.1%,0.05,-50973.9,-878.9,50802.6
2.2x,+60%,-30%,None,1,58,12.1%,0.05,-50973.9,-878.9,50802.6
2.2x,+30%,-15%,None,2,87,19.5%,0.17,-51382.1,-590.6,52459.0
2.6x,+50%,-30%,EMA50,2,67,17.9%,0.1,-51682.2,-771.4,50656.9
2.2x,+30%,-20%,None,3,94,23.4%,0.22,-51776.4,-550.8,52176.5
2.6x,+50%,-25%,None,3,75,17.3%,0.1,-51868.3,-691.6,50877.8
2.2x,+30%,-25%,None,3,92,25.0%,0.23,-51888.9,-564.0,52116.9
2.2x,+40%,-15%,EMA50,3,92,20.7%,0.18,-51995.1,-565.2,52395.1
2.2x,+30%,-15%,None,3,98,22.4%,0.21,-52082.5,-531.5,52482.6
2.2x,+30%,-25%,None,2,86,23.3%,0.19,-52200.0,-607.0,53104.9
2.2x,+40%,-15%,EMA50,2,84,17.9%,0.13,-52250.6,-622.0,53327.5
2.6x,+80%,-25%,EMA50,3,71,15.5%,0.06,-52284.0,-736.4,51293.6
2.2x,+30%,-20%,None,2,86,20.9%,0.17,-52405.3,-609.4,53482.2
2.6x,+80%,-25%,None,2,71,15.5%,0.06,-52456.4,-738.8,51465.9
2.2x,+40%,-20%,EMA50,3,89,21.3%,0.18,-52574.8,-590.7,52974.9
2.6x,+60%,-30%,EMA50,2,66,16.7%,0.08,-52881.7,-801.2,51856.5
2.2x,+30%,-30%,EMA50,3,84,25.0%,0.2,-52917.2,-630.0,53110.4
1.2x,+40%,-15%,EMA50,2,101,27.7%,0.15,-53057.0,-525.3,53029.7
2.6x,+60%,-25%,None,3,74,16.2%,0.08,-53067.9,-717.1,52077.4
2.6x,+50%,-30%,EMA50,3,69,17.4%,0.1,-53415.8,-774.1,52390.5
1.2x,+40%,-20%,EMA50,2,101,28.7%,0.15,-53469.3,-529.4,53441.9
2.6x,+80%,-15%,None,3,81,13.6%,0.06,-53538.9,-661.0,52720.4
2.6x,+80%,-20%,None,3,77,14.3%,0.06,-53786.4,-698.5,52968.0
2.2x,+30%,-30%,EMA50,2,79,22.8%,0.16,-54209.2,-686.2,55079.3
2.2x,+40%,-25%,EMA50,3,87,21.8%,0.17,-54274.3,-623.8,54502.3
2.6x,+50%,-30%,None,2,70,17.1%,0.09,-54549.1,-779.3,53523.8
2.6x,+60%,-30%,EMA50,3,68,16.2%,0.08,-54615.4,-803.2,53590.1
2.2x,+40%,-20%,EMA50,2,83,18.1%,0.13,-54816.1,-660.4,55893.0
2.6x,+80%,-30%,EMA50,2,66,15.2%,0.06,-54984.8,-833.1,53959.5
1.2x,+40%,-25%,EMA50,2,100,30.0%,0.16,-55001.3,-550.0,54974.0
2.6x,+80%,-25%,None,3,74,14.9%,0.06,-55151.0,-745.3,54160.5
2.2x,+50%,-15%,EMA50,2,84,15.5%,0.1,-55211.9,-657.3,54839.5
2.2x,+60%,-15%,EMA50,2,84,15.5%,0.1,-55211.9,-657.3,54839.5
1.5x,+30%,-15%,EMA50,2,102,22.5%,0.12,-55257.0,-541.7,55229.7
2.2x,+40%,-20%,None,3,92,20.7%,0.17,-55441.8,-602.6,55841.8
2.2x,+40%,-25%,EMA50,2,82,19.5%,0.14,-55566.3,-677.6,56471.2
2.2x,+40%,-30%,EMA50,3,83,22.9%,0.17,-55705.3,-671.1,55898.5
2.2x,+40%,-15%,None,3,96,19.8%,0.17,-55728.4,-580.5,56128.4
2.2x,+50%,-15%,EMA50,3,91,17.6%,0.13,-55742.5,-612.6,54924.0
2.6x,+60%,-30%,None,2,69,15.9%,0.08,-55748.7,-808.0,54723.4
2.2x,+30%,-30%,None,3,87,24.1%,0.19,-55784.1,-641.2,55977.3
1.8x,+30%,-15%,EMA50,2,95,22.1%,0.13,-56116.3,-590.7,56252.2
2.6x,+50%,-30%,None,3,72,16.7%,0.09,-56282.7,-781.7,55257.5
2.2x,+40%,-15%,None,2,87,16.1%,0.12,-56393.1,-648.2,57470.0
2.6x,+80%,-30%,EMA50,3,68,14.7%,0.05,-56698.5,-833.8,55673.2
1.2x,+40%,-30%,EMA50,2,100,30.0%,0.15,-56838.0,-568.4,56810.6
2.2x,+40%,-30%,EMA50,2,78,20.5%,0.13,-56997.3,-730.7,57867.4
2.2x,+30%,-30%,None,2,82,22.0%,0.15,-57076.1,-696.0,57946.2
2.2x,+40%,-25%,None,3,90,21.1%,0.17,-57141.2,-634.9,57369.2
1.2x,+30%,-20%,None,2,111,28.8%,0.2,-57143.0,-514.8,57397.0
2.2x,+80%,-15%,EMA50,2,84,14.3%,0.08,-57314.9,-682.3,56942.5
2.2x,+60%,-15%,EMA50,3,91,16.5%,0.12,-57326.8,-630.0,56508.4
1.2x,+30%,-20%,EMA50,3,121,30.6%,0.23,-57327.0,-473.8,57299.7
1.2x,+30%,-15%,EMA50,3,122,27.9%,0.22,-57465.2,-471.0,57437.9
2.6x,+60%,-30%,None,3,71,15.5%,0.07,-57482.3,-809.6,56457.0
2.2x,+40%,-20%,None,2,86,17.4%,0.12,-57683.1,-670.7,58760.0
1.2x,+80%,-15%,EMA50,2,101,24.8%,0.1,-57745.5,-571.7,57718.1
1.2x,+50%,-15%,EMA50,2,101,24.8%,0.1,-57745.5,-571.7,57718.1
1.2x,+60%,-15%,EMA50,2,101,24.8%,0.1,-57745.5,-571.7,57718.1
2.2x,+60%,-30%,EMA50,2,78,19.2%,0.12,-57793.1,-740.9,56886.1
2.2x,+50%,-30%,EMA50,2,78,19.2%,0.12,-57793.1,-740.9,56886.1
2.2x,+60%,-20%,EMA50,2,83,15.7%,0.1,-57827.2,-696.7,57382.7
2.2x,+50%,-20%,EMA50,2,83,15.7%,0.1,-57827.2,-696.7,57382.7
2.6x,+80%,-30%,None,2,69,14.5%,0.05,-57851.7,-838.4,56826.4
1.2x,+30%,-15%,None,2,111,27.9%,0.19,-58296.1,-525.2,58550.1
1.2x,+60%,-20%,EMA50,2,101,25.7%,0.1,-58352.3,-577.7,58325.0
1.2x,+50%,-20%,EMA50,2,101,25.7%,0.1,-58352.3,-577.7,58325.0
1.2x,+80%,-20%,EMA50,2,101,25.7%,0.1,-58352.3,-577.7,58325.0
1.8x,+30%,-15%,EMA50,3,108,24.1%,0.17,-58431.5,-541.0,58567.5
2.2x,+40%,-25%,None,2,85,18.8%,0.13,-58433.2,-687.4,59338.1
1.8x,+30%,-20%,EMA50,2,95,22.1%,0.14,-58480.5,-615.6,58509.3
2.2x,+40%,-30%,None,3,86,22.1%,0.16,-58572.2,-681.1,58765.4
2.2x,+50%,-20%,EMA50,3,88,17.0%,0.11,-58670.0,-666.7,57851.5
1.8x,+30%,-15%,None,2,100,22.0%,0.14,-58711.4,-587.1,58847.4
2.2x,+60%,-25%,EMA50,2,82,17.1%,0.11,-58735.0,-716.3,57862.7
2.2x,+50%,-25%,EMA50,2,82,17.1%,0.11,-58735.0,-716.3,57862.7
2.2x,+60%,-30%,EMA50,3,81,19.8%,0.12,-58908.3,-727.3,58001.3
2.2x,+50%,-30%,EMA50,3,81,19.8%,0.12,-58908.3,-727.3,58001.3
1.2x,+30%,-25%,None,2,110,29.1%,0.2,-59039.4,-536.7,59293.4
2.2x,+50%,-15%,None,2,87,13.8%,0.09,-59354.4,-682.2,58982.0
2.2x,+60%,-15%,None,2,87,13.8%,0.09,-59354.4,-682.2,58982.0
1.2x,+30%,-25%,EMA50,3,117,30.8%,0.23,-59458.4,-508.2,59431.1
1.5x,+30%,-15%,EMA50,3,120,25.0%,0.17,-59472.6,-495.6,59587.7
2.2x,+50%,-15%,None,3,95,16.8%,0.12,-59475.8,-626.1,58657.3
2.6x,+80%,-30%,None,3,71,14.1%,0.05,-59565.4,-838.9,58540.1
1.2x,+30%,-30%,None,2,110,29.1%,0.19,-59615.5,-542.0,59869.5
1.5x,+30%,-20%,EMA50,2,102,22.5%,0.11,-59680.8,-585.1,59653.5
2.2x,+60%,-25%,EMA50,3,85,17.6%,0.11,-59850.2,-704.1,58977.9
2.2x,+50%,-25%,EMA50,3,85,17.6%,0.11,-59850.2,-704.1,58977.9
2.2x,+40%,-30%,None,2,81,19.8%,0.12,-59864.3,-739.1,60734.4
2.2x,+80%,-20%,EMA50,2,83,14.5%,0.07,-59930.2,-722.1,59485.8
2.2x,+60%,-20%,EMA50,3,88,15.9%,0.1,-60254.3,-684.7,59435.9
1.5x,+40%,-15%,EMA50,2,102,19.6%,0.07,-60323.0,-591.4,60295.7
2.2x,+80%,-15%,EMA50,3,91,14.3%,0.08,-60373.7,-663.4,59555.2
1.2x,+80%,-25%,EMA50,2,100,27.0%,0.1,-60403.4,-604.0,60376.0
1.2x,+50%,-25%,EMA50,2,100,27.0%,0.1,-60403.4,-604.0,60376.0
1.2x,+60%,-25%,EMA50,2,100,27.0%,0.1,-60403.4,-604.0,60376.0
2.2x,+60%,-30%,None,2,81,18.5%,0.11,-60660.1,-748.9,59753.0
2.2x,+50%,-30%,None,2,81,18.5%,0.11,-60660.1,-748.9,59753.0
2.2x,+50%,-20%,None,2,86,15.1%,0.09,-60694.1,-705.7,60249.7
2.2x,+60%,-20%,None,2,86,15.1%,0.09,-60694.1,-705.7,60249.7
2.2x,+60%,-15%,None,3,95,15.8%,0.11,-61060.1,-642.7,60241.7
1.8x,+30%,-20%,None,2,100,22.0%,0.15,-61075.6,-610.8,61104.4
1.8x,+30%,-20%,EMA50,3,105,23.8%,0.16,-61312.8,-583.9,61341.6
2.2x,+80%,-15%,None,2,87,12.6%,0.07,-61457.4,-706.4,61085.0
2.2x,+50%,-20%,None,3,91,16.5%,0.11,-61536.9,-676.2,60718.4
1.8x,+40%,-15%,EMA50,2,95,18.9%,0.08,-61564.8,-648.1,61700.8
2.2x,+50%,-25%,None,2,85,16.5%,0.1,-61601.9,-724.7,60729.7
2.2x,+60%,-25%,None,2,85,16.5%,0.1,-61601.9,-724.7,60729.7
1.5x,+50%,-15%,EMA50,2,102,18.6%,0.05,-61675.7,-604.7,61648.4
2.2x,+80%,-30%,EMA50,2,78,16.7%,0.08,-61710.6,-791.2,60803.6
2.2x,+60%,-30%,None,3,84,19.0%,0.12,-61775.2,-735.4,60868.2
2.2x,+50%,-30%,None,3,84,19.0%,0.12,-61775.2,-735.4,60868.2
1.8x,+30%,-15%,None,3,114,23.7%,0.17,-61849.3,-542.5,61985.3
1.5x,+30%,-15%,None,2,107,22.4%,0.12,-61856.8,-578.1,61829.4
1.2x,+30%,-30%,EMA50,3,117,30.8%,0.22,-61895.2,-529.0,61867.9
1.5x,+30%,-25%,EMA50,2,101,24.8%,0.12,-62360.1,-617.4,62332.8
2.2x,+80%,-20%,EMA50,3,88,14.8%,0.08,-62368.3,-708.7,61549.9
1.2x,+60%,-30%,EMA50,2,100,27.0%,0.1,-62404.0,-624.0,62376.7
1.2x,+80%,-30%,EMA50,2,100,27.0%,0.1,-62404.0,-624.0,62376.7
1.2x,+50%,-30%,EMA50,2,100,27.0%,0.1,-62404.0,-624.0,62376.7
1.5x,+30%,-30%,EMA50,2,99,25.3%,0.12,-62489.7,-631.2,62462.4
2.2x,+80%,-25%,EMA50,2,82,14.6%,0.07,-62652.5,-764.1,61780.2
2.2x,+50%,-25%,None,3,88,17.0%,0.11,-62717.1,-712.7,61844.8
2.2x,+60%,-25%,None,3,88,17.0%,0.11,-62717.1,-712.7,61844.8
2.2x,+80%,-20%,None,2,86,14.0%,0.07,-62797.1,-730.2,62352.7
1.5x,+30%,-20%,EMA50,3,119,25.2%,0.16,-62827.4,-528.0,62942.5
2.2x,+80%,-30%,EMA50,3,81,17.3%,0.08,-62836.8,-775.8,61929.7
1.8x,+60%,-15%,EMA50,2,95,17.9%,0.06,-63007.4,-663.2,63143.4
1.8x,+50%,-15%,EMA50,2,95,17.9%,0.06,-63007.4,-663.2,63143.4
1.8x,+80%,-15%,EMA50,2,95,17.9%,0.06,-63007.4,-663.2,63143.4
1.5x,+60%,-15%,EMA50,2,102,17.6%,0.03,-63118.3,-618.8,63091.0
1.5x,+80%,-15%,EMA50,2,102,17.6%,0.03,-63118.3,-618.8,63091.0
2.2x,+60%,-20%,None,3,91,15.4%,0.09,-63121.2,-693.6,62302.8
1.8x,+40%,-15%,EMA50,3,107,21.5%,0.12,-63411.4,-592.6,63547.4
1.2x,+40%,-20%,None,2,111,26.1%,0.13,-63693.7,-573.8,63947.7
2.2x,+80%,-25%,EMA50,3,85,15.3%,0.08,-63778.6,-750.3,62906.4
1.8x,+40%,-20%,EMA50,2,94,19.1%,0.09,-63952.3,-680.3,63981.2
2.2x,+80%,-15%,None,3,95,13.7%,0.08,-64107.0,-674.8,63288.5
1.8x,+30%,-25%,EMA50,2,94,23.4%,0.13,-64195.0,-682.9,64223.9
2.2x,+80%,-30%,None,2,81,16.0%,0.08,-64577.6,-797.3,63670.5
1.8x,+30%,-20%,None,3,111,23.4%,0.16,-64730.6,-583.2,64759.5
1.5x,+40%,-15%,EMA50,3,120,22.5%,0.12,-64732.1,-539.4,64847.2
1.5x,+40%,-20%,EMA50,2,102,19.6%,0.06,-64739.0,-634.7,64711.6
1.2x,+40%,-15%,None,2,111,25.2%,0.12,-64939.0,-585.0,65193.0
1.8x,+30%,-25%,EMA50,3,100,25.0%,0.15,-64970.4,-649.7,64999.2
1.5x,+30%,-25%,EMA50,3,113,26.5%,0.16,-65105.2,-576.2,65220.3
2.2x,+80%,-20%,None,3,91,14.3%,0.07,-65235.2,-716.9,64416.8
1.8x,+40%,-15%,None,2,100,18.0%,0.07,-65253.9,-652.5,65389.9
1.8x,+60%,-20%,EMA50,2,94,18.1%,0.07,-65394.9,-695.7,65423.7
1.8x,+50%,-20%,EMA50,2,94,18.1%,0.07,-65394.9,-695.7,65423.7
1.8x,+80%,-20%,EMA50,2,94,18.1%,0.07,-65394.9,-695.7,65423.7
2.2x,+80%,-25%,None,2,85,14.1%,0.07,-65519.4,-770.8,64647.2
2.2x,+80%,-30%,None,3,84,16.7%,0.08,-65703.7,-782.2,64796.7
1.2x,+40%,-20%,EMA50,3,120,27.5%,0.14,-65734.5,-547.8,65707.2
1.2x,+40%,-15%,EMA50,3,121,24.8%,0.13,-65872.7,-544.4,65845.4
1.2x,+40%,-25%,None,2,110,26.4%,0.12,-65895.1,-599.0,66149.1
1.8x,+50%,-15%,EMA50,3,106,19.8%,0.09,-65896.0,-621.7,66032.0
1.8x,+60%,-15%,EMA50,3,106,19.8%,0.09,-65896.0,-621.7,66032.0
1.5x,+50%,-20%,EMA50,2,102,18.6%,0.04,-66091.7,-648.0,66064.3
1.5x,+30%,-20%,None,2,107,22.4%,0.11,-66182.2,-618.5,66154.8
1.5x,+30%,-15%,None,3,127,24.4%,0.16,-66372.1,-522.6,66487.2
1.2x,+40%,-30%,None,2,110,26.4%,0.12,-66471.2,-604.3,66725.2
1.5x,+50%,-15%,EMA50,3,120,21.7%,0.1,-66512.4,-554.3,66627.5
1.5x,+30%,-30%,EMA50,3,110,26.4%,0.14,-66591.1,-605.4,66706.2
2.2x,+80%,-25%,None,3,88,14.8%,0.07,-66645.6,-757.3,65773.3
1.8x,+80%,-15%,None,2,100,17.0%,0.06,-66696.5,-667.0,66832.5
1.8x,+50%,-15%,None,2,100,17.0%,0.06,-66696.5,-667.0,66832.5
1.8x,+60%,-15%,None,2,100,17.0%,0.06,-66696.5,-667.0,66832.5
1.2x,+60%,-20%,None,2,111,24.3%,0.09,-66741.5,-601.3,66995.5
1.2x,+80%,-20%,None,2,111,24.3%,0.09,-66741.5,-601.3,66995.5
1.2x,+50%,-20%,None,2,111,24.3%,0.09,-66741.5,-601.3,66995.5
1.8x,+30%,-25%,None,2,99,23.2%,0.14,-66790.1,-674.6,66819.0
1.8x,+40%,-20%,EMA50,3,104,21.2%,0.11,-66820.4,-642.5,66849.3
1.5x,+30%,-30%,None,2,103,25.2%,0.13,-67003.0,-650.5,66975.7
1.5x,+40%,-25%,EMA50,2,101,21.8%,0.08,-67052.0,-663.9,67024.7
1.8x,+30%,-30%,EMA50,3,96,24.0%,0.13,-67185.3,-699.8,67214.1
1.8x,+30%,-30%,EMA50,2,91,22.0%,0.1,-67508.9,-741.9,67537.8
1.5x,+80%,-20%,EMA50,2,102,17.6%,0.03,-67534.3,-662.1,67506.9
1.5x,+60%,-20%,EMA50,2,102,17.6%,0.03,-67534.3,-662.1,67506.9
1.8x,+80%,-15%,EMA50,3,106,18.9%,0.08,-67547.7,-637.2,67683.7
1.8x,+40%,-20%,None,2,99,18.2%,0.08,-67641.4,-683.2,67670.3
1.5x,+40%,-20%,EMA50,3,119,22.7%,0.12,-67660.5,-568.6,67775.6
1.5x,+40%,-30%,EMA50,2,99,22.2%,0.08,-67787.2,-684.7,67759.9
1.2x,+80%,-15%,None,2,111,23.4%,0.09,-67792.3,-610.7,68046.3
1.2x,+50%,-15%,None,2,111,23.4%,0.09,-67792.3,-610.7,68046.3
1.2x,+60%,-15%,None,2,111,23.4%,0.09,-67792.3,-610.7,68046.3
1.5x,+30%,-25%,None,2,106,24.5%,0.12,-67916.7,-640.7,67889.4
1.8x,+40%,-15%,None,3,113,20.4%,0.11,-67923.2,-601.1,68059.2
1.5x,+40%,-15%,None,2,107,18.7%,0.06,-68016.7,-635.7,67989.4
1.8x,+40%,-30%,EMA50,3,95,23.2%,0.11,-68235.9,-718.3,68264.8
1.2x,+50%,-15%,EMA50,3,121,23.1%,0.1,-68237.7,-563.9,68210.4
1.2x,+60%,-15%,EMA50,3,121,23.1%,0.1,-68237.7,-563.9,68210.4
1.2x,+50%,-20%,EMA50,3,120,25.8%,0.11,-68294.1,-569.1,68266.8
1.2x,+60%,-20%,EMA50,3,120,25.8%,0.11,-68294.1,-569.1,68266.8
1.8x,+30%,-25%,None,3,106,24.5%,0.16,-68388.2,-645.2,68417.1
1.5x,+50%,-25%,EMA50,2,101,20.8%,0.06,-68404.7,-677.3,68377.4
1.8x,+40%,-30%,EMA50,2,90,21.1%,0.08,-68559.6,-761.8,68588.4
1.5x,+50%,-20%,EMA50,3,119,22.7%,0.1,-68687.0,-577.2,68802.1
1.2x,+40%,-25%,EMA50,3,116,27.6%,0.14,-68751.0,-592.7,68723.6
1.2x,+80%,-15%,EMA50,3,121,23.1%,0.09,-68982.0,-570.1,68954.7
1.2x,+80%,-20%,EMA50,3,120,25.8%,0.1,-69038.4,-575.3,69011.0
1.8x,+80%,-20%,None,2,99,17.2%,0.07,-69084.0,-697.8,69112.8
1.8x,+60%,-20%,None,2,99,17.2%,0.07,-69084.0,-697.8,69112.8
1.8x,+50%,-20%,None,2,99,17.2%,0.07,-69084.0,-697.8,69112.8
1.5x,+50%,-30%,EMA50,2,99,21.2%,0.06,-69139.9,-698.4,69112.6
1.5x,+60%,-15%,EMA50,3,120,20.0%,0.07,-69244.7,-577.0,69359.8
1.5x,+40%,-25%,EMA50,3,112,24.1%,0.11,-69271.7,-618.5,69386.8
1.8x,+50%,-20%,EMA50,3,103,19.4%,0.09,-69305.0,-672.9,69333.9
1.8x,+60%,-20%,EMA50,3,103,19.4%,0.09,-69305.0,-672.9,69333.9
1.5x,+50%,-15%,None,2,107,17.8%,0.04,-69369.4,-648.3,69342.1
1.2x,+60%,-25%,None,2,110,24.5%,0.09,-69389.3,-630.8,69643.3
1.2x,+50%,-25%,None,2,110,24.5%,0.09,-69389.3,-630.8,69643.3
1.2x,+80%,-25%,None,2,110,24.5%,0.09,-69389.3,-630.8,69643.3
1.5x,+30%,-20%,None,3,126,24.6%,0.16,-69628.5,-552.6,69743.6
1.8x,+40%,-25%,EMA50,2,93,20.4%,0.08,-69666.9,-749.1,69695.7
1.5x,+60%,-25%,EMA50,2,101,19.8%,0.05,-69892.6,-692.0,69865.3
1.5x,+80%,-25%,EMA50,2,101,19.8%,0.05,-69892.6,-692.0,69865.3
1.2x,+60%,-30%,None,2,110,24.5%,0.09,-69965.5,-636.0,70219.5
1.2x,+80%,-30%,None,2,110,24.5%,0.09,-69965.5,-636.0,70219.5
1.2x,+50%,-30%,None,2,110,24.5%,0.09,-69965.5,-636.0,70219.5
1.8x,+30%,-30%,None,2,96,21.9%,0.11,-70104.0,-730.2,70132.9
1.8x,+60%,-30%,EMA50,2,90,20.0%,0.07,-70191.9,-779.9,70220.8
1.8x,+80%,-30%,EMA50,2,90,20.0%,0.07,-70191.9,-779.9,70220.8
1.8x,+50%,-30%,EMA50,2,90,20.0%,0.07,-70191.9,-779.9,70220.8
1.5x,+50%,-25%,EMA50,3,112,24.1%,0.1,-70298.3,-627.7,70413.4
1.8x,+60%,-15%,None,3,112,18.8%,0.09,-70407.8,-628.6,70543.8
1.8x,+50%,-15%,None,3,112,18.8%,0.09,-70407.8,-628.6,70543.8
1.8x,+40%,-25%,EMA50,3,99,22.2%,0.11,-70550.5,-712.6,70579.3
1.8x,+30%,-30%,None,3,102,23.5%,0.13,-70603.1,-692.2,70632.0
1.5x,+60%,-30%,EMA50,2,99,20.2%,0.05,-70772.3,-714.9,70745.0
1.5x,+80%,-30%,EMA50,2,99,20.2%,0.05,-70772.3,-714.9,70745.0
1.5x,+60%,-15%,None,2,107,16.8%,0.03,-70812.0,-661.8,70784.7
1.5x,+80%,-15%,None,2,107,16.8%,0.03,-70812.0,-661.8,70784.7
1.5x,+80%,-15%,EMA50,3,120,19.2%,0.06,-70896.5,-590.8,71011.6
1.8x,+50%,-30%,EMA50,3,94,21.3%,0.08,-70910.3,-754.4,70939.2
1.8x,+60%,-30%,EMA50,3,94,21.3%,0.08,-70910.3,-754.4,70939.2
1.8x,+80%,-20%,EMA50,3,103,18.4%,0.07,-70956.8,-688.9,70985.6
1.5x,+40%,-30%,EMA50,3,109,23.9%,0.1,-71100.2,-652.3,71215.3
1.8x,+80%,-25%,EMA50,2,93,19.4%,0.07,-71109.5,-764.6,71138.3
1.8x,+50%,-25%,EMA50,2,93,19.4%,0.07,-71109.5,-764.6,71138.3
1.8x,+60%,-25%,EMA50,2,93,19.4%,0.07,-71109.5,-764.6,71138.3
1.5x,+50%,-30%,EMA50,3,109,23.9%,0.09,-71328.6,-654.4,71443.7
1.8x,+40%,-20%,None,3,110,20.0%,0.11,-71332.2,-648.5,71361.1
1.5x,+60%,-20%,EMA50,3,119,21.0%,0.08,-71472.1,-600.6,71587.2
1.2x,+40%,-30%,EMA50,3,116,27.6%,0.14,-71530.3,-616.6,71503.0
1.2x,+60%,-25%,EMA50,3,116,25.9%,0.11,-71829.6,-619.2,71802.3
1.2x,+50%,-25%,EMA50,3,116,25.9%,0.11,-71829.6,-619.2,71802.3
1.8x,+80%,-15%,None,3,112,17.9%,0.07,-72059.6,-643.4,72195.5
1.8x,+40%,-30%,None,2,95,20.0%,0.08,-72248.7,-760.5,72277.5
1.5x,+40%,-20%,None,2,107,18.7%,0.05,-72334.3,-676.0,72306.9
1.2x,+30%,-20%,None,3,138,27.5%,0.2,-72378.6,-524.5,72608.3
1.8x,+80%,-30%,EMA50,3,94,20.2%,0.07,-72562.0,-771.9,72590.9
1.5x,+40%,-15%,None,3,127,21.3%,0.11,-72725.6,-572.6,72840.7
1.8x,+40%,-30%,None,3,101,21.8%,0.1,-72747.7,-720.3,72776.6
1.5x,+30%,-25%,None,3,121,25.6%,0.15,-72855.5,-602.1,72970.7
1.2x,+30%,-15%,None,3,139,25.2%,0.19,-72901.1,-524.5,73130.8
1.8x,+50%,-25%,EMA50,3,98,20.4%,0.08,-73035.1,-745.3,73063.9
1.8x,+60%,-25%,EMA50,3,98,20.4%,0.08,-73035.1,-745.3,73063.9
1.5x,+80%,-20%,EMA50,3,119,20.2%,0.06,-73123.9,-614.5,73239.0
1.5x,+30%,-30%,None,3,117,25.6%,0.14,-73298.2,-626.5,73413.3
1.8x,+40%,-25%,None,2,98,19.4%,0.08,-73356.0,-748.5,73384.8
1.5x,+40%,-30%,None,2,103,21.4%,0.07,-73394.5,-712.6,73367.2
1.5x,+60%,-25%,EMA50,3,112,22.3%,0.07,-73563.5,-656.8,73678.6
1.5x,+50%,-20%,None,2,107,17.8%,0.04,-73687.0,-688.7,73659.6
1.5x,+40%,-25%,None,2,106,20.8%,0.07,-73702.6,-695.3,73675.2
1.8x,+50%,-20%,None,3,109,18.3%,0.08,-73816.8,-677.2,73845.7
1.8x,+60%,-20%,None,3,109,18.3%,0.08,-73816.8,-677.2,73845.7
1.8x,+80%,-30%,None,2,95,18.9%,0.07,-73881.0,-777.7,73909.9
1.8x,+50%,-30%,None,2,95,18.9%,0.07,-73881.0,-777.7,73909.9
1.8x,+60%,-30%,None,2,95,18.9%,0.07,-73881.0,-777.7,73909.9
1.2x,+50%,-30%,EMA50,3,115,26.1%,0.11,-74113.2,-644.5,74085.9
1.2x,+60%,-30%,EMA50,3,115,26.1%,0.11,-74113.2,-644.5,74085.9
1.2x,+80%,-25%,EMA50,3,116,25.0%,0.09,-74191.6,-639.6,74164.3
1.2x,+30%,-25%,None,3,132,27.3%,0.19,-74297.1,-562.9,74526.9
1.5x,+50%,-15%,None,3,127,20.5%,0.09,-74505.8,-586.7,74620.9
1.8x,+80%,-25%,EMA50,3,98,19.4%,0.07,-74686.8,-762.1,74715.6
1.5x,+60%,-30%,EMA50,3,109,22.0%,0.07,-74738.3,-685.7,74853.4
1.5x,+50%,-30%,None,2,103,20.4%,0.05,-74747.2,-725.7,74719.9
1.8x,+50%,-25%,None,2,98,18.4%,0.07,-74798.6,-763.3,74827.4
1.8x,+60%,-25%,None,2,98,18.4%,0.07,-74798.6,-763.3,74827.4
1.8x,+80%,-25%,None,2,98,18.4%,0.07,-74798.6,-763.3,74827.4
1.5x,+50%,-25%,None,2,106,19.8%,0.05,-75055.3,-708.1,75027.9
1.8x,+40%,-25%,None,3,105,21.0%,0.1,-75062.3,-714.9,75091.1
1.5x,+60%,-20%,None,2,107,16.8%,0.03,-75129.6,-702.1,75102.2
1.5x,+80%,-20%,None,2,107,16.8%,0.03,-75129.6,-702.1,75102.2
1.5x,+80%,-25%,EMA50,3,112,21.4%,0.06,-75215.2,-671.6,75330.3
1.8x,+50%,-30%,None,3,100,20.0%,0.08,-75422.1,-754.2,75451.0
1.8x,+60%,-30%,None,3,100,20.0%,0.08,-75422.1,-754.2,75451.0
1.8x,+80%,-20%,None,3,109,17.4%,0.07,-75468.6,-692.4,75497.4
1.5x,+40%,-20%,None,3,126,21.4%,0.1,-75555.5,-599.6,75670.6
1.5x,+80%,-30%,None,2,103,19.4%,0.04,-76379.6,-741.5,76352.3
1.5x,+60%,-30%,None,2,103,19.4%,0.04,-76379.6,-741.5,76352.3
1.5x,+80%,-30%,EMA50,3,109,21.1%,0.06,-76390.0,-700.8,76505.1
1.5x,+60%,-25%,None,2,106,18.9%,0.04,-76543.1,-722.1,76515.8
1.5x,+80%,-25%,None,2,106,18.9%,0.04,-76543.1,-722.1,76515.8
1.2x,+80%,-30%,EMA50,3,115,25.2%,0.09,-76578.6,-665.9,76551.3
1.5x,+50%,-20%,None,3,126,21.4%,0.09,-76582.1,-607.8,76697.2
1.2x,+30%,-30%,None,3,132,27.3%,0.19,-76689.0,-581.0,76918.7
1.8x,+80%,-30%,None,3,100,19.0%,0.07,-77073.8,-770.7,77102.7
1.5x,+60%,-15%,None,3,127,18.9%,0.07,-77238.2,-608.2,77353.3
1.8x,+60%,-25%,None,3,104,19.2%,0.08,-77546.9,-745.6,77575.7
1.8x,+50%,-25%,None,3,104,19.2%,0.08,-77546.9,-745.6,77575.7
1.5x,+40%,-25%,None,3,120,22.5%,0.1,-78116.0,-651.0,78231.1
1.5x,+80%,-15%,None,3,127,18.1%,0.05,-78889.9,-621.2,79005.0
1.5x,+40%,-30%,None,3,116,22.4%,0.09,-78901.2,-680.2,79016.4
1.5x,+50%,-30%,None,3,116,22.4%,0.09,-79129.7,-682.2,79244.8
1.5x,+50%,-25%,None,3,120,22.5%,0.09,-79142.6,-659.5,79257.7
1.8x,+80%,-25%,None,3,104,18.3%,0.07,-79198.6,-761.5,79227.5
1.5x,+60%,-20%,None,3,126,19.8%,0.07,-79367.2,-629.9,79482.3
1.5x,+80%,-20%,None,3,126,19.0%,0.06,-81018.9,-643.0,81134.0
1.2x,+40%,-20%,None,3,136,24.3%,0.11,-81316.8,-597.9,81546.5
1.2x,+40%,-15%,None,3,137,21.9%,0.1,-81736.0,-596.6,81965.8
1.2x,+60%,-20%,None,3,136,23.5%,0.1,-82041.1,-603.2,82270.9
1.2x,+50%,-20%,None,3,136,23.5%,0.1,-82041.1,-603.2,82270.9
1.2x,+60%,-15%,None,3,137,21.2%,0.09,-82265.8,-600.5,82495.6
1.2x,+50%,-15%,None,3,137,21.2%,0.09,-82265.8,-600.5,82495.6
1.5x,+60%,-25%,None,3,120,20.8%,0.07,-82407.8,-686.7,82522.9
1.5x,+60%,-30%,None,3,116,20.7%,0.06,-82539.4,-711.5,82654.5
1.2x,+80%,-20%,None,3,136,23.5%,0.09,-82785.4,-608.7,83015.2
1.2x,+40%,-25%,None,3,130,23.8%,0.11,-82939.4,-638.0,83169.2
1.2x,+80%,-15%,None,3,137,21.2%,0.08,-83010.1,-605.9,83239.9
1.5x,+80%,-25%,None,3,120,20.0%,0.05,-84059.5,-700.5,84174.6
1.2x,+60%,-25%,None,3,130,23.1%,0.1,-84110.2,-647.0,84340.0
1.2x,+50%,-25%,None,3,130,23.1%,0.1,-84110.2,-647.0,84340.0
1.5x,+80%,-30%,None,3,116,19.8%,0.05,-84191.1,-725.8,84306.2
1.2x,+40%,-30%,None,3,130,23.8%,0.11,-85567.9,-658.2,85797.6
1.2x,+80%,-25%,None,3,130,22.3%,0.08,-86472.2,-665.2,86702.0
1.2x,+60%,-30%,None,3,130,23.1%,0.1,-86738.6,-667.2,86968.4
1.2x,+50%,-30%,None,3,130,23.1%,0.1,-86738.6,-667.2,86968.4
1.2x,+80%,-30%,None,3,130,22.3%,0.08,-89204.0,-686.2,89433.8
