date,strategy,strikes,entry_time,exit_time,ce_entry,ce_exit,ce_pnl,pe_entry,pe_exit,pe_pnl,gross_pnl,friction,net_pnl
2026-08-25,Decoupled Asymmetric Strangle,57600CE / 57600PE,10:51:00,11:36:00,171.95,140.97,-929.41,180.78,273.4,2778.45,1849.04,80.0,1769.04
2026-08-26,Decoupled Asymmetric Strangle,57900CE / 57900PE,10:29:00,10:54:00,148.65,122.97,-770.41,113.35,95.68,-529.94,-1300.35,80.0,-1380.35
2026-08-27,Decoupled Asymmetric Strangle,57800CE / 57800PE,13:12:00,13:57:00,495.98,416.35,-2388.95,454.71,543.57,2665.82,276.87,80.0,196.87
2026-08-28,Decoupled Asymmetric Strangle,57500CE / 57500PE,10:15:00,11:00:00,493.17,490.26,-87.25,407.38,399.49,-236.58,-323.83,80.0,-403.83
2026-09-01,Decoupled Asymmetric Strangle,57600CE / 57600PE,11:08:00,11:53:00,164.02,177.83,414.51,177.9,142.35,-1066.53,-652.02,80.0,-732.02
2026-09-02,Decoupled Asymmetric Strangle,57200CE / 57200PE,10:21:00,11:06:00,132.25,112.15,-603.0,128.43,226.48,2941.49,2338.49,80.0,2258.49
2026-09-03,Decoupled Asymmetric Strangle,57500CE / 57500PE,11:09:00,11:54:00,514.46,574.19,1791.84,460.18,390.62,-2086.91,-295.07,80.0,-375.07
2026-09-08,Decoupled Asymmetric Strangle,57000CE / 57000PE,10:14:00,10:59:00,184.02,151.57,-973.31,187.41,205.03,528.72,-444.59,80.0,-524.59
2026-09-10,Decoupled Asymmetric Strangle,56400CE / 56400PE,10:15:00,11:00:00,535.99,525.61,-311.4,434.81,434.53,-8.51,-319.91,80.0,-399.91
2026-09-11,Decoupled Asymmetric Strangle,55900CE / 55900PE,09:56:00,10:41:00,471.24,531.94,1821.21,407.58,345.34,-1867.32,-46.11,80.0,-126.11
2026-09-11,Decoupled Asymmetric Strangle,56300CE / 56300PE,13:29:00,14:14:00,457.1,573.36,3487.91,376.34,309.53,-2004.41,1483.49,80.0,1403.49
2026-09-15,Decoupled Asymmetric Strangle,56400CE / 56400PE,10:12:00,10:57:00,166.99,134.57,-972.68,202.67,309.73,3211.84,2239.15,80.0,2159.15
2026-09-16,Decoupled Asymmetric Strangle,55900CE / 55900PE,09:50:00,10:35:00,153.01,321.57,5056.76,115.91,92.21,-710.71,4346.05,80.0,4266.05
2026-09-16,Decoupled Asymmetric Strangle,56200CE / 56200PE,11:07:00,11:52:00,129.95,109.54,-612.3,107.07,128.18,633.25,20.95,80.0,-59.05
2026-09-16,Decoupled Asymmetric Strangle,56300CE / 56300PE,13:08:00,13:29:00,113.5,85.88,-828.8,64.81,136.43,2148.71,1319.92,80.0,1239.92
2026-09-17,Decoupled Asymmetric Strangle,56100CE / 56100PE,13:27:00,14:12:00,496.68,498.71,60.85,424.14,412.61,-345.96,-285.1,80.0,-365.1
2026-09-23,Decoupled Asymmetric Strangle,56400CE / 56400PE,09:57:00,10:42:00,148.06,194.81,1402.45,119.76,92.23,-825.85,576.6,80.0,496.6
2026-09-24,Decoupled Asymmetric Strangle,55500CE / 55500PE,13:26:00,14:11:00,509.43,430.0,-2383.04,404.12,460.3,1685.44,-697.6,80.0,-777.6
2026-09-25,Decoupled Asymmetric Strangle,55600CE / 55600PE,10:08:00,10:53:00,467.32,402.85,-1933.95,403.94,456.3,1570.91,-363.04,80.0,-443.04
2026-09-28,Decoupled Asymmetric Strangle,54600CE / 54600PE,10:06:00,10:51:00,293.45,248.4,-1351.63,237.74,271.62,1016.6,-335.03,80.0,-415.03
