date,strategy,strikes,entry_time,exit_time,entry_cost,exit_cost,gross_pnl,friction,net_pnl,exit_reason
2026-08-26,Hedged Strangle,58000CE / 58000PE,09:30:00,11:12:00,287.23,243.86,-1301.17,80.0,-1381.17,Stop Loss
2026-09-01,Hedged Strangle,57400CE / 57400PE,09:30:00,11:30:00,401.2,448.85,1429.45,80.0,1349.45,Time Expiry
2026-09-02,Hedged Strangle,57000CE / 57000PE,09:30:00,11:14:00,280.41,238.21,-1265.96,80.0,-1345.96,Stop Loss
2026-09-08,Hedged Strangle,56900CE / 56900PE,09:30:00,11:10:00,396.72,336.67,-1801.44,80.0,-1881.44,Stop Loss
2026-09-09,Hedged Strangle,56500CE / 56500PE,09:30:00,11:23:00,278.15,235.3,-1285.38,80.0,-1365.38,Stop Loss
2026-09-15,Hedged Strangle,56500CE / 56500PE,09:30:00,11:30:00,394.19,453.46,1778.15,80.0,1698.15,Time Expiry
2026-09-16,Hedged Strangle,55900CE / 55900PE,09:30:00,11:02:00,275.92,416.82,4227.02,80.0,4147.02,Target Hit
2026-09-22,Hedged Strangle,56700CE / 56700PE,09:30:00,11:30:00,395.17,443.26,1442.55,80.0,1362.55,Time Expiry
2026-09-23,Hedged Strangle,56400CE / 56400PE,09:30:00,11:30:00,277.5,265.56,-358.34,80.0,-438.34,Time Expiry
