date,strategy,type,strike,entry_time,exit_time,entry_price,exit_price,net_pnl,exit_reason
2026-07-01,Gamma Squeeze Momentum,CE,57900,11:45:00,14:15:00,127.87,99.52,-895.55,Stop Loss
2026-07-02,Gamma Squeeze Momentum,PE,58000,11:35:00,12:20:00,475.83,397.56,-2392.88,Stop Loss
2026-07-03,Gamma Squeeze Momentum,PE,57900,13:00:00,15:15:00,410.07,372.11,-1183.56,EOD Exit
2026-07-06,Gamma Squeeze Momentum,CE,58500,12:10:00,12:45:00,242.65,198.43,-1371.65,Stop Loss
2026-07-08,Gamma Squeeze Momentum,PE,57600,13:45:00,13:50:00,73.57,207.47,3971.8,TP Target
2026-07-10,Gamma Squeeze Momentum,CE,58100,13:00:00,15:15:00,465.41,405.89,-1830.5,EOD Exit
2026-07-13,Gamma Squeeze Momentum,CE,58100,14:10:00,15:15:00,230.54,207.81,-727.08,EOD Exit
2026-07-14,Gamma Squeeze Momentum,PE,57300,13:35:00,13:45:00,92.45,64.96,-869.63,Stop Loss
2026-07-15,Gamma Squeeze Momentum,PE,57800,11:40:00,11:45:00,92.84,71.29,-691.62,Stop Loss
2026-07-16,Gamma Squeeze Momentum,PE,57500,13:30:00,15:15:00,438.23,393.54,-1385.66,EOD Exit
2026-07-17,Gamma Squeeze Momentum,CE,58200,10:30:00,12:50:00,467.5,395.84,-2194.6,Stop Loss
2026-07-20,Gamma Squeeze Momentum,CE,57900,13:45:00,15:15:00,241.76,242.41,-25.65,EOD Exit
2026-07-22,Gamma Squeeze Momentum,PE,57100,12:00:00,12:35:00,93.81,167.13,2154.8,TP Target
2026-07-23,Gamma Squeeze Momentum,PE,56600,11:45:00,15:15:00,430.64,434.73,77.73,EOD Exit
2026-07-24,Gamma Squeeze Momentum,CE,56400,12:00:00,14:00:00,446.03,679.21,6950.44,TP Target
2026-07-28,Gamma Squeeze Momentum,PE,56800,13:15:00,13:20:00,118.43,99.23,-621.01,Stop Loss
2026-07-29,Gamma Squeeze Momentum,CE,57300,12:05:00,12:20:00,84.94,72.18,-427.86,Stop Loss
2026-07-31,Gamma Squeeze Momentum,CE,57400,13:25:00,14:55:00,431.88,354.27,-2373.29,Stop Loss
2026-08-04,Gamma Squeeze Momentum,PE,57700,11:20:00,12:55:00,188.15,293.13,3104.33,TP Target
2026-08-05,Gamma Squeeze Momentum,PE,57600,12:15:00,12:20:00,84.41,63.61,-669.03,Stop Loss
2026-08-07,Gamma Squeeze Momentum,PE,57700,12:10:00,13:45:00,398.55,311.35,-2661.18,Stop Loss
2026-08-11,Gamma Squeeze Momentum,CE,57400,13:30:00,13:35:00,138.2,101.58,-1143.68,Stop Loss
2026-08-17,Gamma Squeeze Momentum,CE,57400,12:30:00,13:00:00,234.39,377.95,4261.7,TP Target
2026-08-24,Gamma Squeeze Momentum,PE,57600,10:50:00,11:30:00,261.58,396.74,4010.01,TP Target
2026-08-25,Gamma Squeeze Momentum,PE,57300,13:10:00,13:40:00,122.19,100.83,-685.69,Stop Loss
2026-08-27,Gamma Squeeze Momentum,PE,57600,12:15:00,13:10:00,439.94,363.5,-2338.28,Stop Loss
2026-08-28,Gamma Squeeze Momentum,PE,57300,13:00:00,14:20:00,385.64,327.67,-1784.15,Stop Loss
2026-09-01,Gamma Squeeze Momentum,CE,57600,11:10:00,12:15:00,200.01,167.15,-1030.76,Stop Loss
2026-09-04,Gamma Squeeze Momentum,CE,57600,11:15:00,14:15:00,455.89,399.58,-1734.3,Mean Reversion
2026-09-08,Gamma Squeeze Momentum,PE,56800,13:00:00,13:55:00,141.59,120.04,-691.55,Stop Loss
2026-09-09,Gamma Squeeze Momentum,CE,56700,12:40:00,12:50:00,101.93,84.33,-573.19,Stop Loss
2026-09-10,Gamma Squeeze Momentum,PE,56300,14:15:00,15:25:00,423.18,343.97,-2421.4,Stop Loss
2026-09-11,Gamma Squeeze Momentum,CE,56200,11:10:00,15:25:00,459.35,665.34,6134.81,EOD Exit
2026-09-15,Gamma Squeeze Momentum,PE,56200,10:45:00,11:00:00,181.46,152.9,-901.78,Stop Loss
2026-09-16,Gamma Squeeze Momentum,CE,56300,11:00:00,11:05:00,119.02,91.9,-858.78,Stop Loss
2026-09-17,Gamma Squeeze Momentum,PE,56100,11:00:00,12:05:00,428.73,332.66,-2927.03,Stop Loss
2026-09-18,Gamma Squeeze Momentum,CE,56400,13:00:00,15:25:00,434.13,401.83,-1013.93,EOD Exit
2026-09-21,Gamma Squeeze Momentum,CE,56600,13:30:00,15:00:00,219.04,176.59,-1318.68,Stop Loss
2026-09-22,Gamma Squeeze Momentum,PE,56400,10:35:00,13:00:00,169.56,273.42,3070.52,TP Target
2026-09-23,Gamma Squeeze Momentum,CE,56600,11:05:00,11:15:00,124.29,93.44,-970.38,Stop Loss
2026-09-24,Gamma Squeeze Momentum,PE,55400,13:50:00,14:35:00,422.73,347.83,-2291.94,Stop Loss
2026-09-28,Gamma Squeeze Momentum,PE,54500,11:10:00,11:35:00,233.05,190.62,-1317.86,Stop Loss
