date,strategy,strikes,entry_time,exit_time,entry_premium,exit_premium,return_pct,gross_pnl,friction,net_pnl
2026-08-26,Hedged Strangle,58200CE / 57800PE,09:30:00,10:15:00,130.44,119.64,-8.3%,-323.71,80.0,-403.71
2026-09-01,Hedged Strangle,57600CE / 57200PE,09:30:00,10:15:00,232.57,208.15,-10.5%,-732.61,80.0,-812.61
2026-09-02,Hedged Strangle,57200CE / 56800PE,09:30:00,10:15:00,124.63,119.79,-3.9%,-145.16,80.0,-225.16
2026-09-08,Hedged Strangle,57100CE / 56700PE,09:30:00,10:15:00,228.43,212.7,-6.9%,-471.91,80.0,-551.91
2026-09-09,Hedged Strangle,56700CE / 56300PE,09:30:00,10:15:00,122.73,108.09,-11.9%,-439.05,80.0,-519.05
2026-09-15,Hedged Strangle,56700CE / 56300PE,09:30:00,10:15:00,226.1,225.4,-0.3%,-21.15,80.0,-101.15
2026-09-16,Hedged Strangle,56100CE / 55700PE,09:30:00,10:15:00,120.85,111.78,-7.5%,-272.26,80.0,-352.26
2026-09-22,Hedged Strangle,56900CE / 56500PE,09:30:00,10:15:00,226.97,210.87,-7.1%,-483.04,80.0,-563.04
2026-09-23,Hedged Strangle,56600CE / 56200PE,09:30:00,10:15:00,122.16,116.0,-5.0%,-184.8,80.0,-264.8
