strategy,entry_time,exit_time,capital,net_pnl,ret_pct,reason
Gamma Squeeze Momentum,2026-07-01 11:20,2026-07-01 12:30,3029.75,2209.42,72.92,GAMMA_TARGET (+70%)
Gamma Squeeze Momentum,2026-07-01 12:35,2026-07-01 12:40,3355.49,-1025.29,-30.56,STOP_LOSS (-25%)
Gamma Squeeze Momentum,2026-07-01 12:45,2026-07-01 14:00,2205.04,-642.47,-29.14,STOP_LOSS (-25%)
Gamma Squeeze Momentum,2026-07-01 14:05,2026-07-01 14:15,2214.02,-901.19,-40.7,STOP_LOSS (-25%)
Gamma Squeeze Momentum,2026-07-02 09:30,2026-07-02 11:35,15750.26,-4038.17,-25.64,STOP_LOSS (-25%)
Gamma Squeeze Momentum,2026-07-02 12:15,2026-07-02 15:15,14709.33,-2222.64,-15.11,EOD_SQUAREOFF
Gamma Squeeze Momentum,2026-07-03 09:30,2026-07-03 13:00,14555.69,-4252.12,-29.21,STOP_LOSS (-25%)
Gamma Squeeze Momentum,2026-07-06 09:30,2026-07-06 15:15,8349.31,-613.74,-7.35,EOD_SQUAREOFF
Gamma Squeeze Momentum,2026-07-07 09:30,2026-07-07 12:15,5733.8,-1898.0,-33.1,STOP_LOSS (-25%)
Gamma Squeeze Momentum,2026-07-07 12:25,2026-07-07 12:35,4344.39,-1294.78,-29.8,STOP_LOSS (-25%)
Gamma Squeeze Momentum,2026-07-09 10:00,2026-07-09 15:15,15422.8,-1708.1,-11.08,EOD_SQUAREOFF
Gamma Squeeze Momentum,2026-07-10 09:30,2026-07-10 15:15,14147.73,793.06,5.61,EOD_SQUAREOFF
Gamma Squeeze Momentum,2026-07-13 10:20,2026-07-13 11:40,7892.21,-2389.08,-30.27,STOP_LOSS (-25%)
Gamma Squeeze Momentum,2026-07-13 12:15,2026-07-13 15:15,6978.59,624.66,8.95,EOD_SQUAREOFF
Gamma Squeeze Momentum,2026-07-15 09:30,2026-07-15 11:10,3653.72,-1002.71,-27.44,STOP_LOSS (-25%)
Gamma Squeeze Momentum,2026-07-15 11:15,2026-07-15 11:35,3129.98,-1115.82,-35.65,STOP_LOSS (-25%)
Gamma Squeeze Momentum,2026-07-15 11:45,2026-07-15 12:10,3203.67,3331.37,103.99,GAMMA_TARGET (+70%)
Gamma Squeeze Momentum,2026-07-15 12:15,2026-07-15 12:35,3731.5,-1107.74,-29.69,STOP_LOSS (-25%)
Gamma Squeeze Momentum,2026-07-15 12:40,2026-07-15 12:50,2711.05,-1263.19,-46.59,STOP_LOSS (-25%)
Gamma Squeeze Momentum,2026-07-16 10:55,2026-07-16 13:15,15048.28,-3884.73,-25.82,STOP_LOSS (-25%)
Gamma Squeeze Momentum,2026-07-17 09:30,2026-07-17 14:55,14099.91,9845.5,69.83,GAMMA_TARGET (+70%)
Gamma Squeeze Momentum,2026-07-20 13:10,2026-07-20 15:15,6988.55,1811.02,25.91,EOD_SQUAREOFF
Gamma Squeeze Momentum,2026-07-21 09:30,2026-07-21 10:00,6733.85,-1879.43,-27.91,STOP_LOSS (-25%)
Gamma Squeeze Momentum,2026-07-21 10:05,2026-07-21 10:35,6025.63,-1896.87,-31.48,STOP_LOSS (-25%)
Gamma Squeeze Momentum,2026-07-21 11:00,2026-07-21 11:35,5886.25,-1570.6,-26.68,STOP_LOSS (-25%)
Gamma Squeeze Momentum,2026-07-21 12:20,2026-07-21 12:55,4587.88,-1413.81,-30.82,STOP_LOSS (-25%)
Gamma Squeeze Momentum,2026-07-21 13:20,2026-07-21 13:55,3872.75,-1269.02,-32.77,STOP_LOSS (-25%)
Gamma Squeeze Momentum,2026-07-21 14:00,2026-07-21 14:10,3204.83,-941.05,-29.36,STOP_LOSS (-25%)
Gamma Squeeze Momentum,2026-07-21 14:15,2026-07-21 14:25,2836.6,-936.42,-33.01,STOP_LOSS (-25%)
Gamma Squeeze Momentum,2026-07-24 11:45,2026-07-24 15:15,13021.37,6390.73,49.08,EOD_SQUAREOFF
Gamma Squeeze Momentum,2026-07-27 09:30,2026-07-27 10:00,8939.06,-2498.48,-27.95,STOP_LOSS (-25%)
Gamma Squeeze Momentum,2026-07-27 10:05,2026-07-27 12:00,7846.96,-2127.55,-27.11,STOP_LOSS (-25%)
Gamma Squeeze Momentum,2026-07-27 12:05,2026-07-27 15:15,7126.51,515.86,7.24,EOD_SQUAREOFF
Gamma Squeeze Momentum,2026-07-28 10:40,2026-07-28 12:15,5268.92,-1803.7,-34.23,STOP_LOSS (-25%)
Gamma Squeeze Momentum,2026-07-28 12:25,2026-07-28 12:40,4000.85,-1150.46,-28.76,STOP_LOSS (-25%)
Gamma Squeeze Momentum,2026-07-29 09:30,2026-07-29 12:05,4243.61,3998.47,94.22,GAMMA_TARGET (+70%)
Gamma Squeeze Momentum,2026-07-29 12:10,2026-07-29 12:25,2470.15,-746.77,-30.23,STOP_LOSS (-25%)
Gamma Squeeze Momentum,2026-07-29 12:30,2026-07-29 13:35,3163.4,-974.51,-30.81,STOP_LOSS (-25%)
Gamma Squeeze Momentum,2026-07-29 13:40,2026-07-29 14:00,1626.73,1314.99,80.84,GAMMA_TARGET (+70%)
Gamma Squeeze Momentum,2026-07-29 14:05,2026-07-29 15:00,2729.33,-1337.26,-49.0,STOP_LOSS (-25%)
Gamma Squeeze Momentum,2026-07-30 12:30,2026-07-30 15:15,15181.6,1070.85,7.05,EOD_SQUAREOFF
Gamma Squeeze Momentum,2026-07-31 09:30,2026-07-31 15:15,13365.8,-1497.02,-11.2,EOD_SQUAREOFF
Gamma Squeeze Momentum,2026-08-03 09:30,2026-08-03 15:15,8765.47,-1200.71,-13.7,EOD_SQUAREOFF
Gamma Squeeze Momentum,2026-08-04 09:30,2026-08-04 11:15,6626.0,-1976.27,-29.83,STOP_LOSS (-25%)
Gamma Squeeze Momentum,2026-08-05 09:30,2026-08-05 09:50,3916.78,-1042.38,-26.61,STOP_LOSS (-25%)
Gamma Squeeze Momentum,2026-08-05 09:55,2026-08-05 10:25,3411.21,-1839.46,-53.92,STOP_LOSS (-25%)
Gamma Squeeze Momentum,2026-08-05 10:30,2026-08-05 10:55,3688.53,2565.07,69.54,GAMMA_TARGET (+70%)
Gamma Squeeze Momentum,2026-08-05 11:00,2026-08-05 11:15,4383.06,-1274.25,-29.07,STOP_LOSS (-25%)
Gamma Squeeze Momentum,2026-08-05 11:20,2026-08-05 11:40,2983.18,-976.97,-32.75,STOP_LOSS (-25%)
Gamma Squeeze Momentum,2026-08-06 09:30,2026-08-06 15:15,14845.11,2866.13,19.31,EOD_SQUAREOFF
Gamma Squeeze Momentum,2026-08-07 10:05,2026-08-07 12:10,14777.11,-3860.59,-26.13,STOP_LOSS (-25%)
Gamma Squeeze Momentum,2026-08-07 13:45,2026-08-07 15:15,13129.21,-1952.77,-14.87,EOD_SQUAREOFF
Gamma Squeeze Momentum,2026-08-10 10:45,2026-08-10 12:45,8969.87,-2435.98,-27.16,STOP_LOSS (-25%)
Gamma Squeeze Momentum,2026-08-11 12:45,2026-08-11 14:20,3384.64,-1070.4,-31.63,STOP_LOSS (-25%)
Gamma Squeeze Momentum,2026-08-12 09:30,2026-08-12 10:00,3748.37,-995.85,-26.57,STOP_LOSS (-25%)
Gamma Squeeze Momentum,2026-08-12 10:05,2026-08-12 11:00,4574.03,-1221.21,-26.7,STOP_LOSS (-25%)
Gamma Squeeze Momentum,2026-08-12 11:05,2026-08-12 11:25,3851.5,-1091.22,-28.33,STOP_LOSS (-25%)
Gamma Squeeze Momentum,2026-08-12 11:30,2026-08-12 12:00,3015.57,-890.46,-29.53,STOP_LOSS (-25%)
Gamma Squeeze Momentum,2026-08-12 12:30,2026-08-12 13:05,3655.38,-1000.93,-27.38,STOP_LOSS (-25%)
Gamma Squeeze Momentum,2026-08-12 13:35,2026-08-12 14:00,2987.43,-1015.05,-33.98,STOP_LOSS (-25%)
Gamma Squeeze Momentum,2026-08-13 09:40,2026-08-13 15:25,15958.44,-1272.09,-7.97,EOD_SQUAREOFF
Gamma Squeeze Momentum,2026-08-14 09:45,2026-08-14 12:00,14127.29,-3753.21,-26.57,STOP_LOSS (-25%)
Gamma Squeeze Momentum,2026-08-14 13:45,2026-08-14 15:25,13039.48,-645.88,-4.95,EOD_SQUAREOFF
Gamma Squeeze Momentum,2026-08-17 12:15,2026-08-17 13:00,7302.92,5848.22,80.08,GAMMA_TARGET (+70%)
Gamma Squeeze Momentum,2026-08-17 13:05,2026-08-17 15:15,7518.23,617.68,8.22,EOD_SQUAREOFF
Gamma Squeeze Momentum,2026-08-18 12:00,2026-08-18 12:40,4101.56,-1291.68,-31.49,STOP_LOSS (-25%)
Gamma Squeeze Momentum,2026-08-18 14:00,2026-08-18 14:15,2351.9,-749.5,-31.87,STOP_LOSS (-25%)
Gamma Squeeze Momentum,2026-08-19 11:50,2026-08-19 12:00,3293.24,-1472.23,-44.7,STOP_LOSS (-25%)
Gamma Squeeze Momentum,2026-08-19 14:00,2026-08-19 14:10,1629.79,-501.87,-30.79,STOP_LOSS (-25%)
Gamma Squeeze Momentum,2026-08-19 14:15,2026-08-19 14:40,2355.52,1753.81,74.46,GAMMA_TARGET (+70%)
Gamma Squeeze Momentum,2026-08-20 09:30,2026-08-20 15:25,16307.17,-2270.19,-13.92,EOD_SQUAREOFF
Gamma Squeeze Momentum,2026-08-21 09:30,2026-08-21 15:25,13363.78,1878.9,14.06,EOD_SQUAREOFF
Gamma Squeeze Momentum,2026-08-24 09:30,2026-08-24 10:35,8337.25,-2201.15,-26.4,STOP_LOSS (-25%)
Gamma Squeeze Momentum,2026-08-25 09:30,2026-08-25 09:40,6313.17,-1626.33,-25.76,STOP_LOSS (-25%)
Gamma Squeeze Momentum,2026-08-25 09:45,2026-08-25 10:20,5956.0,-1913.66,-32.13,STOP_LOSS (-25%)
Gamma Squeeze Momentum,2026-08-25 10:30,2026-08-25 12:25,6149.53,-1870.5,-30.42,STOP_LOSS (-25%)
Gamma Squeeze Momentum,2026-08-25 13:50,2026-08-25 14:00,3298.04,-1146.58,-34.77,STOP_LOSS (-25%)
Gamma Squeeze Momentum,2026-08-26 09:30,2026-08-26 10:15,3538.31,-1078.32,-30.48,STOP_LOSS (-25%)
Gamma Squeeze Momentum,2026-08-26 10:20,2026-08-26 14:05,4604.86,-1205.35,-26.18,STOP_LOSS (-25%)
Gamma Squeeze Momentum,2026-08-26 14:10,2026-08-26 14:25,1826.48,-671.21,-36.75,STOP_LOSS (-25%)
Gamma Squeeze Momentum,2026-08-27 09:45,2026-08-27 12:15,14992.18,-4030.67,-26.89,STOP_LOSS (-25%)
Gamma Squeeze Momentum,2026-08-27 13:10,2026-08-27 15:25,14472.95,-4404.47,-30.43,STOP_LOSS (-25%)
Gamma Squeeze Momentum,2026-08-28 10:45,2026-08-28 11:55,13493.98,-3450.28,-25.57,STOP_LOSS (-25%)
Gamma Squeeze Momentum,2026-08-31 09:30,2026-08-31 10:10,9335.8,-2657.64,-28.47,STOP_LOSS (-25%)
Gamma Squeeze Momentum,2026-08-31 11:35,2026-08-31 14:25,8337.69,-2140.38,-25.67,STOP_LOSS (-25%)
Gamma Squeeze Momentum,2026-09-01 09:30,2026-09-01 09:40,5306.08,-1405.97,-26.5,STOP_LOSS (-25%)
Gamma Squeeze Momentum,2026-09-01 10:10,2026-09-01 11:15,5747.84,5338.15,92.87,GAMMA_TARGET (+70%)
Gamma Squeeze Momentum,2026-09-01 11:20,2026-09-01 11:45,5210.63,-1499.02,-28.77,STOP_LOSS (-25%)
Gamma Squeeze Momentum,2026-09-01 11:50,2026-09-01 12:50,5357.2,-1453.68,-27.14,STOP_LOSS (-25%)
Gamma Squeeze Momentum,2026-09-01 12:55,2026-09-01 13:10,3780.49,-1445.51,-38.24,STOP_LOSS (-25%)
Gamma Squeeze Momentum,2026-09-02 12:40,2026-09-02 13:05,3187.23,-1164.2,-36.53,STOP_LOSS (-25%)
Gamma Squeeze Momentum,2026-09-02 14:00,2026-09-02 14:20,1994.04,-601.24,-30.15,STOP_LOSS (-25%)
Gamma Squeeze Momentum,2026-09-03 09:30,2026-09-03 14:55,14825.81,-3857.63,-26.02,STOP_LOSS (-25%)
Gamma Squeeze Momentum,2026-09-04 10:35,2026-09-04 15:25,13410.33,-2813.93,-20.98,EOD_SQUAREOFF
Gamma Squeeze Momentum,2026-09-07 14:00,2026-09-07 15:25,7194.83,-1308.8,-18.19,EOD_SQUAREOFF
Gamma Squeeze Momentum,2026-09-09 12:30,2026-09-09 14:25,3551.34,-1171.71,-32.99,STOP_LOSS (-25%)
Gamma Squeeze Momentum,2026-09-10 11:10,2026-09-10 14:35,14900.51,-4105.71,-27.55,STOP_LOSS (-25%)
Gamma Squeeze Momentum,2026-09-11 11:10,2026-09-11 15:25,13399.83,6196.42,46.24,EOD_SQUAREOFF
Gamma Squeeze Momentum,2026-09-15 09:30,2026-09-15 09:50,5505.41,-1810.54,-32.89,STOP_LOSS (-25%)
Gamma Squeeze Momentum,2026-09-16 10:20,2026-09-16 10:50,3725.45,2963.95,79.56,GAMMA_TARGET (+70%)
Gamma Squeeze Momentum,2026-09-16 10:55,2026-09-16 11:15,4277.99,-1260.44,-29.46,STOP_LOSS (-25%)
Gamma Squeeze Momentum,2026-09-16 11:20,2026-09-16 11:25,3040.97,-1143.94,-37.62,STOP_LOSS (-25%)
Gamma Squeeze Momentum,2026-09-16 11:30,2026-09-16 13:05,2666.71,2605.6,97.71,GAMMA_TARGET (+70%)
Gamma Squeeze Momentum,2026-09-16 13:10,2026-09-16 13:25,2547.59,-1375.28,-53.98,STOP_LOSS (-25%)
Gamma Squeeze Momentum,2026-09-16 13:30,2026-09-16 15:00,2747.77,-864.72,-31.47,STOP_LOSS (-25%)
Gamma Squeeze Momentum,2026-09-17 09:30,2026-09-17 10:45,15253.86,-3904.47,-25.6,STOP_LOSS (-25%)
Gamma Squeeze Momentum,2026-09-17 11:55,2026-09-17 15:25,13985.77,-3689.05,-26.38,STOP_LOSS (-25%)
Gamma Squeeze Momentum,2026-09-18 09:35,2026-09-18 15:25,14365.81,517.34,3.6,EOD_SQUAREOFF
Gamma Squeeze Momentum,2026-09-21 09:30,2026-09-21 15:25,7795.54,-2235.24,-28.67,STOP_LOSS (-25%)
Gamma Squeeze Momentum,2026-09-22 09:30,2026-09-22 10:20,5702.87,-1485.34,-26.05,STOP_LOSS (-25%)
Gamma Squeeze Momentum,2026-09-22 14:10,2026-09-22 14:20,2070.25,-669.43,-32.34,STOP_LOSS (-25%)
Gamma Squeeze Momentum,2026-09-23 09:30,2026-09-23 10:55,4016.68,3194.57,79.53,GAMMA_TARGET (+70%)
Gamma Squeeze Momentum,2026-09-23 11:00,2026-09-23 11:55,3128.89,-957.03,-30.59,STOP_LOSS (-25%)
Gamma Squeeze Momentum,2026-09-23 12:00,2026-09-23 12:50,2673.6,-869.97,-32.54,STOP_LOSS (-25%)
Gamma Squeeze Momentum,2026-09-23 12:55,2026-09-23 13:30,2104.06,-616.89,-29.32,STOP_LOSS (-25%)
Gamma Squeeze Momentum,2026-09-23 13:35,2026-09-23 14:45,2994.03,-881.03,-29.43,STOP_LOSS (-25%)
Gamma Squeeze Momentum,2026-09-25 10:05,2026-09-25 15:05,13726.76,-3597.77,-26.21,STOP_LOSS (-25%)
