date,strategy,symbol,entry_time,exit_time,entry_price,exit_price,return_pct,gross_pnl,friction,net_pnl
2026-09-21,Gamma Squeeze Momentum,BANKNIFTY29SEP2656000PE,2026-09-21 10:10:00,2026-09-21 10:50:00,231.1,225.35,-2.5%,-172.5,45.0,-217.5
2026-09-21,Gamma Squeeze Momentum,BANKNIFTY29SEP2656000CE,2026-09-21 11:05:00,2026-09-21 12:20:00,780.65,779.0,-0.2%,-49.5,45.0,-94.5
2026-09-21,Gamma Squeeze Momentum,BANKNIFTY29SEP2656000CE,2026-09-21 13:15:00,2026-09-21 15:25:00,808.6,811.85,0.4%,97.5,45.0,52.5
2026-09-22,Gamma Squeeze Momentum,BANKNIFTY29SEP2656000PE,2026-09-22 10:20:00,2026-09-22 10:35:00,137.4,194.0,41.2%,1698.0,45.0,1653.0
2026-09-23,Gamma Squeeze Momentum,BANKNIFTY29SEP2656000CE,2026-09-23 10:00:00,2026-09-23 14:50:00,748.75,745.8,-0.4%,-88.5,45.0,-133.5
2026-09-24,Gamma Squeeze Momentum,BANKNIFTY29SEP2655500PE,2026-09-24 13:40:00,2026-09-24 13:45:00,265.75,386.9,45.6%,3634.5,45.0,3589.5
2026-09-25,Gamma Squeeze Momentum,BANKNIFTY29SEP2655700CE,2026-09-25 11:05:00,2026-09-25 12:40:00,339.95,294.0,-13.5%,-1378.5,45.0,-1423.5
2026-09-25,Gamma Squeeze Momentum,BANKNIFTY29SEP2655500PE,2026-09-25 13:30:00,2026-09-25 13:55:00,253.4,235.4,-7.1%,-540.0,45.0,-585.0
2026-09-28,Gamma Squeeze Momentum,BANKNIFTY29SEP2654700PE,2026-09-28 09:35:00,2026-09-28 10:50:00,215.1,305.65,42.1%,2716.5,45.0,2671.5
2026-09-28,Gamma Squeeze Momentum,BANKNIFTY29SEP2654500PE,2026-09-28 11:50:00,2026-09-28 15:25:00,187.4,201.4,7.5%,420.0,45.0,375.0
