date,net_pnl
2026-07-02,951.92
2026-07-02,2772.97
2026-07-03,879.0
2026-07-03,-368.78
2026-07-06,-1549.94
2026-07-06,4.81
2026-07-07,-1033.19
2026-07-08,-881.49
2026-07-08,-2046.81
2026-07-10,535.55
2026-07-10,-503.62
2026-07-13,3000.67
2026-07-13,624.35
2026-07-14,-1698.53
2026-07-14,463.42
2026-07-15,1332.51
2026-07-15,3538.32
2026-07-16,1376.0
2026-07-16,437.93
2026-07-20,2715.65
2026-07-20,-1181.4
2026-07-22,-647.99
2026-07-23,1302.62
2026-07-23,-1169.19
2026-07-24,-2328.05
2026-07-27,267.08
2026-07-28,-1386.16
2026-07-28,-733.13
2026-07-29,-975.32
2026-07-29,806.47
2026-07-30,87.93
2026-07-31,-634.55
2026-08-03,-1382.62
2026-08-03,-1052.33
2026-08-05,-778.84
2026-08-06,-880.15
2026-08-06,455.9
2026-08-07,-437.54
2026-08-07,58.31
2026-08-10,1950.54
2026-08-10,44.08
2026-08-11,-1207.94
2026-08-11,-1382.06
2026-08-12,-777.42
2026-08-13,391.98
2026-08-13,749.18
2026-08-14,440.56
2026-08-14,529.65
2026-08-18,186.77
2026-08-18,335.51
2026-08-19,1643.77
2026-08-19,-540.94
2026-08-20,1123.94
2026-08-21,638.1
2026-08-24,-1604.55
2026-08-25,-876.19
2026-08-26,-414.88
2026-08-27,143.62
2026-08-27,574.93
2026-08-28,329.75
2026-08-28,-950.94
2026-08-31,-1885.13
2026-08-31,588.45
2026-09-01,-767.5
2026-09-02,1440.99
2026-09-04,-1021.83
2026-09-04,-1311.05
2026-09-07,490.81
2026-09-08,-1080.78
2026-09-09,2856.15
2026-09-09,219.15
2026-09-10,-184.04
2026-09-11,2059.27
2026-09-11,-2068.69
2026-09-15,-1098.26
2026-09-15,-798.18
2026-09-16,3233.92
2026-09-16,-1129.4
2026-09-17,790.52
2026-09-17,163.76
2026-09-18,-1939.58
2026-09-21,-1123.43
2026-09-22,-1262.91
2026-09-22,1402.15
2026-09-24,2360.9
2026-09-25,-981.41
2026-09-25,1443.65
2026-09-28,701.74
