date,model,contract,entry_time,exit_time,entry_price,exit_price,net_pnl,reason
2026-07-02,O-U Stochastic Reversion (Synthetic),58000CE,11:35:00,12:20:00,528.98,608.31,2335.13,Time Exit
2026-07-03,O-U Stochastic Reversion (Synthetic),58000CE,11:05:00,11:50:00,491.52,522.32,879.0,Time Exit
2026-07-03,O-U Stochastic Reversion (Synthetic),57900CE,13:00:00,13:45:00,477.78,466.99,-368.78,Time Exit
2026-07-06,O-U Stochastic Reversion (Synthetic),58300PE,09:45:00,10:30:00,306.19,283.14,-736.34,Time Exit
2026-07-06,O-U Stochastic Reversion (Synthetic),58400PE,12:20:00,13:05:00,246.84,223.95,-731.76,Time Exit
2026-07-07,O-U Stochastic Reversion (Synthetic),58300CE,12:40:00,13:05:00,163.25,130.31,-1033.19,Stop Loss
2026-07-08,O-U Stochastic Reversion (Synthetic),57800CE,12:05:00,12:25:00,119.42,95.31,-768.15,Stop Loss
2026-07-08,O-U Stochastic Reversion (Synthetic),57700CE,12:30:00,13:00:00,134.28,204.07,2048.51,Target Hit
2026-07-10,O-U Stochastic Reversion (Synthetic),58000PE,12:40:00,13:25:00,429.18,413.89,-503.62,Time Exit
2026-07-15,O-U Stochastic Reversion (Synthetic),57900CE,11:45:00,12:10:00,116.72,226.79,3257.25,Target Hit
2026-07-15,O-U Stochastic Reversion (Synthetic),57900CE,12:50:00,12:55:00,99.08,34.54,-1981.04,Stop Loss
2026-07-16,O-U Stochastic Reversion (Synthetic),57600CE,10:35:00,11:20:00,546.31,593.68,1376.0,Time Exit
2026-07-16,O-U Stochastic Reversion (Synthetic),57500CE,13:35:00,14:20:00,505.79,519.84,376.48,Time Exit
2026-07-20,O-U Stochastic Reversion (Synthetic),57900PE,13:20:00,13:55:00,260.53,203.45,-1757.25,Stop Loss
2026-07-22,O-U Stochastic Reversion (Synthetic),57200CE,11:55:00,12:00:00,113.38,81.35,-1006.1,Stop Loss
2026-07-22,O-U Stochastic Reversion (Synthetic),57100CE,12:05:00,12:15:00,122.53,90.29,-1012.19,Stop Loss
2026-07-23,O-U Stochastic Reversion (Synthetic),56600CE,11:45:00,12:30:00,550.77,485.57,-2001.02,Time Exit
2026-07-24,O-U Stochastic Reversion (Synthetic),56300PE,11:45:00,12:25:00,435.83,262.76,-5237.04,Stop Loss
2026-07-28,O-U Stochastic Reversion (Synthetic),56900CE,12:45:00,13:10:00,145.59,96.52,-1517.08,Stop Loss
2026-07-29,O-U Stochastic Reversion (Synthetic),57200PE,10:05:00,10:50:00,152.65,194.92,1223.03,Time Exit
2026-07-29,O-U Stochastic Reversion (Synthetic),57300PE,12:05:00,12:50:00,136.95,148.26,294.29,Time Exit
2026-07-30,O-U Stochastic Reversion (Synthetic),57000PE,12:30:00,13:15:00,457.64,462.08,87.93,Time Exit
2026-07-31,O-U Stochastic Reversion (Synthetic),57300PE,13:00:00,13:45:00,433.18,413.53,-634.55,Time Exit
2026-08-03,O-U Stochastic Reversion (Synthetic),57700CE,12:30:00,13:15:00,291.38,257.8,-1052.33,Time Exit
2026-08-05,O-U Stochastic Reversion (Synthetic),57600CE,11:50:00,12:30:00,142.29,108.56,-1056.95,Stop Loss
2026-08-06,O-U Stochastic Reversion (Synthetic),58000PE,13:15:00,14:00:00,484.88,457.05,-880.15,Time Exit
2026-08-07,O-U Stochastic Reversion (Synthetic),57900CE,09:45:00,10:30:00,496.66,465.5,-979.74,Time Exit
2026-08-07,O-U Stochastic Reversion (Synthetic),57700CE,13:30:00,14:15:00,486.81,539.84,1546.0,Time Exit
2026-08-10,O-U Stochastic Reversion (Synthetic),57600CE,09:45:00,10:30:00,318.48,352.07,962.72,Time Exit
2026-08-10,O-U Stochastic Reversion (Synthetic),57600CE,13:05:00,13:50:00,257.25,265.85,212.86,Time Exit
2026-08-11,O-U Stochastic Reversion (Synthetic),57400PE,13:05:00,13:30:00,130.09,101.69,-897.17,Stop Loss
2026-08-14,O-U Stochastic Reversion (Synthetic),57400CE,11:25:00,12:10:00,495.95,515.1,529.65,Time Exit
2026-08-14,O-U Stochastic Reversion (Synthetic),57500PE,13:55:00,14:40:00,400.33,407.88,181.51,Time Exit
2026-08-17,O-U Stochastic Reversion (Synthetic),57300PE,12:15:00,12:45:00,265.35,193.02,-2214.85,Stop Loss
2026-08-19,O-U Stochastic Reversion (Synthetic),57200PE,11:50:00,12:00:00,113.46,169.75,1643.77,Target Hit
2026-08-20,O-U Stochastic Reversion (Synthetic),57600CE,12:15:00,13:00:00,539.59,553.21,363.45,Time Exit
2026-08-21,O-U Stochastic Reversion (Synthetic),57700PE,09:45:00,10:30:00,440.43,463.2,638.1,Time Exit
2026-08-25,O-U Stochastic Reversion (Synthetic),57400CE,13:00:00,13:10:00,127.63,89.32,-1194.56,Stop Loss
2026-08-25,O-U Stochastic Reversion (Synthetic),57300CE,13:20:00,13:50:00,118.9,178.3,1736.98,Target Hit
2026-08-27,O-U Stochastic Reversion (Synthetic),57700CE,10:50:00,11:35:00,561.93,568.22,143.62,Time Exit
2026-08-27,O-U Stochastic Reversion (Synthetic),57800PE,13:10:00,13:55:00,482.71,577.59,2801.38,Time Exit
2026-08-31,O-U Stochastic Reversion (Synthetic),57300CE,09:50:00,10:30:00,322.58,253.97,-2103.13,Stop Loss
2026-09-01,O-U Stochastic Reversion (Synthetic),57500CE,13:10:00,13:15:00,134.3,104.05,-952.3,Stop Loss
2026-09-01,O-U Stochastic Reversion (Synthetic),57400CE,13:25:00,13:35:00,138.99,109.85,-919.28,Stop Loss
2026-09-04,O-U Stochastic Reversion (Synthetic),57600PE,11:15:00,12:00:00,454.46,460.49,136.0,Time Exit
2026-09-07,O-U Stochastic Reversion (Synthetic),57100PE,14:00:00,14:45:00,219.42,237.28,490.81,Time Exit
2026-09-08,O-U Stochastic Reversion (Synthetic),56800CE,12:00:00,12:40:00,182.14,147.62,-1080.78,Stop Loss
2026-09-09,O-U Stochastic Reversion (Synthetic),56500CE,12:15:00,12:30:00,89.67,190.62,2983.72,Target Hit
2026-09-09,O-U Stochastic Reversion (Synthetic),56700PE,12:35:00,13:20:00,111.52,120.33,219.15,Time Exit
2026-09-11,O-U Stochastic Reversion (Synthetic),56300PE,13:30:00,14:00:00,393.86,290.54,-3144.69,Stop Loss
2026-09-15,O-U Stochastic Reversion (Synthetic),56300CE,10:00:00,10:25:00,225.82,170.61,-1701.18,Stop Loss
2026-09-15,O-U Stochastic Reversion (Synthetic),56100CE,14:00:00,14:05:00,106.5,81.39,-798.18,Stop Loss
2026-09-16,O-U Stochastic Reversion (Synthetic),56300PE,10:50:00,11:25:00,143.11,252.41,3233.92,Target Hit
2026-09-16,O-U Stochastic Reversion (Synthetic),56300PE,13:05:00,13:25:00,71.97,141.9,2052.94,Target Hit
2026-09-17,O-U Stochastic Reversion (Synthetic),56400PE,09:45:00,10:30:00,469.29,526.08,1658.54,Time Exit
2026-09-18,O-U Stochastic Reversion (Synthetic),56300PE,12:35:00,13:20:00,440.37,417.36,-735.36,Time Exit
2026-09-21,O-U Stochastic Reversion (Synthetic),56500PE,13:25:00,13:50:00,226.9,184.49,-1317.13,Stop Loss
2026-09-22,O-U Stochastic Reversion (Synthetic),56400CE,10:30:00,10:40:00,218.06,177.46,-1262.91,Stop Loss
2026-09-23,O-U Stochastic Reversion (Synthetic),56500PE,09:55:00,10:15:00,162.5,132.57,-943.0,Stop Loss
2026-09-24,O-U Stochastic Reversion (Synthetic),55400CE,13:50:00,14:35:00,507.16,587.35,2360.9,Time Exit
2026-09-25,O-U Stochastic Reversion (Synthetic),55600PE,10:05:00,10:50:00,427.47,475.13,1384.89,Time Exit
2026-09-25,O-U Stochastic Reversion (Synthetic),55500CE,12:50:00,13:35:00,453.21,436.73,-539.48,Time Exit
