timestamp,open,high,low,close,volume
2026-09-21T09:15:00+05:30,1068.3,1125.0,1034.15,1034.15,5
2026-09-21T09:16:00+05:30,1025.0,1025.0,1018.35,1018.35,3
2026-09-21T09:17:00+05:30,1088.0,1088.0,1086.55,1086.55,2
2026-09-21T09:19:00+05:30,1048.05,1048.05,1048.05,1048.05,1
2026-09-21T09:21:00+05:30,1046.35,1046.35,1046.35,1046.35,1
2026-09-21T09:22:00+05:30,1036.6,1036.6,1036.6,1036.6,1
2026-09-21T09:23:00+05:30,1070.0,1081.0,1070.0,1075.0,8
2026-09-21T09:24:00+05:30,1080.0,1080.0,1060.0,1060.0,2
2026-09-21T09:27:00+05:30,1082.75,1092.4,1055.65,1055.65,27
2026-09-21T09:29:00+05:30,1072.45,1072.45,1072.45,1072.45,1
2026-09-21T09:30:00+05:30,1089.5,1098.9,1083.15,1083.15,22
2026-09-21T09:31:00+05:30,1090.0,1090.0,1077.9,1077.9,2
2026-09-21T09:36:00+05:30,1071.35,1071.35,1063.25,1070.4,5
2026-09-21T09:37:00+05:30,1050.0,1050.0,1050.0,1050.0,1
2026-09-21T09:38:00+05:30,1030.0,1045.3,1025.0,1034.05,6
2026-09-21T09:39:00+05:30,1050.0,1050.0,1026.0,1026.0,7
2026-09-21T09:40:00+05:30,1033.4,1033.45,1033.4,1033.45,2
2026-09-21T09:41:00+05:30,1035.0,1038.0,1035.0,1036.2,4
2026-09-21T09:42:00+05:30,1047.2,1047.9,1047.2,1047.9,4
2026-09-21T09:43:00+05:30,1043.1,1050.0,1043.1,1050.0,2
2026-09-21T09:45:00+05:30,1053.4,1053.6,1053.2,1053.2,9
2026-09-21T09:47:00+05:30,1050.0,1050.0,1043.0,1043.0,2
2026-09-21T09:48:00+05:30,1037.45,1037.45,1037.45,1037.45,1
2026-09-21T09:50:00+05:30,1049.9,1049.9,1049.9,1049.9,1
2026-09-21T09:51:00+05:30,1046.3,1046.3,1046.3,1046.3,1
2026-09-21T09:52:00+05:30,1037.5,1037.5,1037.0,1037.0,11
2026-09-21T09:53:00+05:30,1024.0,1026.75,1020.0,1022.6,5
2026-09-21T09:54:00+05:30,1027.65,1028.75,1027.5,1028.7,32
2026-09-21T09:55:00+05:30,1016.85,1016.85,1016.85,1016.85,1
2026-09-21T10:01:00+05:30,1002.0,1002.0,1001.0,1001.0,3
2026-09-21T10:02:00+05:30,1000.0,1001.75,1000.0,1001.75,11
2026-09-21T10:04:00+05:30,990.0,990.0,990.0,990.0,3
2026-09-21T10:06:00+05:30,978.8,978.8,976.5,976.5,42
2026-09-21T10:07:00+05:30,976.5,976.5,974.9,974.9,2
2026-09-21T10:09:00+05:30,985.75,985.75,985.75,985.75,1
2026-09-21T10:10:00+05:30,1004.0,1008.2,1004.0,1008.2,5
2026-09-21T10:14:00+05:30,960.0,960.0,957.55,957.55,2
2026-09-21T10:15:00+05:30,961.55,971.1,961.55,971.1,4
2026-09-21T10:16:00+05:30,975.25,977.95,974.5,974.5,5
2026-09-21T10:17:00+05:30,982.7,982.7,980.45,980.45,2
2026-09-21T10:19:00+05:30,980.45,980.45,979.95,979.95,3
2026-09-21T10:20:00+05:30,983.0,983.0,983.0,983.0,1
2026-09-21T10:21:00+05:30,973.45,995.0,973.2,995.0,6
2026-09-21T10:29:00+05:30,987.1,987.1,987.1,987.1,1
2026-09-21T10:35:00+05:30,984.4,984.4,984.4,984.4,1
2026-09-21T10:39:00+05:30,968.7,968.7,966.3,966.3,8
2026-09-21T10:40:00+05:30,968.95,973.4,960.35,973.4,21
2026-09-21T10:41:00+05:30,971.15,984.2,970.15,984.2,4
2026-09-21T10:42:00+05:30,977.3,977.3,976.55,976.55,2
2026-09-21T10:43:00+05:30,976.85,977.0,976.85,977.0,3
2026-09-21T10:46:00+05:30,1005.0,1005.0,1005.0,1005.0,2
2026-09-21T10:47:00+05:30,1005.0,1005.0,1005.0,1005.0,1
2026-09-21T10:54:00+05:30,1008.2,1008.2,1008.2,1008.2,1
2026-09-21T10:55:00+05:30,1005.4,1005.4,1005.4,1005.4,1
2026-09-21T11:04:00+05:30,1021.8,1023.75,1010.0,1012.1,6
2026-09-21T11:06:00+05:30,1023.75,1023.75,1023.75,1023.75,2
2026-09-21T11:07:00+05:30,1026.0,1026.0,1026.0,1026.0,1
2026-09-21T11:08:00+05:30,1030.0,1030.0,1022.0,1022.0,5
2026-09-21T11:09:00+05:30,1022.0,1027.0,1022.0,1027.0,20
2026-09-21T11:10:00+05:30,1026.0,1026.0,1023.45,1023.45,9
2026-09-21T11:11:00+05:30,1030.0,1030.0,1025.3,1025.65,5
2026-09-21T11:14:00+05:30,1019.9,1019.9,1019.9,1019.9,1
2026-09-21T11:16:00+05:30,1021.2,1021.2,1017.25,1017.25,2
2026-09-21T11:17:00+05:30,1014.0,1014.0,1014.0,1014.0,1
2026-09-21T11:20:00+05:30,1008.0,1008.0,1008.0,1008.0,1
2026-09-21T11:22:00+05:30,1014.8,1014.8,1004.7,1006.55,4
2026-09-21T11:27:00+05:30,1019.25,1019.25,1019.25,1019.25,1
2026-09-21T11:34:00+05:30,1002.45,1002.45,1002.45,1002.45,1
2026-09-21T11:35:00+05:30,990.0,990.0,990.0,990.0,1
2026-09-21T11:36:00+05:30,1001.8,1001.8,1001.8,1001.8,1
2026-09-21T11:38:00+05:30,1001.8,1001.8,1001.8,1001.8,1
2026-09-21T11:40:00+05:30,991.75,991.75,991.75,991.75,1
2026-09-21T11:48:00+05:30,999.15,999.15,997.95,998.0,4
2026-09-21T11:49:00+05:30,998.0,998.0,998.0,998.0,1
2026-09-21T11:53:00+05:30,1002.8,1002.8,1002.8,1002.8,1
2026-09-21T11:55:00+05:30,1007.7,1007.75,1000.85,1000.85,4
2026-09-21T11:57:00+05:30,1025.0,1025.0,1025.0,1025.0,1
2026-09-21T12:00:00+05:30,1029.75,1029.75,1029.75,1029.75,1
2026-09-21T12:01:00+05:30,1029.85,1029.85,1029.85,1029.85,1
2026-09-21T12:05:00+05:30,1021.3,1021.3,1021.3,1021.3,1
2026-09-21T12:09:00+05:30,1008.0,1008.0,1008.0,1008.0,1
2026-09-21T12:11:00+05:30,1014.25,1014.25,1014.25,1014.25,1
2026-09-21T12:16:00+05:30,1026.4,1026.55,1026.4,1026.55,5
2026-09-21T12:17:00+05:30,1020.6,1020.65,1020.6,1020.65,2
2026-09-21T12:23:00+05:30,1002.0,1002.0,1000.0,1000.0,3
2026-09-21T12:25:00+05:30,1000.0,1000.0,1000.0,1000.0,2
2026-09-21T12:30:00+05:30,1008.0,1008.0,1008.0,1008.0,1
2026-09-21T12:32:00+05:30,1013.35,1013.35,999.05,999.05,3
2026-09-21T12:33:00+05:30,997.0,997.0,997.0,997.0,1
2026-09-21T12:44:00+05:30,1020.0,1020.0,1020.0,1020.0,1
2026-09-21T12:45:00+05:30,1031.8,1031.85,1030.0,1030.0,3
2026-09-21T12:47:00+05:30,1025.45,1025.45,1025.45,1025.45,1
2026-09-21T12:48:00+05:30,1023.0,1023.0,1023.0,1023.0,1
2026-09-21T13:01:00+05:30,1015.0,1015.0,1015.0,1015.0,3
2026-09-21T13:08:00+05:30,1005.1,1012.75,995.85,1012.75,41
2026-09-21T13:15:00+05:30,1040.0,1046.3,1040.0,1046.3,7
2026-09-21T13:16:00+05:30,1046.3,1051.0,1046.3,1051.0,8
2026-09-21T13:17:00+05:30,1047.75,1047.75,1047.75,1047.75,1
2026-09-21T13:18:00+05:30,1038.8,1060.0,1038.8,1060.0,6
2026-09-21T13:19:00+05:30,1067.0,1067.0,1065.95,1066.0,42
2026-09-21T13:20:00+05:30,1066.8,1070.0,1066.35,1070.0,8
2026-09-21T13:21:00+05:30,1056.9,1056.9,1056.9,1056.9,1
2026-09-21T13:22:00+05:30,1063.65,1063.65,1063.55,1063.55,2
2026-09-21T13:23:00+05:30,1063.55,1063.6,1063.5,1063.5,7
2026-09-21T13:24:00+05:30,1050.0,1050.0,1050.0,1050.0,1
2026-09-21T13:27:00+05:30,1070.0,1075.0,1070.0,1075.0,5
2026-09-21T13:33:00+05:30,1081.75,1081.75,1081.75,1081.75,1
2026-09-21T13:35:00+05:30,1092.0,1093.95,1092.0,1093.95,2
2026-09-21T13:40:00+05:30,1111.6,1115.5,1100.0,1100.0,4
2026-09-21T13:42:00+05:30,1113.4,1113.4,1113.4,1113.4,1
2026-09-21T13:45:00+05:30,1091.8,1091.8,1091.8,1091.8,1
2026-09-21T13:46:00+05:30,1099.15,1099.15,1099.15,1099.15,1
2026-09-21T13:50:00+05:30,1120.0,1120.0,1120.0,1120.0,1
2026-09-21T13:51:00+05:30,1124.5,1125.0,1124.5,1125.0,4
2026-09-21T13:53:00+05:30,1138.45,1138.45,1133.0,1133.0,2
2026-09-21T13:54:00+05:30,1130.0,1130.0,1130.0,1130.0,1
2026-09-21T13:55:00+05:30,1130.0,1141.75,1130.0,1141.75,11
2026-09-21T13:57:00+05:30,1132.45,1147.95,1132.15,1147.95,7
2026-09-21T13:58:00+05:30,1151.0,1151.0,1151.0,1151.0,1
2026-09-21T13:59:00+05:30,1159.15,1159.15,1159.15,1159.15,1
2026-09-21T14:02:00+05:30,1162.75,1162.75,1162.75,1162.75,1
2026-09-21T14:03:00+05:30,1170.55,1170.65,1170.55,1170.65,4
2026-09-21T14:04:00+05:30,1141.1,1141.1,1141.05,1141.05,2
2026-09-21T14:05:00+05:30,1143.9,1144.0,1128.55,1128.55,7
2026-09-21T14:07:00+05:30,1154.1,1154.1,1152.9,1152.9,3
2026-09-21T14:10:00+05:30,1126.35,1126.35,1121.9,1121.9,2
2026-09-21T14:12:00+05:30,1133.4,1133.4,1132.7,1132.7,2
2026-09-21T14:13:00+05:30,1133.3,1133.3,1133.3,1133.3,1
2026-09-21T14:24:00+05:30,1148.1,1148.55,1146.25,1146.25,6
2026-09-21T14:29:00+05:30,1117.6,1117.6,1108.5,1108.5,2
2026-09-21T14:30:00+05:30,1101.0,1101.0,1099.15,1099.15,3
2026-09-21T14:44:00+05:30,1119.1,1119.1,1119.1,1119.1,1
2026-09-21T14:51:00+05:30,1080.0,1080.0,1080.0,1080.0,1
2026-09-21T14:52:00+05:30,1080.05,1080.05,1078.55,1078.55,2
2026-09-21T14:53:00+05:30,1069.0,1069.0,1069.0,1069.0,1
2026-09-21T14:58:00+05:30,1097.3,1099.55,1088.05,1088.05,5
2026-09-21T15:00:00+05:30,1060.0,1060.0,1056.5,1056.5,2
2026-09-21T15:12:00+05:30,1064.05,1074.3,1058.4,1058.4,22
2026-09-21T15:13:00+05:30,1046.55,1046.55,1046.55,1046.55,1
2026-09-21T15:15:00+05:30,1061.2,1061.2,1061.2,1061.2,2
2026-09-21T15:19:00+05:30,1053.5,1053.5,1053.5,1053.5,1
2026-09-21T15:22:00+05:30,1053.5,1053.5,1053.5,1053.5,1
2026-09-21T15:26:00+05:30,1044.45,1044.45,1040.15,1040.15,3
2026-09-21T15:28:00+05:30,1047.0,1047.0,1047.0,1047.0,1
2026-09-21T15:29:00+05:30,1042.85,1042.85,1042.7,1042.7,4
2026-09-21T15:31:00+05:30,1052.35,1052.35,1052.35,1052.35,1
2026-09-21T15:34:00+05:30,1051.15,1051.15,1051.15,1051.15,4
2026-09-21T15:35:00+05:30,1049.8,1049.8,1049.8,1049.8,1
2026-09-21T15:36:00+05:30,1041.55,1041.55,1041.55,1041.55,1
2026-09-21T15:38:00+05:30,1041.2,1041.2,1041.2,1041.2,1
2026-09-21T15:39:00+05:30,1055.0,1055.0,1055.0,1055.0,5
2026-09-22T09:15:00+05:30,1107.0,1107.0,1107.0,1107.0,0
2026-09-22T09:16:00+05:30,1096.3,1096.3,1096.3,1096.3,1
2026-09-22T09:17:00+05:30,1065.95,1067.65,1065.95,1067.65,7
2026-09-22T09:19:00+05:30,1081.65,1081.75,1081.65,1081.75,2
2026-09-22T09:20:00+05:30,1084.0,1084.0,1084.0,1084.0,1
2026-09-22T09:21:00+05:30,1089.15,1089.15,1089.15,1089.15,1
2026-09-22T09:22:00+05:30,1089.15,1090.0,1089.15,1090.0,11
2026-09-22T09:23:00+05:30,1091.9,1091.9,1091.9,1091.9,1
2026-09-22T09:24:00+05:30,1107.0,1107.0,1107.0,1107.0,1
2026-09-22T09:25:00+05:30,1107.0,1107.0,1107.0,1107.0,1
2026-09-22T09:28:00+05:30,1119.9,1119.9,1119.9,1119.9,1
2026-09-22T09:29:00+05:30,1138.95,1139.1,1138.95,1139.1,4
2026-09-22T09:30:00+05:30,1141.4,1141.8,1141.4,1141.8,10
2026-09-22T09:31:00+05:30,1134.3,1134.3,1134.3,1134.3,1
2026-09-22T09:35:00+05:30,1116.0,1116.0,1116.0,1116.0,1
2026-09-22T09:36:00+05:30,1110.2,1115.85,1110.2,1114.95,3
2026-09-22T09:37:00+05:30,1102.55,1102.55,1097.2,1097.2,4
2026-09-22T09:40:00+05:30,1108.15,1108.15,1108.15,1108.15,2
2026-09-22T09:46:00+05:30,1115.0,1115.0,1115.0,1115.0,40
2026-09-22T09:47:00+05:30,1118.0,1118.0,1118.0,1118.0,15
2026-09-22T09:48:00+05:30,1123.05,1123.05,1116.3,1116.65,46
2026-09-22T09:49:00+05:30,1116.6,1118.65,1116.6,1118.65,2
2026-09-22T09:51:00+05:30,1139.7,1139.7,1139.7,1139.7,1
2026-09-22T09:54:00+05:30,1124.2,1124.2,1113.85,1113.85,3
2026-09-22T09:55:00+05:30,1100.0,1100.0,1100.0,1100.0,1
2026-09-22T09:56:00+05:30,1109.95,1109.95,1109.95,1109.95,1
2026-09-22T09:59:00+05:30,1110.0,1110.0,1110.0,1110.0,1
2026-09-22T10:22:00+05:30,1034.3,1034.3,1034.3,1034.3,5
2026-09-22T10:26:00+05:30,1031.3,1031.3,1031.3,1031.3,1
2026-09-22T10:27:00+05:30,1031.0,1031.0,1029.15,1029.15,4
2026-09-22T10:28:00+05:30,1048.95,1048.95,1048.95,1048.95,1
2026-09-22T10:31:00+05:30,1000.0,1000.0,1000.0,1000.0,2
2026-09-22T10:33:00+05:30,972.0,978.15,969.1,978.15,42
2026-09-22T10:34:00+05:30,979.0,979.0,979.0,979.0,1
2026-09-22T10:35:00+05:30,979.0,979.0,950.75,950.75,6
2026-09-22T10:36:00+05:30,943.65,951.8,936.9,944.65,10
2026-09-22T10:37:00+05:30,950.65,965.4,949.85,960.6,11
2026-09-22T10:38:00+05:30,963.85,975.8,963.85,975.8,4
2026-09-22T10:41:00+05:30,958.0,958.0,940.0,940.0,12
2026-09-22T10:43:00+05:30,944.85,948.5,931.45,940.2,18
2026-09-22T10:44:00+05:30,937.85,938.0,937.85,938.0,3
2026-09-22T10:45:00+05:30,920.8,926.65,920.5,926.65,7
2026-09-22T10:46:00+05:30,929.2,936.25,925.35,936.25,11
2026-09-22T10:47:00+05:30,936.25,939.45,933.9,935.05,15
2026-09-22T10:48:00+05:30,940.0,940.0,931.0,931.0,5
2026-09-22T10:50:00+05:30,920.0,920.0,909.6,909.7,8
2026-09-22T10:51:00+05:30,909.7,909.7,897.1,903.4,33
2026-09-22T10:52:00+05:30,903.45,903.45,886.85,893.5,28
2026-09-22T10:53:00+05:30,891.55,891.55,889.1,890.3,13
2026-09-22T10:54:00+05:30,900.0,906.2,900.0,906.2,4
2026-09-22T10:55:00+05:30,905.3,919.9,905.25,919.9,3
2026-09-22T10:56:00+05:30,929.65,929.95,918.2,919.25,17
2026-09-22T10:57:00+05:30,914.45,929.65,914.45,923.15,16
2026-09-22T10:59:00+05:30,936.95,941.9,936.95,940.4,3
2026-09-22T11:01:00+05:30,918.15,918.15,908.85,909.5,3
2026-09-22T11:02:00+05:30,895.0,896.65,891.1,891.1,8
2026-09-22T11:03:00+05:30,891.0,891.0,890.0,890.05,3
2026-09-22T11:04:00+05:30,889.5,889.5,887.45,887.45,4
2026-09-22T11:05:00+05:30,883.5,883.5,876.35,876.35,7
2026-09-22T11:06:00+05:30,878.5,879.45,876.95,877.55,7
2026-09-22T11:07:00+05:30,881.25,886.15,880.7,880.75,12
2026-09-22T11:08:00+05:30,880.75,880.75,873.85,874.55,17
2026-09-22T11:11:00+05:30,896.45,896.45,888.05,889.8,23
2026-09-22T11:12:00+05:30,890.0,890.0,886.05,886.3,12
2026-09-22T11:14:00+05:30,901.2,901.2,901.2,901.2,1
2026-09-22T11:15:00+05:30,898.25,898.25,895.8,896.6,7
2026-09-22T11:16:00+05:30,893.5,905.9,893.5,905.9,5
2026-09-22T11:17:00+05:30,894.7,905.1,894.7,905.1,2
2026-09-22T11:18:00+05:30,894.7,894.7,894.7,894.7,3
2026-09-22T11:20:00+05:30,888.3,888.3,888.3,888.3,1
2026-09-22T11:21:00+05:30,891.4,891.8,891.4,891.8,3
2026-09-22T11:22:00+05:30,892.35,892.9,886.05,886.5,6
2026-09-22T11:27:00+05:30,902.15,902.15,902.15,902.15,1
2026-09-22T11:28:00+05:30,905.25,906.75,905.25,906.75,2
2026-09-22T11:33:00+05:30,875.2,875.2,866.05,866.05,5
2026-09-22T11:34:00+05:30,866.0,866.0,855.0,855.0,3
2026-09-22T11:35:00+05:30,850.0,854.8,840.0,854.8,4
2026-09-22T11:36:00+05:30,854.8,857.05,854.8,857.05,2
2026-09-22T11:37:00+05:30,860.3,860.3,860.3,860.3,2
2026-09-22T11:38:00+05:30,863.85,863.85,862.15,862.2,3
2026-09-22T11:39:00+05:30,857.55,857.55,843.0,843.0,9
2026-09-22T11:40:00+05:30,849.3,849.3,838.95,845.0,26
2026-09-22T11:41:00+05:30,852.7,852.7,841.75,844.0,10
2026-09-22T11:42:00+05:30,844.0,844.0,832.3,834.0,40
2026-09-22T11:43:00+05:30,834.4,834.4,834.4,834.4,1
2026-09-22T11:44:00+05:30,823.5,824.05,820.1,824.05,10
2026-09-22T11:45:00+05:30,825.3,836.05,825.3,836.05,14
2026-09-22T11:46:00+05:30,817.1,818.3,806.0,806.0,8
2026-09-22T11:47:00+05:30,816.6,817.55,814.85,817.1,8
2026-09-22T11:48:00+05:30,826.0,827.95,826.0,826.05,3
2026-09-22T11:50:00+05:30,823.9,823.9,823.9,823.9,1
2026-09-22T11:51:00+05:30,823.9,823.9,823.9,823.9,2
2026-09-22T11:52:00+05:30,822.65,822.65,822.65,822.65,2
2026-09-22T11:53:00+05:30,832.25,832.25,832.25,832.25,1
2026-09-22T11:54:00+05:30,822.65,822.65,822.65,822.65,1
2026-09-22T11:55:00+05:30,823.4,823.4,823.4,823.4,1
2026-09-22T11:56:00+05:30,814.3,815.1,813.0,814.9,5
2026-09-22T12:00:00+05:30,841.0,841.0,841.0,841.0,1
2026-09-22T12:01:00+05:30,837.85,849.4,833.5,835.65,36
2026-09-22T12:02:00+05:30,840.85,843.55,840.75,840.75,8
2026-09-22T12:03:00+05:30,855.0,855.0,855.0,855.0,1
2026-09-22T12:04:00+05:30,853.6,859.0,853.6,859.0,7
2026-09-22T12:06:00+05:30,856.1,856.8,853.35,853.45,7
2026-09-22T12:10:00+05:30,871.6,871.65,868.6,868.7,4
2026-09-22T12:11:00+05:30,863.9,863.9,863.9,863.9,1
2026-09-22T12:13:00+05:30,853.45,853.45,853.45,853.45,5
2026-09-22T12:14:00+05:30,850.0,863.9,850.0,863.9,10
2026-09-22T12:15:00+05:30,830.0,830.0,828.05,828.05,4
2026-09-22T12:20:00+05:30,873.8,873.8,873.8,873.8,1
2026-09-22T12:21:00+05:30,860.2,860.2,860.2,860.2,1
2026-09-22T12:22:00+05:30,879.2,879.2,866.3,871.75,7
2026-09-22T12:24:00+05:30,856.0,856.0,856.0,856.0,1
2026-09-22T12:30:00+05:30,848.0,848.0,848.0,848.0,1
2026-09-22T12:31:00+05:30,842.85,843.85,842.8,843.85,6
2026-09-22T12:36:00+05:30,860.0,860.0,860.0,860.0,1
2026-09-22T12:39:00+05:30,843.0,843.0,843.0,843.0,1
2026-09-22T12:40:00+05:30,845.7,845.7,838.0,838.0,2
2026-09-22T12:43:00+05:30,829.15,829.15,829.15,829.15,1
2026-09-22T12:45:00+05:30,807.0,811.15,803.1,811.15,33
2026-09-22T12:46:00+05:30,809.8,817.85,808.55,817.85,6
2026-09-22T12:47:00+05:30,823.1,823.15,823.0,823.15,4
2026-09-22T12:48:00+05:30,817.0,818.9,817.0,818.9,3
2026-09-22T12:51:00+05:30,807.95,807.95,804.35,804.35,9
2026-09-22T12:52:00+05:30,804.0,809.6,804.0,809.15,17
2026-09-22T12:53:00+05:30,818.9,819.0,814.1,814.1,3
2026-09-22T12:54:00+05:30,811.9,811.9,811.9,811.9,1
2026-09-22T12:56:00+05:30,790.0,806.35,790.0,806.35,5
2026-09-22T12:57:00+05:30,806.35,806.35,806.35,806.35,1
2026-09-22T12:58:00+05:30,810.0,810.0,810.0,810.0,36
2026-09-22T13:00:00+05:30,799.4,802.05,781.8,781.8,10
2026-09-22T13:01:00+05:30,787.95,787.95,781.7,782.65,5
2026-09-22T13:02:00+05:30,793.75,793.75,793.75,793.75,1
2026-09-22T13:03:00+05:30,787.25,795.0,781.0,781.0,53
2026-09-22T13:04:00+05:30,785.45,785.45,781.3,781.3,2
2026-09-22T13:06:00+05:30,793.0,793.0,787.65,788.1,14
2026-09-22T13:07:00+05:30,794.55,799.25,794.0,799.25,11
2026-09-22T13:08:00+05:30,796.6,800.0,795.0,800.0,12
2026-09-22T13:09:00+05:30,800.6,803.0,800.6,803.0,2
2026-09-22T13:10:00+05:30,810.0,810.0,809.7,809.7,51
2026-09-22T13:11:00+05:30,808.7,808.7,800.5,800.5,12
2026-09-22T13:12:00+05:30,800.2,806.7,796.85,806.7,7
2026-09-22T13:13:00+05:30,801.65,810.0,801.65,802.55,44
2026-09-22T13:14:00+05:30,803.45,803.45,803.45,803.45,1
2026-09-22T13:16:00+05:30,807.0,807.0,805.45,805.55,4
2026-09-22T13:18:00+05:30,799.4,799.4,793.2,793.2,7
2026-09-22T13:21:00+05:30,788.05,790.0,788.05,790.0,6
2026-09-22T13:25:00+05:30,802.0,802.0,802.0,802.0,1
2026-09-22T13:27:00+05:30,793.65,793.65,793.65,793.65,1
2026-09-22T13:28:00+05:30,810.0,810.0,806.0,806.0,4
2026-09-22T13:35:00+05:30,810.35,810.35,810.2,810.2,6
2026-09-22T13:36:00+05:30,816.0,819.0,814.0,814.0,5
2026-09-22T13:37:00+05:30,822.4,822.4,822.4,822.4,9
2026-09-22T13:39:00+05:30,816.7,816.7,816.7,816.7,1
2026-09-22T13:40:00+05:30,818.4,818.4,818.4,818.4,1
2026-09-22T13:41:00+05:30,823.6,823.6,823.6,823.6,1
2026-09-22T13:42:00+05:30,826.05,830.85,822.4,830.75,7
2026-09-22T13:45:00+05:30,797.35,797.35,797.35,797.35,3
2026-09-22T13:46:00+05:30,802.95,802.95,802.95,802.95,1
2026-09-22T13:48:00+05:30,801.65,801.65,801.65,801.65,1
2026-09-22T13:51:00+05:30,794.0,794.0,780.1,783.8,41
2026-09-22T13:52:00+05:30,789.0,793.85,789.0,793.85,6
2026-09-22T13:53:00+05:30,780.0,780.0,752.0,752.0,9
2026-09-22T13:54:00+05:30,765.65,765.65,762.75,762.75,2
2026-09-22T13:55:00+05:30,763.6,769.4,763.6,769.4,3
2026-09-22T13:57:00+05:30,762.9,769.2,762.9,769.2,8
2026-09-22T13:58:00+05:30,763.7,763.7,763.55,763.55,3
2026-09-22T13:59:00+05:30,765.7,765.7,765.7,765.7,1
2026-09-22T14:00:00+05:30,761.55,761.6,745.9,745.9,14
2026-09-22T14:01:00+05:30,758.3,761.25,752.65,755.0,12
2026-09-22T14:03:00+05:30,764.05,772.0,764.05,772.0,2
2026-09-22T14:04:00+05:30,783.45,783.45,780.0,780.0,3
2026-09-22T14:06:00+05:30,766.15,766.15,766.15,766.15,1
2026-09-22T14:08:00+05:30,768.5,768.5,768.5,768.5,1
2026-09-22T14:09:00+05:30,769.0,790.0,768.95,790.0,9
2026-09-22T14:10:00+05:30,784.65,797.8,782.5,797.8,12
2026-09-22T14:12:00+05:30,801.6,840.0,800.0,833.0,28
2026-09-22T14:13:00+05:30,826.2,826.2,826.05,826.05,4
2026-09-22T14:14:00+05:30,862.8,928.0,862.8,922.25,38
2026-09-22T14:15:00+05:30,936.2,963.65,931.45,931.45,23
2026-09-22T14:16:00+05:30,910.0,910.0,870.05,870.65,34
2026-09-22T14:17:00+05:30,905.0,908.0,900.0,908.0,29
2026-09-22T14:18:00+05:30,881.0,881.0,881.0,881.0,1
2026-09-22T14:19:00+05:30,894.0,894.0,889.35,889.35,7
2026-09-22T14:20:00+05:30,928.25,935.05,928.25,935.05,9
2026-09-22T14:21:00+05:30,930.4,951.1,930.3,939.55,53
2026-09-22T14:22:00+05:30,922.4,922.4,922.4,922.4,1
2026-09-22T14:23:00+05:30,924.35,948.1,924.25,936.0,57
2026-09-22T14:24:00+05:30,920.0,920.0,911.25,920.0,39
2026-09-22T14:25:00+05:30,898.5,898.5,896.2,896.2,2
2026-09-22T14:26:00+05:30,929.75,931.95,929.75,931.95,2
2026-09-22T14:27:00+05:30,930.0,930.6,929.55,929.55,4
2026-09-22T14:31:00+05:30,930.6,940.05,930.55,940.05,5
2026-09-22T14:32:00+05:30,942.75,942.75,942.75,942.75,1
2026-09-22T14:34:00+05:30,914.85,914.85,906.65,906.65,2
2026-09-22T14:36:00+05:30,918.5,918.5,918.5,918.5,1
2026-09-22T14:40:00+05:30,895.75,895.75,895.75,895.75,1
2026-09-22T14:42:00+05:30,869.95,869.95,853.15,853.15,2
2026-09-22T14:45:00+05:30,877.9,900.0,877.9,900.0,3
2026-09-22T14:47:00+05:30,890.0,890.0,890.0,890.0,1
2026-09-22T14:50:00+05:30,878.65,878.7,878.65,878.7,3
2026-09-22T14:52:00+05:30,868.0,868.0,860.0,860.0,5
2026-09-22T14:56:00+05:30,845.0,845.0,845.0,845.0,1
2026-09-22T14:59:00+05:30,830.05,830.05,829.15,829.15,13
2026-09-22T15:01:00+05:30,820.0,820.0,820.0,820.0,3
2026-09-22T15:02:00+05:30,859.9,859.9,855.4,855.4,7
2026-09-22T15:03:00+05:30,855.5,865.0,855.5,865.0,9
2026-09-22T15:04:00+05:30,859.3,859.3,859.3,859.3,1
2026-09-22T15:05:00+05:30,867.95,867.95,865.2,865.2,2
2026-09-22T15:06:00+05:30,849.9,849.9,849.45,849.45,4
2026-09-22T15:07:00+05:30,855.4,855.4,855.4,855.4,1
2026-09-22T15:08:00+05:30,845.45,845.45,845.45,845.45,1
2026-09-22T15:09:00+05:30,849.45,849.55,849.45,849.55,3
2026-09-22T15:10:00+05:30,849.75,851.0,843.2,843.2,10
2026-09-22T15:11:00+05:30,849.7,880.0,849.7,875.0,8
2026-09-22T15:12:00+05:30,878.95,878.95,878.95,878.95,1
2026-09-22T15:15:00+05:30,885.0,885.0,862.0,862.0,23
2026-09-22T15:16:00+05:30,877.95,882.0,876.3,882.0,8
2026-09-22T15:20:00+05:30,875.9,875.9,875.9,875.9,1
2026-09-22T15:21:00+05:30,870.05,877.4,870.05,877.0,14
2026-09-22T15:22:00+05:30,882.0,882.0,857.0,869.25,3
2026-09-22T15:24:00+05:30,865.55,865.55,865.55,865.55,1
2026-09-22T15:25:00+05:30,861.9,865.05,861.9,865.0,8
2026-09-22T15:26:00+05:30,865.6,871.6,865.55,871.6,8
2026-09-22T15:27:00+05:30,869.95,869.95,869.95,869.95,2
2026-09-22T15:28:00+05:30,867.45,877.5,862.25,867.95,15
2026-09-22T15:29:00+05:30,866.9,867.0,866.9,867.0,3
2026-09-22T15:30:00+05:30,855.95,855.95,855.95,855.95,2
2026-09-22T15:31:00+05:30,838.15,847.9,838.15,847.9,2
2026-09-22T15:32:00+05:30,846.85,846.85,846.85,846.85,1
2026-09-22T15:34:00+05:30,878.0,882.0,878.0,881.0,8
2026-09-22T15:35:00+05:30,877.15,907.95,877.15,907.25,12
2026-09-22T15:36:00+05:30,906.85,909.9,906.85,907.95,9
2026-09-22T15:37:00+05:30,909.75,909.9,906.45,909.9,10
2026-09-22T15:38:00+05:30,920.15,930.0,920.15,930.0,17
2026-09-22T15:39:00+05:30,930.1,965.55,930.1,953.65,11
2026-09-23T09:15:00+05:30,882.0,898.7,880.0,895.4,26
2026-09-23T09:16:00+05:30,902.0,916.0,892.35,905.95,30
2026-09-23T09:17:00+05:30,930.0,930.0,906.1,929.8,18
2026-09-23T09:18:00+05:30,949.95,955.0,926.3,926.3,22
2026-09-23T09:19:00+05:30,939.3,939.3,939.3,939.3,1
2026-09-23T09:20:00+05:30,960.0,960.0,945.0,945.0,5
2026-09-23T09:21:00+05:30,952.35,952.35,950.15,950.15,5
2026-09-23T09:22:00+05:30,954.3,954.3,945.0,945.05,5
2026-09-23T09:23:00+05:30,923.6,923.6,920.0,920.0,2
2026-09-23T09:24:00+05:30,902.9,904.0,899.75,903.55,67
2026-09-23T09:25:00+05:30,890.0,893.35,885.0,885.0,5
2026-09-23T09:26:00+05:30,908.0,908.0,900.75,900.75,3
2026-09-23T09:28:00+05:30,885.35,885.35,885.35,885.35,1
2026-09-23T09:29:00+05:30,888.9,888.9,888.9,888.9,1
2026-09-23T09:30:00+05:30,903.1,903.1,900.1,900.1,2
2026-09-23T09:31:00+05:30,922.85,922.85,915.75,915.75,2
2026-09-23T09:33:00+05:30,924.35,924.4,924.35,924.4,2
2026-09-23T09:34:00+05:30,924.8,924.95,924.8,924.95,5
2026-09-23T09:35:00+05:30,935.0,937.9,912.25,912.25,5
2026-09-23T09:36:00+05:30,925.95,926.0,910.0,910.0,3
2026-09-23T09:37:00+05:30,928.0,928.05,928.0,928.05,2
2026-09-23T09:38:00+05:30,935.0,938.0,935.0,938.0,2
2026-09-23T09:39:00+05:30,921.1,921.1,919.0,919.0,3
2026-09-23T09:40:00+05:30,930.1,934.45,930.1,934.45,2
2026-09-23T09:41:00+05:30,937.0,937.0,937.0,937.0,1
2026-09-23T09:42:00+05:30,941.2,941.2,941.2,941.2,1
2026-09-23T09:43:00+05:30,935.0,935.0,935.0,935.0,1
2026-09-23T09:45:00+05:30,938.25,950.0,938.25,950.0,7
2026-09-23T09:46:00+05:30,951.2,951.2,949.3,949.3,4
2026-09-23T09:47:00+05:30,944.25,944.25,938.9,942.35,4
2026-09-23T09:48:00+05:30,941.5,941.6,920.0,920.0,4
2026-09-23T09:54:00+05:30,900.0,900.0,896.15,896.15,3
2026-09-23T09:56:00+05:30,926.25,926.25,926.25,926.25,1
2026-09-23T09:57:00+05:30,942.0,942.0,942.0,942.0,3
2026-09-23T09:58:00+05:30,939.5,945.0,939.5,945.0,2
2026-09-23T09:59:00+05:30,970.9,970.9,970.9,970.9,1
2026-09-23T10:00:00+05:30,978.55,1009.9,976.9,984.05,68
2026-09-23T10:01:00+05:30,983.7,983.7,983.7,983.7,1
2026-09-23T10:02:00+05:30,997.35,997.35,997.35,997.35,1
2026-09-23T10:03:00+05:30,982.45,982.45,982.45,982.45,1
2026-09-23T10:04:00+05:30,986.4,997.0,986.4,996.4,3
2026-09-23T10:05:00+05:30,997.6,998.2,997.6,997.8,4
2026-09-23T10:06:00+05:30,999.3,999.3,995.15,995.15,2
2026-09-23T10:07:00+05:30,971.55,971.55,971.55,971.55,1
2026-09-23T10:08:00+05:30,975.0,975.0,974.5,974.5,2
2026-09-23T10:09:00+05:30,968.85,984.65,968.85,984.65,2
2026-09-23T10:10:00+05:30,984.5,984.5,984.5,984.5,1
2026-09-23T10:11:00+05:30,956.8,956.8,956.75,956.75,2
2026-09-23T10:15:00+05:30,990.8,990.8,990.8,990.8,1
2026-09-23T10:16:00+05:30,998.0,998.0,995.85,995.85,2
2026-09-23T10:17:00+05:30,1005.85,1012.05,1004.5,1012.05,5
2026-09-23T10:18:00+05:30,1003.9,1003.9,1003.9,1003.9,1
2026-09-23T10:27:00+05:30,1004.6,1004.6,1004.45,1004.45,6
2026-09-23T10:29:00+05:30,1014.5,1014.5,1014.5,1014.5,1
2026-09-23T10:30:00+05:30,1028.0,1028.0,1027.95,1028.0,12
2026-09-23T10:33:00+05:30,1004.0,1004.0,1004.0,1004.0,1
2026-09-23T10:39:00+05:30,1028.0,1040.4,1028.0,1040.4,13
2026-09-23T10:45:00+05:30,1038.0,1038.0,1038.0,1038.0,1
2026-09-23T10:46:00+05:30,1054.3,1055.95,1054.3,1055.95,5
2026-09-23T10:47:00+05:30,1047.05,1047.05,1046.6,1046.6,3
2026-09-23T10:48:00+05:30,1026.45,1026.45,1026.4,1026.4,2
2026-09-23T10:56:00+05:30,1055.0,1058.85,1055.0,1058.85,2
2026-09-23T10:57:00+05:30,1054.95,1054.95,1053.95,1053.95,3
2026-09-23T10:58:00+05:30,1053.0,1055.0,1053.0,1055.0,2
2026-09-23T11:02:00+05:30,1069.95,1069.95,1064.45,1064.45,2
2026-09-23T11:04:00+05:30,1045.0,1045.0,1043.1,1043.1,2
2026-09-23T11:05:00+05:30,1047.9,1047.9,1047.9,1047.9,1
2026-09-23T11:07:00+05:30,1072.0,1073.2,1072.0,1073.2,2
2026-09-23T11:11:00+05:30,1067.7,1067.7,1066.75,1066.75,2
2026-09-23T11:12:00+05:30,1071.7,1071.7,1069.75,1069.75,5
2026-09-23T11:14:00+05:30,1066.8,1066.8,1066.65,1066.65,4
2026-09-23T11:16:00+05:30,1056.1,1056.55,1056.1,1056.55,5
2026-09-23T11:17:00+05:30,1034.9,1034.9,1033.05,1033.05,3
2026-09-23T11:18:00+05:30,1036.75,1036.75,1026.0,1026.0,2
2026-09-23T11:19:00+05:30,1025.4,1031.95,1025.4,1029.85,4
2026-09-23T11:21:00+05:30,1036.4,1036.6,1035.85,1036.6,9
2026-09-23T11:22:00+05:30,1046.25,1046.25,1043.85,1043.95,7
2026-09-23T11:27:00+05:30,1048.25,1048.25,1047.1,1047.1,6
2026-09-23T11:30:00+05:30,1039.7,1039.7,1039.7,1039.7,2
2026-09-23T11:32:00+05:30,1046.0,1046.0,1046.0,1046.0,1
2026-09-23T11:35:00+05:30,1035.0,1035.0,1035.0,1035.0,3
2026-09-23T11:37:00+05:30,1045.55,1045.55,1044.4,1044.4,8
2026-09-23T11:39:00+05:30,1031.25,1031.25,1031.25,1031.25,1
2026-09-23T11:41:00+05:30,1047.95,1048.0,1047.95,1048.0,3
2026-09-23T11:47:00+05:30,1048.0,1048.0,1048.0,1048.0,1
2026-09-23T11:49:00+05:30,1027.35,1027.35,1027.35,1027.35,1
2026-09-23T11:51:00+05:30,1020.0,1028.2,1020.0,1028.2,7
2026-09-23T11:56:00+05:30,1020.0,1020.0,1020.0,1020.0,1
2026-09-23T11:59:00+05:30,1020.0,1020.0,1020.0,1020.0,1
2026-09-23T12:05:00+05:30,1059.2,1059.2,1059.2,1059.2,1
2026-09-23T12:08:00+05:30,1041.9,1041.9,1041.9,1041.9,1
2026-09-23T12:10:00+05:30,1041.9,1041.9,1041.9,1041.9,1
2026-09-23T12:13:00+05:30,1049.0,1049.0,1049.0,1049.0,1
2026-09-23T12:22:00+05:30,1036.9,1036.9,1036.9,1036.9,1
2026-09-23T12:24:00+05:30,1040.0,1040.0,1040.0,1040.0,1
2026-09-23T12:28:00+05:30,1039.35,1039.45,1039.35,1039.45,2
2026-09-23T12:32:00+05:30,1043.6,1043.6,1042.75,1043.5,8
2026-09-23T12:48:00+05:30,1000.1,1000.1,1000.1,1000.1,1
2026-09-23T12:51:00+05:30,1023.3,1023.3,1023.3,1023.3,1
2026-09-23T12:52:00+05:30,1012.75,1013.35,1000.0,1000.0,16
2026-09-23T12:54:00+05:30,987.35,987.35,980.8,986.6,3
2026-09-23T12:57:00+05:30,1015.0,1015.0,1015.0,1015.0,1
2026-09-23T12:59:00+05:30,1020.65,1020.7,1020.65,1020.7,2
2026-09-23T13:02:00+05:30,1035.0,1035.0,1035.0,1035.0,1
2026-09-23T13:03:00+05:30,1042.85,1042.85,1042.8,1042.8,2
2026-09-23T13:07:00+05:30,1052.85,1058.65,1052.85,1058.65,5
2026-09-23T13:17:00+05:30,1050.7,1050.7,1049.1,1049.1,6
2026-09-23T13:27:00+05:30,1044.05,1044.05,1044.05,1044.05,1
2026-09-23T13:37:00+05:30,1000.0,1000.0,1000.0,1000.0,1
2026-09-23T13:41:00+05:30,1000.0,1000.0,1000.0,1000.0,1
2026-09-23T13:44:00+05:30,1020.45,1025.0,1020.45,1025.0,2
2026-09-23T13:47:00+05:30,1026.3,1026.35,1026.3,1026.35,4
2026-09-23T13:51:00+05:30,1031.0,1031.0,1031.0,1031.0,1
2026-09-23T14:02:00+05:30,1030.0,1030.0,1030.0,1030.0,1
2026-09-23T14:03:00+05:30,1042.0,1042.0,1042.0,1042.0,1
2026-09-23T14:07:00+05:30,1050.0,1050.0,1050.0,1050.0,11
2026-09-23T14:13:00+05:30,1078.0,1078.0,1078.0,1078.0,5
2026-09-23T14:15:00+05:30,1076.55,1077.7,1074.6,1074.6,9
2026-09-23T14:22:00+05:30,1041.35,1041.35,1038.8,1038.8,5
2026-09-23T14:29:00+05:30,1067.9,1067.9,1064.9,1065.5,9
2026-09-23T14:33:00+05:30,1054.0,1054.0,1054.0,1054.0,1
2026-09-23T14:34:00+05:30,1045.0,1045.0,1045.0,1045.0,1
2026-09-23T14:35:00+05:30,1035.0,1036.9,1031.0,1031.0,3
2026-09-23T14:44:00+05:30,1015.35,1019.0,1015.35,1018.15,24
2026-09-23T14:47:00+05:30,1010.0,1010.0,1010.0,1010.0,1
2026-09-23T14:50:00+05:30,1000.0,1000.0,1000.0,1000.0,2
2026-09-23T14:52:00+05:30,1004.6,1004.6,1004.6,1004.6,1
2026-09-23T15:02:00+05:30,970.0,970.0,970.0,970.0,1
2026-09-23T15:05:00+05:30,979.9,979.9,979.9,979.9,4
2026-09-23T15:07:00+05:30,991.0,991.05,991.0,991.05,2
2026-09-23T15:12:00+05:30,1010.0,1010.0,1008.85,1008.85,3
2026-09-23T15:13:00+05:30,1008.85,1008.85,1008.85,1008.85,1
2026-09-23T15:14:00+05:30,1009.9,1030.3,1009.85,1030.3,3
2026-09-23T15:15:00+05:30,1049.9,1050.0,1049.9,1050.0,3
2026-09-23T15:16:00+05:30,1054.2,1054.2,1054.2,1054.2,1
2026-09-23T15:17:00+05:30,1032.2,1032.2,1032.2,1032.2,1
2026-09-23T15:21:00+05:30,1039.25,1039.3,1039.25,1039.3,2
2026-09-23T15:27:00+05:30,1037.0,1037.0,1037.0,1037.0,1
2026-09-23T15:31:00+05:30,1051.0,1051.0,1051.0,1051.0,1
2026-09-23T15:33:00+05:30,1052.95,1052.95,1052.95,1052.95,1
2026-09-23T15:38:00+05:30,1042.8,1042.8,1042.8,1042.8,1
2026-09-23T15:39:00+05:30,1046.25,1052.05,1046.25,1052.05,2
2026-09-24T09:15:00+05:30,534.2,637.75,450.0,577.0,1179
2026-09-24T09:16:00+05:30,575.0,575.35,533.7,534.8,703
2026-09-24T09:17:00+05:30,533.1,541.6,460.0,464.45,1145
2026-09-24T09:18:00+05:30,462.4,479.6,451.9,465.85,1520
2026-09-24T09:19:00+05:30,465.35,490.0,431.45,441.65,1661
2026-09-24T09:20:00+05:30,439.25,458.2,435.6,451.45,1220
2026-09-24T09:21:00+05:30,453.65,460.0,437.0,447.5,1200
2026-09-24T09:22:00+05:30,449.25,470.0,437.45,468.0,1273
2026-09-24T09:23:00+05:30,467.5,485.75,463.65,472.75,1750
2026-09-24T09:24:00+05:30,472.5,478.65,458.45,461.75,931
2026-09-24T09:25:00+05:30,460.5,462.95,436.85,441.5,1164
2026-09-24T09:26:00+05:30,441.6,453.15,435.55,438.6,1132
2026-09-24T09:27:00+05:30,438.5,438.5,421.0,429.05,1201
2026-09-24T09:28:00+05:30,428.65,440.0,424.4,432.9,701
2026-09-24T09:29:00+05:30,430.0,433.0,421.5,424.2,604
2026-09-24T09:30:00+05:30,424.6,424.7,405.0,406.85,1757
2026-09-24T09:31:00+05:30,406.3,412.6,400.4,404.45,1141
2026-09-24T09:32:00+05:30,405.85,414.95,398.0,402.25,1303
2026-09-24T09:33:00+05:30,402.25,405.9,395.0,405.75,938
2026-09-24T09:34:00+05:30,406.0,406.45,398.9,401.7,755
2026-09-24T09:35:00+05:30,401.6,406.95,396.95,398.3,725
2026-09-24T09:36:00+05:30,396.95,400.05,395.0,398.75,708
2026-09-24T09:37:00+05:30,398.65,398.7,385.8,388.95,1078
2026-09-24T09:38:00+05:30,387.5,390.3,372.0,373.55,1126
2026-09-24T09:39:00+05:30,373.65,379.15,360.1,365.0,1545
2026-09-24T09:40:00+05:30,363.85,374.4,360.8,373.2,1168
2026-09-24T09:41:00+05:30,372.45,374.3,362.4,365.7,1003
2026-09-24T09:42:00+05:30,364.95,366.7,358.0,365.65,886
2026-09-24T09:43:00+05:30,364.65,365.2,346.8,350.1,1244
2026-09-24T09:44:00+05:30,350.3,354.3,343.0,347.55,1011
2026-09-24T09:45:00+05:30,347.4,358.0,333.85,357.1,1609
2026-09-24T09:46:00+05:30,357.1,364.0,351.15,356.6,1157
2026-09-24T09:47:00+05:30,356.25,359.8,352.9,353.4,361
2026-09-24T09:48:00+05:30,353.6,361.6,353.0,358.3,409
2026-09-24T09:49:00+05:30,357.95,367.45,356.5,366.15,552
2026-09-24T09:50:00+05:30,365.2,370.8,358.0,369.0,705
2026-09-24T09:51:00+05:30,369.5,371.5,357.25,358.0,378
2026-09-24T09:52:00+05:30,358.15,362.7,353.0,353.05,299
2026-09-24T09:53:00+05:30,354.25,356.05,350.75,351.0,213
2026-09-24T09:54:00+05:30,351.9,354.5,350.85,354.5,260
2026-09-24T09:55:00+05:30,353.1,358.8,350.45,358.2,245
2026-09-24T09:56:00+05:30,360.0,362.25,354.8,355.3,395
2026-09-24T09:57:00+05:30,355.4,359.85,355.4,358.75,266
2026-09-24T09:58:00+05:30,358.35,364.1,357.35,361.8,434
2026-09-24T09:59:00+05:30,362.85,365.55,358.55,362.05,241
2026-09-24T10:00:00+05:30,361.85,371.9,358.25,371.1,517
2026-09-24T10:01:00+05:30,372.0,376.5,368.8,372.15,862
2026-09-24T10:02:00+05:30,371.9,381.15,369.1,380.3,647
2026-09-24T10:03:00+05:30,379.65,390.0,376.45,389.6,778
2026-09-24T10:04:00+05:30,389.7,397.5,382.9,384.75,1438
2026-09-24T10:05:00+05:30,383.45,383.6,372.0,373.95,702
2026-09-24T10:06:00+05:30,374.35,375.05,363.8,368.2,532
2026-09-24T10:07:00+05:30,367.9,377.85,367.7,377.15,642
2026-09-24T10:08:00+05:30,377.1,389.4,375.0,388.25,455
2026-09-24T10:09:00+05:30,388.45,396.3,384.25,391.15,895
2026-09-24T10:10:00+05:30,390.95,393.8,378.2,379.65,739
2026-09-24T10:11:00+05:30,378.95,381.9,368.75,375.25,557
2026-09-24T10:12:00+05:30,374.2,375.5,365.3,365.3,297
2026-09-24T10:13:00+05:30,365.25,371.65,356.35,356.35,462
2026-09-24T10:14:00+05:30,357.1,360.75,355.0,358.55,632
2026-09-24T10:15:00+05:30,358.95,366.7,356.0,364.0,499
2026-09-24T10:16:00+05:30,363.4,363.9,358.0,358.5,206
2026-09-24T10:17:00+05:30,357.0,357.5,351.3,356.2,428
2026-09-24T10:18:00+05:30,354.9,357.85,352.0,352.5,227
2026-09-24T10:19:00+05:30,352.0,363.95,348.65,363.95,408
2026-09-24T10:20:00+05:30,362.9,363.9,356.95,360.5,221
2026-09-24T10:21:00+05:30,360.0,360.2,350.35,353.2,170
2026-09-24T10:22:00+05:30,353.35,355.55,350.0,350.8,475
2026-09-24T10:23:00+05:30,350.0,358.1,349.65,355.55,226
2026-09-24T10:24:00+05:30,354.85,358.4,353.5,356.0,196
2026-09-24T10:25:00+05:30,355.0,356.0,349.0,352.35,232
2026-09-24T10:26:00+05:30,352.45,362.0,351.0,359.85,269
2026-09-24T10:27:00+05:30,359.5,362.0,357.95,357.95,219
2026-09-24T10:28:00+05:30,358.25,360.25,351.3,352.75,130
2026-09-24T10:29:00+05:30,353.25,359.25,351.5,356.25,121
2026-09-24T10:30:00+05:30,355.75,357.95,352.55,356.6,136
2026-09-24T10:31:00+05:30,356.55,363.3,356.55,362.65,463
2026-09-24T10:32:00+05:30,363.15,367.0,361.1,365.9,285
2026-09-24T10:33:00+05:30,365.1,372.25,363.9,370.4,382
2026-09-24T10:34:00+05:30,370.05,372.0,362.35,368.05,224
2026-09-24T10:35:00+05:30,366.9,367.2,362.0,363.5,152
2026-09-24T10:36:00+05:30,362.35,379.75,362.15,372.3,491
2026-09-24T10:37:00+05:30,374.0,375.75,363.7,363.75,325
2026-09-24T10:38:00+05:30,364.05,375.0,364.05,365.0,136
2026-09-24T10:39:00+05:30,365.4,371.0,364.15,367.15,166
2026-09-24T10:40:00+05:30,366.05,366.05,354.0,356.0,527
2026-09-24T10:41:00+05:30,356.15,364.15,355.05,363.3,333
2026-09-24T10:42:00+05:30,361.2,366.2,358.8,362.7,110
2026-09-24T10:43:00+05:30,362.8,363.5,354.0,357.05,117
2026-09-24T10:44:00+05:30,357.85,361.75,356.25,361.4,101
2026-09-24T10:45:00+05:30,360.25,366.0,360.2,364.2,195
2026-09-24T10:46:00+05:30,364.0,366.0,360.25,360.85,305
2026-09-24T10:47:00+05:30,360.0,364.55,359.15,363.3,170
2026-09-24T10:48:00+05:30,363.0,363.8,356.2,357.65,137
2026-09-24T10:49:00+05:30,356.85,361.6,356.0,361.45,102
2026-09-24T10:50:00+05:30,361.6,362.95,357.4,362.95,63
2026-09-24T10:51:00+05:30,362.75,387.0,362.75,377.0,984
2026-09-24T10:52:00+05:30,378.55,388.6,375.05,382.25,684
2026-09-24T10:53:00+05:30,383.55,390.0,377.0,377.0,470
2026-09-24T10:54:00+05:30,377.5,384.7,376.25,381.9,229
2026-09-24T10:55:00+05:30,381.6,392.95,379.65,386.8,800
2026-09-24T10:56:00+05:30,386.8,386.8,375.3,376.85,636
2026-09-24T10:57:00+05:30,377.35,382.3,375.0,377.85,244
2026-09-24T10:58:00+05:30,377.85,378.85,366.7,375.5,342
2026-09-24T10:59:00+05:30,374.05,380.0,372.45,379.95,137
2026-09-24T11:00:00+05:30,380.85,380.85,375.0,378.95,206
2026-09-24T11:01:00+05:30,378.6,388.7,375.25,375.55,331
2026-09-24T11:02:00+05:30,375.3,385.7,375.0,383.5,296
2026-09-24T11:03:00+05:30,381.75,383.45,377.0,377.0,122
2026-09-24T11:04:00+05:30,377.3,382.9,374.0,377.85,367
2026-09-24T11:05:00+05:30,379.1,379.3,369.0,369.95,343
2026-09-24T11:06:00+05:30,370.5,374.9,366.6,369.65,318
2026-09-24T11:07:00+05:30,371.5,378.75,371.25,375.4,164
2026-09-24T11:08:00+05:30,375.9,377.0,368.4,371.75,102
2026-09-24T11:09:00+05:30,370.2,371.3,364.45,367.25,384
2026-09-24T11:10:00+05:30,367.25,370.0,365.65,368.95,220
2026-09-24T11:11:00+05:30,369.85,375.0,362.4,364.95,321
2026-09-24T11:12:00+05:30,363.3,369.6,362.4,364.75,140
2026-09-24T11:13:00+05:30,365.55,367.5,344.0,359.35,910
2026-09-24T11:14:00+05:30,361.7,365.0,358.35,361.8,560
2026-09-24T11:15:00+05:30,361.45,369.9,359.35,368.65,348
2026-09-24T11:16:00+05:30,369.15,371.0,367.3,369.6,269
2026-09-24T11:17:00+05:30,370.05,379.1,369.95,375.3,434
2026-09-24T11:18:00+05:30,376.0,388.2,375.7,384.05,577
2026-09-24T11:19:00+05:30,384.1,392.5,382.05,390.35,715
2026-09-24T11:20:00+05:30,389.8,392.8,380.1,384.25,650
2026-09-24T11:21:00+05:30,383.45,384.05,379.05,381.65,377
2026-09-24T11:22:00+05:30,382.8,383.0,372.5,378.2,420
2026-09-24T11:23:00+05:30,378.55,378.8,369.5,372.8,171
2026-09-24T11:24:00+05:30,373.1,376.0,367.25,367.25,220
2026-09-24T11:25:00+05:30,367.4,375.05,365.65,368.55,342
2026-09-24T11:26:00+05:30,368.4,370.45,362.95,370.2,211
2026-09-24T11:27:00+05:30,369.55,374.0,369.1,372.2,156
2026-09-24T11:28:00+05:30,373.35,376.6,369.35,369.9,211
2026-09-24T11:29:00+05:30,370.25,372.7,365.1,365.7,105
2026-09-24T11:30:00+05:30,365.7,367.35,365.0,366.35,105
2026-09-24T11:31:00+05:30,366.35,368.7,360.6,363.75,191
2026-09-24T11:32:00+05:30,363.5,368.2,355.55,358.6,455
2026-09-24T11:33:00+05:30,358.9,367.95,356.3,366.7,244
2026-09-24T11:34:00+05:30,367.2,369.0,358.3,360.2,155
2026-09-24T11:35:00+05:30,359.05,365.05,359.05,365.05,184
2026-09-24T11:36:00+05:30,362.7,371.0,362.7,371.0,295
2026-09-24T11:37:00+05:30,371.0,374.0,367.8,371.45,202
2026-09-24T11:38:00+05:30,371.6,375.9,370.0,371.2,203
2026-09-24T11:39:00+05:30,370.45,379.75,369.3,378.8,197
2026-09-24T11:40:00+05:30,378.4,379.1,373.75,375.55,108
2026-09-24T11:41:00+05:30,375.9,379.15,369.4,370.1,242
2026-09-24T11:42:00+05:30,369.85,374.9,369.65,371.35,196
2026-09-24T11:43:00+05:30,372.2,372.65,367.5,371.65,166
2026-09-24T11:44:00+05:30,370.35,371.05,367.3,367.3,64
2026-09-24T11:45:00+05:30,368.65,373.7,366.6,372.65,103
2026-09-24T11:46:00+05:30,372.95,375.45,371.15,371.15,123
2026-09-24T11:47:00+05:30,371.3,374.95,368.4,369.0,94
2026-09-24T11:48:00+05:30,368.85,376.7,366.0,375.05,159
2026-09-24T11:49:00+05:30,374.6,375.35,368.3,368.3,85
2026-09-24T11:50:00+05:30,368.35,375.0,368.0,369.35,96
2026-09-24T11:51:00+05:30,370.4,372.15,367.65,371.0,122
2026-09-24T11:52:00+05:30,370.35,373.6,368.85,370.0,112
2026-09-24T11:53:00+05:30,369.7,373.6,365.4,367.2,241
2026-09-24T11:54:00+05:30,368.0,370.75,367.1,368.4,121
2026-09-24T11:55:00+05:30,368.9,368.9,360.8,364.5,152
2026-09-24T11:56:00+05:30,364.25,364.25,360.85,362.7,185
2026-09-24T11:57:00+05:30,362.0,367.0,358.85,361.0,319
2026-09-24T11:58:00+05:30,362.0,369.0,361.1,367.05,132
2026-09-24T11:59:00+05:30,367.0,368.35,366.05,368.05,59
2026-09-24T12:00:00+05:30,366.25,369.7,363.0,368.0,110
2026-09-24T12:01:00+05:30,368.5,375.95,367.9,375.85,172
2026-09-24T12:02:00+05:30,375.45,383.95,373.35,374.85,314
2026-09-24T12:03:00+05:30,375.05,376.9,370.0,371.75,133
2026-09-24T12:04:00+05:30,371.5,373.45,367.5,367.5,131
2026-09-24T12:05:00+05:30,368.25,369.85,365.0,368.0,140
2026-09-24T12:06:00+05:30,367.55,372.2,366.35,370.6,104
2026-09-24T12:07:00+05:30,369.8,374.0,368.65,370.75,85
2026-09-24T12:08:00+05:30,370.6,370.6,363.55,367.5,128
2026-09-24T12:09:00+05:30,365.6,372.0,365.6,370.0,89
2026-09-24T12:10:00+05:30,370.0,372.6,366.45,371.3,39
2026-09-24T12:11:00+05:30,371.2,373.7,370.3,370.3,103
2026-09-24T12:12:00+05:30,370.5,371.15,366.4,366.8,39
2026-09-24T12:13:00+05:30,366.8,369.55,365.75,365.75,63
2026-09-24T12:14:00+05:30,365.55,366.6,360.0,360.15,192
2026-09-24T12:15:00+05:30,361.05,369.75,360.0,366.0,118
2026-09-24T12:16:00+05:30,368.05,368.05,363.1,363.95,141
2026-09-24T12:17:00+05:30,365.3,367.55,363.6,363.6,47
2026-09-24T12:18:00+05:30,363.7,366.0,363.65,366.0,13
2026-09-24T12:19:00+05:30,367.0,371.6,366.0,369.3,64
2026-09-24T12:20:00+05:30,369.85,376.15,367.5,368.35,296
2026-09-24T12:21:00+05:30,368.55,372.5,368.0,370.4,123
2026-09-24T12:22:00+05:30,370.0,371.25,365.4,365.4,64
2026-09-24T12:23:00+05:30,365.8,366.1,360.0,365.0,200
2026-09-24T12:24:00+05:30,363.8,370.7,363.75,367.5,134
2026-09-24T12:25:00+05:30,366.75,367.55,353.15,354.55,325
2026-09-24T12:26:00+05:30,353.55,366.4,352.75,364.95,273
2026-09-24T12:27:00+05:30,364.85,369.85,362.0,369.85,135
2026-09-24T12:28:00+05:30,369.9,377.0,369.5,374.75,400
2026-09-24T12:29:00+05:30,375.5,376.0,369.85,373.95,110
2026-09-24T12:30:00+05:30,375.0,382.0,368.35,382.0,285
2026-09-24T12:31:00+05:30,382.0,385.0,368.0,368.25,332
2026-09-24T12:32:00+05:30,368.85,369.55,354.95,363.75,282
2026-09-24T12:33:00+05:30,363.95,370.8,363.0,367.9,203
2026-09-24T12:34:00+05:30,367.7,372.8,366.45,372.5,150
2026-09-24T12:35:00+05:30,372.85,373.4,356.4,367.55,223
2026-09-24T12:36:00+05:30,366.4,373.2,350.0,372.8,501
2026-09-24T12:37:00+05:30,372.35,372.8,364.9,371.3,150
2026-09-24T12:38:00+05:30,370.3,379.0,370.3,376.5,178
2026-09-24T12:39:00+05:30,376.4,376.95,372.15,373.65,203
2026-09-24T12:40:00+05:30,373.2,381.45,372.05,381.45,211
2026-09-24T12:41:00+05:30,381.1,389.0,378.65,379.8,591
2026-09-24T12:42:00+05:30,380.35,386.0,379.1,381.8,164
2026-09-24T12:43:00+05:30,381.1,383.0,377.85,379.6,150
2026-09-24T12:44:00+05:30,379.05,379.85,374.5,377.25,82
2026-09-24T12:45:00+05:30,376.8,383.0,373.4,380.0,158
2026-09-24T12:46:00+05:30,380.3,382.3,376.55,379.15,61
2026-09-24T12:47:00+05:30,378.5,380.2,375.0,379.2,110
2026-09-24T12:48:00+05:30,380.05,382.25,375.8,375.8,165
2026-09-24T12:49:00+05:30,377.5,380.6,375.0,380.35,136
2026-09-24T12:50:00+05:30,380.05,385.0,379.25,380.0,355
2026-09-24T12:51:00+05:30,378.0,384.0,377.2,380.45,150
2026-09-24T12:52:00+05:30,381.45,381.45,375.6,375.95,54
2026-09-24T12:53:00+05:30,376.15,378.55,372.0,374.25,212
2026-09-24T12:54:00+05:30,373.85,373.95,367.45,368.45,129
2026-09-24T12:55:00+05:30,368.75,375.0,368.0,374.1,148
2026-09-24T12:56:00+05:30,373.25,379.85,371.1,377.85,127
2026-09-24T12:57:00+05:30,376.55,380.45,373.0,378.75,98
2026-09-24T12:58:00+05:30,378.35,380.0,375.05,375.4,51
2026-09-24T12:59:00+05:30,371.4,377.6,371.3,375.1,44
2026-09-24T13:00:00+05:30,374.7,382.0,372.0,376.15,95
2026-09-24T13:01:00+05:30,376.4,380.95,376.4,378.55,48
2026-09-24T13:02:00+05:30,379.55,384.0,378.45,384.0,169
2026-09-24T13:03:00+05:30,383.45,392.0,382.15,391.2,680
2026-09-24T13:04:00+05:30,391.8,391.85,385.2,387.2,281
2026-09-24T13:05:00+05:30,388.65,390.0,380.0,380.05,239
2026-09-24T13:06:00+05:30,379.7,384.95,377.0,384.4,148
2026-09-24T13:07:00+05:30,383.9,388.0,383.6,386.7,71
2026-09-24T13:08:00+05:30,387.0,389.35,383.0,383.75,177
2026-09-24T13:09:00+05:30,384.65,384.7,380.55,381.55,172
2026-09-24T13:10:00+05:30,381.0,381.6,375.5,380.65,187
2026-09-24T13:11:00+05:30,380.0,384.3,380.0,380.85,39
2026-09-24T13:12:00+05:30,380.65,387.55,378.3,387.05,113
2026-09-24T13:13:00+05:30,386.0,390.85,386.0,390.6,262
2026-09-24T13:14:00+05:30,389.9,398.85,389.3,393.35,813
2026-09-24T13:15:00+05:30,392.45,397.8,390.0,396.15,382
2026-09-24T13:16:00+05:30,395.25,397.0,391.45,393.55,239
2026-09-24T13:17:00+05:30,392.15,393.65,384.3,388.0,306
2026-09-24T13:18:00+05:30,389.35,390.75,385.65,385.95,118
2026-09-24T13:19:00+05:30,386.15,390.0,385.35,388.9,79
2026-09-24T13:20:00+05:30,386.4,386.4,380.05,385.35,270
2026-09-24T13:21:00+05:30,385.05,387.65,382.0,385.5,93
2026-09-24T13:22:00+05:30,385.7,386.35,380.2,385.1,169
2026-09-24T13:23:00+05:30,382.85,383.8,378.75,381.05,85
2026-09-24T13:24:00+05:30,381.6,381.6,376.5,378.8,165
2026-09-24T13:25:00+05:30,382.95,383.95,370.05,372.4,198
2026-09-24T13:26:00+05:30,372.8,376.5,355.0,355.35,876
2026-09-24T13:27:00+05:30,355.85,368.65,345.0,357.15,1283
2026-09-24T13:28:00+05:30,357.2,362.45,353.1,358.95,762
2026-09-24T13:29:00+05:30,359.0,364.4,354.4,357.8,523
2026-09-24T13:30:00+05:30,359.25,366.0,357.0,362.0,212
2026-09-24T13:31:00+05:30,363.0,375.0,359.2,373.15,295
2026-09-24T13:32:00+05:30,371.45,375.0,365.7,371.45,329
2026-09-24T13:33:00+05:30,370.7,373.45,361.5,367.75,311
2026-09-24T13:34:00+05:30,369.65,369.65,358.0,362.2,134
2026-09-24T13:35:00+05:30,363.0,365.5,358.2,359.05,133
2026-09-24T13:36:00+05:30,359.15,363.0,350.0,360.55,413
2026-09-24T13:37:00+05:30,360.7,363.85,358.0,358.65,201
2026-09-24T13:38:00+05:30,358.95,359.25,354.0,357.2,171
2026-09-24T13:39:00+05:30,354.5,357.75,349.0,355.05,399
2026-09-24T13:40:00+05:30,355.95,361.05,353.85,359.05,578
2026-09-24T13:41:00+05:30,359.6,360.1,351.75,359.2,240
2026-09-24T13:42:00+05:30,359.6,362.0,350.0,355.55,295
2026-09-24T13:43:00+05:30,357.35,358.4,335.0,343.6,863
2026-09-24T13:44:00+05:30,342.95,346.0,309.95,325.05,2671
2026-09-24T13:45:00+05:30,324.85,332.2,312.0,312.0,928
2026-09-24T13:46:00+05:30,312.0,315.3,296.0,314.2,1635
2026-09-24T13:47:00+05:30,313.4,329.0,310.3,317.3,732
2026-09-24T13:48:00+05:30,315.0,319.75,311.6,315.05,296
2026-09-24T13:49:00+05:30,317.7,333.75,314.55,331.75,840
2026-09-24T13:50:00+05:30,329.35,338.0,327.05,335.45,510
2026-09-24T13:51:00+05:30,333.85,334.7,316.55,316.8,453
2026-09-24T13:52:00+05:30,317.4,326.1,312.0,321.35,357
2026-09-24T13:53:00+05:30,321.35,325.0,318.3,321.1,212
2026-09-24T13:54:00+05:30,320.65,324.5,309.0,315.55,373
2026-09-24T13:55:00+05:30,315.35,325.0,315.0,319.2,546
2026-09-24T13:56:00+05:30,320.7,320.7,312.0,313.8,204
2026-09-24T13:57:00+05:30,316.05,320.0,307.0,310.6,441
2026-09-24T13:58:00+05:30,310.3,313.3,300.05,305.65,686
2026-09-24T13:59:00+05:30,305.85,319.0,305.1,309.9,685
2026-09-24T14:00:00+05:30,310.6,332.5,310.6,329.0,506
2026-09-24T14:01:00+05:30,330.0,336.55,327.1,333.8,391
2026-09-24T14:02:00+05:30,336.0,346.0,327.0,338.3,622
2026-09-24T14:03:00+05:30,339.5,348.0,331.85,333.8,658
2026-09-24T14:04:00+05:30,334.8,343.8,310.0,318.05,889
2026-09-24T14:05:00+05:30,324.35,334.15,319.4,329.7,401
2026-09-24T14:06:00+05:30,329.5,330.75,316.0,319.25,459
2026-09-24T14:07:00+05:30,320.85,326.0,318.8,325.0,103
2026-09-24T14:08:00+05:30,325.45,336.0,324.0,333.85,152
2026-09-24T14:09:00+05:30,330.7,339.0,321.6,335.05,182
2026-09-24T14:10:00+05:30,333.65,343.85,328.5,329.6,298
2026-09-24T14:11:00+05:30,329.35,329.65,322.8,323.0,227
2026-09-24T14:12:00+05:30,322.9,332.05,322.9,331.85,225
2026-09-24T14:13:00+05:30,330.5,335.75,323.0,332.45,221
2026-09-24T14:14:00+05:30,333.45,334.6,327.0,333.95,124
2026-09-24T14:15:00+05:30,334.9,339.0,325.0,325.0,300
2026-09-24T14:16:00+05:30,326.2,336.3,324.9,330.0,173
2026-09-24T14:17:00+05:30,330.35,335.05,329.05,333.0,148
2026-09-24T14:18:00+05:30,333.75,338.2,330.0,332.7,143
2026-09-24T14:19:00+05:30,332.9,337.1,324.3,332.0,258
2026-09-24T14:20:00+05:30,333.25,336.15,326.15,331.5,201
2026-09-24T14:21:00+05:30,332.3,335.0,324.7,334.9,388
2026-09-24T14:22:00+05:30,334.9,335.3,321.0,321.6,286
2026-09-24T14:23:00+05:30,322.5,326.3,314.25,320.1,417
2026-09-24T14:24:00+05:30,319.7,326.8,315.95,324.2,315
2026-09-24T14:25:00+05:30,324.65,333.0,321.6,331.05,372
2026-09-24T14:26:00+05:30,330.0,331.95,319.45,326.7,236
2026-09-24T14:27:00+05:30,325.4,327.6,322.95,326.05,149
2026-09-24T14:28:00+05:30,325.1,333.0,323.35,323.95,176
2026-09-24T14:29:00+05:30,324.2,331.0,324.2,326.7,194
2026-09-24T14:30:00+05:30,326.7,331.55,322.8,328.3,128
2026-09-24T14:31:00+05:30,329.9,338.55,324.3,335.95,191
2026-09-24T14:32:00+05:30,338.05,343.0,326.45,328.6,416
2026-09-24T14:33:00+05:30,328.65,333.2,322.1,328.8,308
2026-09-24T14:34:00+05:30,329.55,336.25,326.8,335.25,219
2026-09-24T14:35:00+05:30,335.8,337.0,333.2,337.0,168
2026-09-24T14:36:00+05:30,337.05,346.8,333.85,346.6,246
2026-09-24T14:37:00+05:30,347.05,354.4,343.3,351.7,520
2026-09-24T14:38:00+05:30,350.45,363.6,346.55,347.8,907
2026-09-24T14:39:00+05:30,346.3,364.25,345.9,363.6,508
2026-09-24T14:40:00+05:30,364.15,364.85,353.2,358.05,529
2026-09-24T14:41:00+05:30,357.95,360.1,350.75,356.65,664
2026-09-24T14:42:00+05:30,357.05,357.45,341.45,349.3,471
2026-09-24T14:43:00+05:30,349.65,358.6,348.15,352.0,254
2026-09-24T14:44:00+05:30,352.8,354.05,346.4,349.65,116
2026-09-24T14:45:00+05:30,349.0,362.6,346.05,362.6,239
2026-09-24T14:46:00+05:30,362.8,364.2,356.85,357.9,370
2026-09-24T14:47:00+05:30,357.4,362.0,352.7,358.0,240
2026-09-24T14:48:00+05:30,357.6,362.05,354.85,360.6,246
2026-09-24T14:49:00+05:30,359.6,361.3,353.6,360.0,226
2026-09-24T14:50:00+05:30,360.0,367.6,359.85,364.25,819
2026-09-24T14:51:00+05:30,364.2,374.25,361.0,372.25,499
2026-09-24T14:52:00+05:30,371.95,376.8,368.35,371.9,708
2026-09-24T14:53:00+05:30,372.45,375.0,367.0,373.4,574
2026-09-24T14:54:00+05:30,372.85,376.65,366.0,369.15,612
2026-09-24T14:55:00+05:30,369.3,379.0,365.6,373.8,588
2026-09-24T14:56:00+05:30,374.7,379.65,366.5,367.0,359
2026-09-24T14:57:00+05:30,367.3,367.4,356.0,365.75,458
2026-09-24T14:58:00+05:30,365.9,365.9,353.5,362.2,138
2026-09-24T14:59:00+05:30,361.05,362.6,345.8,349.4,334
2026-09-24T15:00:00+05:30,349.75,358.0,340.0,346.3,522
2026-09-24T15:01:00+05:30,348.0,360.05,339.1,357.6,322
2026-09-24T15:02:00+05:30,355.2,372.0,354.0,370.3,238
2026-09-24T15:03:00+05:30,370.15,370.6,361.65,367.55,203
2026-09-24T15:04:00+05:30,366.45,376.0,365.0,373.3,372
2026-09-24T15:05:00+05:30,373.5,373.8,351.2,355.25,280
2026-09-24T15:06:00+05:30,354.2,357.55,347.95,354.55,191
2026-09-24T15:07:00+05:30,354.15,354.4,344.8,347.45,308
2026-09-24T15:08:00+05:30,348.85,354.15,335.75,339.45,504
2026-09-24T15:09:00+05:30,339.45,351.25,338.5,348.25,438
2026-09-24T15:10:00+05:30,349.75,352.7,335.15,338.95,283
2026-09-24T15:11:00+05:30,337.9,348.8,332.1,345.4,294
2026-09-24T15:12:00+05:30,345.05,346.8,326.9,337.65,338
2026-09-24T15:13:00+05:30,335.6,340.0,320.0,322.45,455
2026-09-24T15:14:00+05:30,322.65,329.15,321.45,325.45,354
2026-09-24T15:15:00+05:30,328.1,329.05,316.35,318.0,418
2026-09-24T15:16:00+05:30,318.45,322.5,317.25,321.7,142
2026-09-24T15:17:00+05:30,321.05,330.0,319.2,325.5,145
2026-09-24T15:18:00+05:30,327.5,333.6,324.6,332.65,152
2026-09-24T15:19:00+05:30,333.3,338.65,331.75,334.75,140
2026-09-24T15:20:00+05:30,334.2,335.15,325.0,329.55,132
2026-09-24T15:21:00+05:30,329.0,332.0,326.05,330.2,278
2026-09-24T15:22:00+05:30,330.45,334.45,322.05,333.75,481
2026-09-24T15:23:00+05:30,333.9,333.9,324.2,324.25,275
2026-09-24T15:24:00+05:30,324.6,337.7,322.0,337.7,312
2026-09-24T15:25:00+05:30,336.95,350.0,336.95,350.0,376
2026-09-24T15:26:00+05:30,350.1,360.0,340.0,340.0,548
2026-09-24T15:27:00+05:30,342.85,345.0,340.5,341.9,105
2026-09-24T15:28:00+05:30,342.15,345.25,337.7,338.05,159
2026-09-24T15:29:00+05:30,338.3,338.35,327.8,328.0,203
2026-09-24T15:30:00+05:30,329.3,339.0,327.75,331.15,408
2026-09-24T15:31:00+05:30,331.0,331.0,327.4,328.0,423
2026-09-24T15:32:00+05:30,328.0,339.9,326.25,336.25,614
2026-09-24T15:33:00+05:30,337.85,339.25,333.15,333.25,165
2026-09-24T15:34:00+05:30,332.0,335.0,331.2,334.5,165
2026-09-24T15:35:00+05:30,334.3,335.0,333.6,333.85,157
2026-09-24T15:36:00+05:30,333.75,334.1,322.75,326.55,345
2026-09-24T15:37:00+05:30,326.8,326.8,323.0,324.0,254
2026-09-24T15:38:00+05:30,324.55,324.95,313.1,320.9,199
2026-09-24T15:39:00+05:30,321.55,324.0,314.35,315.45,326
2026-09-25T09:15:00+05:30,319.95,378.6,273.3,369.15,3085
2026-09-25T09:16:00+05:30,373.1,391.9,354.25,368.55,2656
2026-09-25T09:17:00+05:30,368.95,381.0,359.7,375.95,1456
2026-09-25T09:18:00+05:30,377.05,378.1,346.3,355.5,1024
2026-09-25T09:19:00+05:30,354.55,367.4,345.0,345.3,1109
2026-09-25T09:20:00+05:30,344.6,347.6,331.8,341.5,1703
2026-09-25T09:21:00+05:30,340.0,349.9,327.2,337.15,1037
2026-09-25T09:22:00+05:30,336.85,354.1,334.0,353.7,585
2026-09-25T09:23:00+05:30,352.25,362.3,332.85,332.85,1223
2026-09-25T09:24:00+05:30,333.15,341.65,323.0,333.9,835
2026-09-25T09:25:00+05:30,333.65,347.9,333.3,342.7,916
2026-09-25T09:26:00+05:30,339.95,359.0,339.2,359.0,864
2026-09-25T09:27:00+05:30,359.85,365.0,351.0,358.95,920
2026-09-25T09:28:00+05:30,359.95,364.45,338.75,350.25,920
2026-09-25T09:29:00+05:30,350.7,357.05,345.0,352.4,768
2026-09-25T09:30:00+05:30,353.1,355.15,337.6,346.2,678
2026-09-25T09:31:00+05:30,346.95,348.6,333.0,337.0,670
2026-09-25T09:32:00+05:30,337.45,348.2,333.05,333.75,637
2026-09-25T09:33:00+05:30,334.3,337.05,326.05,331.95,886
2026-09-25T09:34:00+05:30,329.35,342.0,326.5,336.4,553
2026-09-25T09:35:00+05:30,336.9,342.3,333.05,340.0,469
2026-09-25T09:36:00+05:30,339.2,340.5,316.75,318.5,1036
2026-09-25T09:37:00+05:30,318.65,320.95,293.35,295.25,1898
2026-09-25T09:38:00+05:30,294.75,306.75,291.3,293.75,1110
2026-09-25T09:39:00+05:30,293.85,302.3,288.0,290.6,968
2026-09-25T09:40:00+05:30,290.5,291.8,276.35,280.8,1912
2026-09-25T09:41:00+05:30,281.3,292.0,275.1,292.0,1059
2026-09-25T09:42:00+05:30,292.75,293.3,278.65,283.65,765
2026-09-25T09:43:00+05:30,284.2,284.5,260.55,271.2,1552
2026-09-25T09:44:00+05:30,269.95,276.6,268.0,272.65,704
2026-09-25T09:45:00+05:30,272.8,283.05,272.0,272.2,625
2026-09-25T09:46:00+05:30,272.6,278.3,270.4,275.65,311
2026-09-25T09:47:00+05:30,275.1,291.65,272.15,290.2,713
2026-09-25T09:48:00+05:30,290.7,291.95,277.1,283.0,742
2026-09-25T09:49:00+05:30,284.2,284.2,275.0,276.25,232
2026-09-25T09:50:00+05:30,275.2,282.5,274.0,277.85,279
2026-09-25T09:51:00+05:30,275.8,285.9,272.05,283.35,306
2026-09-25T09:52:00+05:30,283.85,284.0,261.6,262.45,980
2026-09-25T09:53:00+05:30,262.8,272.0,257.6,269.8,794
2026-09-25T09:54:00+05:30,270.4,280.0,268.1,276.2,458
2026-09-25T09:55:00+05:30,275.6,279.45,268.15,268.45,391
2026-09-25T09:56:00+05:30,269.45,274.2,266.2,272.1,481
2026-09-25T09:57:00+05:30,272.1,272.1,262.0,265.75,498
2026-09-25T09:58:00+05:30,265.45,272.05,258.0,269.5,809
2026-09-25T09:59:00+05:30,269.9,282.75,267.55,275.0,741
2026-09-25T10:00:00+05:30,274.5,281.95,272.55,280.8,960
2026-09-25T10:01:00+05:30,281.0,283.3,275.75,276.7,399
2026-09-25T10:02:00+05:30,276.65,291.1,276.0,289.85,887
2026-09-25T10:03:00+05:30,290.0,303.45,287.6,300.65,891
2026-09-25T10:04:00+05:30,301.8,308.4,296.85,300.7,1434
2026-09-25T10:05:00+05:30,300.8,307.65,291.8,292.25,953
2026-09-25T10:06:00+05:30,292.2,308.0,291.45,305.6,814
2026-09-25T10:07:00+05:30,305.9,314.55,299.95,307.9,1407
2026-09-25T10:08:00+05:30,308.6,367.65,307.05,364.3,4080
2026-09-25T10:09:00+05:30,366.3,376.85,352.7,372.65,3101
2026-09-25T10:10:00+05:30,373.6,397.95,360.9,361.25,3766
2026-09-25T10:11:00+05:30,361.4,363.75,337.0,340.75,2492
2026-09-25T10:12:00+05:30,341.05,351.4,338.45,348.85,1311
2026-09-25T10:13:00+05:30,349.3,360.0,342.0,343.85,1006
2026-09-25T10:14:00+05:30,344.2,354.3,340.85,348.05,693
2026-09-25T10:15:00+05:30,348.0,358.95,344.5,354.15,998
2026-09-25T10:16:00+05:30,354.35,365.0,353.8,358.6,1565
2026-09-25T10:17:00+05:30,358.85,359.75,350.0,352.15,592
2026-09-25T10:18:00+05:30,353.0,353.0,331.3,334.8,1053
2026-09-25T10:19:00+05:30,333.45,343.6,328.5,336.05,772
2026-09-25T10:20:00+05:30,334.4,341.7,330.05,334.5,657
2026-09-25T10:21:00+05:30,334.2,348.75,333.8,344.45,789
2026-09-25T10:22:00+05:30,344.0,345.5,333.25,334.0,460
2026-09-25T10:23:00+05:30,334.0,337.35,324.6,336.45,667
2026-09-25T10:24:00+05:30,335.6,340.6,313.25,314.4,706
2026-09-25T10:25:00+05:30,315.05,334.0,312.9,334.0,1102
2026-09-25T10:26:00+05:30,334.3,334.95,319.9,323.8,517
2026-09-25T10:27:00+05:30,325.85,325.9,316.5,318.0,358
2026-09-25T10:28:00+05:30,318.55,320.3,305.0,316.85,971
2026-09-25T10:29:00+05:30,315.5,323.9,309.5,322.55,632
2026-09-25T10:30:00+05:30,322.1,334.0,322.05,330.7,787
2026-09-25T10:31:00+05:30,330.7,343.05,327.0,327.0,1049
2026-09-25T10:32:00+05:30,326.85,326.85,313.35,318.6,626
2026-09-25T10:33:00+05:30,316.9,328.0,315.35,319.2,578
2026-09-25T10:34:00+05:30,317.7,320.8,300.0,300.9,1135
2026-09-25T10:35:00+05:30,301.3,305.45,296.25,300.75,1019
2026-09-25T10:36:00+05:30,301.35,305.45,293.05,304.75,1300
2026-09-25T10:37:00+05:30,304.7,310.0,301.2,307.15,815
2026-09-25T10:38:00+05:30,307.0,313.1,302.0,312.0,657
2026-09-25T10:39:00+05:30,313.3,322.4,311.5,314.6,908
2026-09-25T10:40:00+05:30,312.0,321.7,308.05,319.65,512
2026-09-25T10:41:00+05:30,319.8,320.1,298.4,306.0,886
2026-09-25T10:42:00+05:30,306.05,316.8,305.0,305.0,522
2026-09-25T10:43:00+05:30,305.0,307.65,293.75,301.8,564
2026-09-25T10:44:00+05:30,302.65,304.7,298.0,300.0,307
2026-09-25T10:45:00+05:30,300.95,303.85,295.75,298.0,410
2026-09-25T10:46:00+05:30,298.45,299.85,292.3,299.0,525
2026-09-25T10:47:00+05:30,299.1,299.1,284.55,284.85,863
2026-09-25T10:48:00+05:30,284.0,296.85,280.9,296.85,675
2026-09-25T10:49:00+05:30,295.75,304.0,292.15,299.1,661
2026-09-25T10:50:00+05:30,298.75,302.15,294.75,298.8,475
2026-09-25T10:51:00+05:30,298.7,309.1,298.05,306.9,849
2026-09-25T10:52:00+05:30,307.95,311.2,303.0,305.9,558
2026-09-25T10:53:00+05:30,305.2,305.65,298.7,298.7,270
2026-09-25T10:54:00+05:30,298.05,310.0,297.45,304.35,501
2026-09-25T10:55:00+05:30,305.65,315.4,305.15,314.6,630
2026-09-25T10:56:00+05:30,312.7,319.8,309.35,317.3,535
2026-09-25T10:57:00+05:30,316.25,317.15,305.35,307.4,487
2026-09-25T10:58:00+05:30,307.7,315.15,306.85,307.7,206
2026-09-25T10:59:00+05:30,310.35,317.15,306.8,315.8,284
2026-09-25T11:00:00+05:30,313.5,322.0,310.05,319.7,482
2026-09-25T11:01:00+05:30,320.25,329.55,319.0,321.15,963
2026-09-25T11:02:00+05:30,322.35,349.0,322.35,338.0,1590
2026-09-25T11:03:00+05:30,339.45,346.65,333.85,338.2,910
2026-09-25T11:04:00+05:30,338.35,344.1,330.0,335.15,780
2026-09-25T11:05:00+05:30,335.55,345.6,333.75,339.95,584
2026-09-25T11:06:00+05:30,339.75,340.0,330.85,336.0,476
2026-09-25T11:07:00+05:30,335.45,354.0,333.8,345.25,1265
2026-09-25T11:08:00+05:30,347.75,349.55,335.5,339.7,474
2026-09-25T11:09:00+05:30,341.55,348.15,339.7,345.75,301
2026-09-25T11:10:00+05:30,345.45,348.8,338.25,344.95,452
2026-09-25T11:11:00+05:30,345.0,350.15,343.15,345.45,396
2026-09-25T11:12:00+05:30,348.3,349.1,340.0,342.0,421
2026-09-25T11:13:00+05:30,341.55,342.4,324.3,328.95,1219
2026-09-25T11:14:00+05:30,328.45,340.1,325.4,336.0,705
2026-09-25T11:15:00+05:30,336.15,340.2,330.0,336.55,420
2026-09-25T11:16:00+05:30,336.85,342.0,335.75,338.65,387
2026-09-25T11:17:00+05:30,339.85,349.0,338.55,346.1,858
2026-09-25T11:18:00+05:30,346.35,347.2,335.0,340.1,435
2026-09-25T11:19:00+05:30,341.9,346.0,338.1,341.4,274
2026-09-25T11:20:00+05:30,341.15,346.4,340.2,340.35,580
2026-09-25T11:21:00+05:30,340.8,347.75,337.7,339.9,602
2026-09-25T11:22:00+05:30,339.0,344.75,338.0,340.6,270
2026-09-25T11:23:00+05:30,341.35,343.1,328.65,331.45,615
2026-09-25T11:24:00+05:30,330.35,330.55,312.85,312.85,1041
2026-09-25T11:25:00+05:30,312.7,321.5,309.75,321.5,923
2026-09-25T11:26:00+05:30,319.4,325.0,315.0,317.4,568
2026-09-25T11:27:00+05:30,317.5,323.55,310.0,314.7,662
2026-09-25T11:28:00+05:30,315.95,321.45,313.0,315.85,236
2026-09-25T11:29:00+05:30,315.65,324.0,315.0,323.4,342
2026-09-25T11:30:00+05:30,322.35,326.15,319.55,324.95,391
2026-09-25T11:31:00+05:30,325.55,340.0,324.8,334.2,699
2026-09-25T11:32:00+05:30,336.05,339.35,333.2,335.15,412
2026-09-25T11:33:00+05:30,335.2,339.8,329.4,329.85,412
2026-09-25T11:34:00+05:30,329.35,332.75,321.9,331.55,577
2026-09-25T11:35:00+05:30,331.55,337.6,331.35,331.55,322
2026-09-25T11:36:00+05:30,332.25,332.25,321.05,321.9,422
2026-09-25T11:37:00+05:30,321.0,327.3,321.0,326.1,368
2026-09-25T11:38:00+05:30,327.3,329.0,323.0,326.8,134
2026-09-25T11:39:00+05:30,327.8,339.95,326.65,338.25,385
2026-09-25T11:40:00+05:30,337.75,339.0,329.3,330.65,413
2026-09-25T11:41:00+05:30,330.4,331.3,324.25,327.85,269
2026-09-25T11:42:00+05:30,328.15,336.25,328.15,334.2,367
2026-09-25T11:43:00+05:30,334.05,335.85,324.0,324.0,364
2026-09-25T11:44:00+05:30,323.9,335.0,322.35,331.55,341
2026-09-25T11:45:00+05:30,329.9,333.1,328.5,331.6,197
2026-09-25T11:46:00+05:30,330.65,337.85,329.75,333.3,374
2026-09-25T11:47:00+05:30,333.1,336.6,330.0,331.65,247
2026-09-25T11:48:00+05:30,330.5,331.05,323.45,327.7,371
2026-09-25T11:49:00+05:30,327.9,327.9,322.3,327.25,199
2026-09-25T11:50:00+05:30,326.35,337.8,325.5,329.6,546
2026-09-25T11:51:00+05:30,329.1,333.55,324.0,326.3,330
2026-09-25T11:52:00+05:30,329.45,333.0,324.9,328.75,337
2026-09-25T11:53:00+05:30,328.45,331.0,325.45,325.45,209
2026-09-25T11:54:00+05:30,325.6,331.65,323.0,328.85,289
2026-09-25T11:55:00+05:30,329.95,333.35,317.6,320.45,603
2026-09-25T11:56:00+05:30,321.65,328.1,317.55,320.55,484
2026-09-25T11:57:00+05:30,319.25,325.55,317.1,321.35,237
2026-09-25T11:58:00+05:30,320.2,322.5,316.75,321.4,393
2026-09-25T11:59:00+05:30,320.75,325.0,312.6,314.2,784
2026-09-25T12:00:00+05:30,314.05,319.95,313.9,316.35,462
2026-09-25T12:01:00+05:30,315.15,319.5,300.0,303.1,1222
2026-09-25T12:02:00+05:30,302.0,313.6,302.0,306.05,619
2026-09-25T12:03:00+05:30,306.0,306.0,292.0,295.35,1215
2026-09-25T12:04:00+05:30,296.05,305.2,290.65,304.0,811
2026-09-25T12:05:00+05:30,304.45,307.65,301.0,305.5,384
2026-09-25T12:06:00+05:30,304.3,306.95,300.0,301.65,449
2026-09-25T12:07:00+05:30,301.65,306.1,300.0,301.05,409
2026-09-25T12:08:00+05:30,300.0,309.95,298.35,309.0,275
2026-09-25T12:09:00+05:30,309.95,317.0,308.1,314.95,610
2026-09-25T12:10:00+05:30,314.85,316.8,308.75,315.5,566
2026-09-25T12:11:00+05:30,316.45,326.1,316.45,322.85,819
2026-09-25T12:12:00+05:30,323.6,327.65,321.65,322.2,686
2026-09-25T12:13:00+05:30,323.0,325.0,313.35,314.2,517
2026-09-25T12:14:00+05:30,315.55,317.15,306.0,314.2,604
2026-09-25T12:15:00+05:30,316.8,320.85,312.7,315.1,353
2026-09-25T12:16:00+05:30,316.65,319.75,312.7,314.45,162
2026-09-25T12:17:00+05:30,314.0,314.0,301.5,304.35,564
2026-09-25T12:18:00+05:30,305.25,312.2,304.5,310.75,270
2026-09-25T12:19:00+05:30,312.0,313.2,306.35,307.0,153
2026-09-25T12:20:00+05:30,305.45,306.4,300.1,306.05,261
2026-09-25T12:21:00+05:30,306.0,306.05,297.65,298.55,231
2026-09-25T12:22:00+05:30,297.8,303.2,291.95,291.95,607
2026-09-25T12:23:00+05:30,291.95,302.5,289.1,300.2,678
2026-09-25T12:24:00+05:30,300.25,302.55,290.25,295.3,455
2026-09-25T12:25:00+05:30,295.0,297.65,288.6,294.2,454
2026-09-25T12:26:00+05:30,294.2,299.2,293.1,299.2,157
2026-09-25T12:27:00+05:30,299.6,301.95,295.55,299.6,301
2026-09-25T12:28:00+05:30,299.25,304.7,299.2,300.9,157
2026-09-25T12:29:00+05:30,301.3,303.8,297.0,303.8,481
2026-09-25T12:30:00+05:30,303.2,317.95,301.65,315.05,747
2026-09-25T12:31:00+05:30,315.3,318.0,311.1,312.9,564
2026-09-25T12:32:00+05:30,313.05,317.0,311.0,313.95,357
2026-09-25T12:33:00+05:30,312.7,313.2,304.75,305.25,380
2026-09-25T12:34:00+05:30,305.15,310.9,301.35,302.35,291
2026-09-25T12:35:00+05:30,301.1,305.0,295.9,298.55,570
2026-09-25T12:36:00+05:30,298.0,300.75,288.5,291.3,952
2026-09-25T12:37:00+05:30,292.9,300.0,292.65,294.55,444
2026-09-25T12:38:00+05:30,295.95,300.0,291.6,300.0,217
2026-09-25T12:39:00+05:30,300.8,300.8,295.2,300.0,345
2026-09-25T12:40:00+05:30,300.8,301.0,292.85,294.0,430
2026-09-25T12:41:00+05:30,293.0,298.8,289.25,294.0,565
2026-09-25T12:42:00+05:30,293.6,293.6,281.35,285.35,743
2026-09-25T12:43:00+05:30,284.95,287.0,280.0,285.45,563
2026-09-25T12:44:00+05:30,285.15,289.0,278.6,282.5,310
2026-09-25T12:45:00+05:30,282.75,287.15,279.05,282.7,327
2026-09-25T12:46:00+05:30,283.1,289.9,283.0,284.1,342
2026-09-25T12:47:00+05:30,283.6,287.4,280.15,286.3,263
2026-09-25T12:48:00+05:30,287.0,287.15,276.55,277.5,465
2026-09-25T12:49:00+05:30,277.85,279.35,266.8,271.4,1175
2026-09-25T12:50:00+05:30,271.4,275.9,260.05,270.05,1387
2026-09-25T12:51:00+05:30,268.85,271.85,260.15,262.65,844
2026-09-25T12:52:00+05:30,263.45,270.0,261.0,269.6,375
2026-09-25T12:53:00+05:30,268.9,269.6,261.0,269.6,429
2026-09-25T12:54:00+05:30,269.7,270.7,266.0,266.8,293
2026-09-25T12:55:00+05:30,266.35,267.15,261.1,262.65,467
2026-09-25T12:56:00+05:30,261.95,265.9,248.65,252.5,1341
2026-09-25T12:57:00+05:30,253.1,265.6,251.2,264.0,1054
2026-09-25T12:58:00+05:30,264.55,272.55,263.7,272.3,671
2026-09-25T12:59:00+05:30,272.0,276.35,269.35,275.55,601
2026-09-25T13:00:00+05:30,275.45,286.9,275.0,280.3,1111
2026-09-25T13:01:00+05:30,280.5,286.35,279.1,283.5,659
2026-09-25T13:02:00+05:30,282.7,283.6,264.9,270.55,885
2026-09-25T13:03:00+05:30,270.9,275.95,267.4,269.4,354
2026-09-25T13:04:00+05:30,269.7,270.75,266.15,268.05,211
2026-09-25T13:05:00+05:30,269.8,276.0,264.1,274.8,493
2026-09-25T13:06:00+05:30,274.35,278.0,271.1,275.1,219
2026-09-25T13:07:00+05:30,275.25,278.45,271.35,271.35,327
2026-09-25T13:08:00+05:30,272.05,275.0,269.55,274.65,282
2026-09-25T13:09:00+05:30,276.0,281.15,275.8,278.95,501
2026-09-25T13:10:00+05:30,279.75,282.5,277.75,281.3,367
2026-09-25T13:11:00+05:30,282.2,287.0,282.0,283.95,658
2026-09-25T13:12:00+05:30,284.55,285.2,277.1,279.75,274
2026-09-25T13:13:00+05:30,279.5,280.75,274.1,278.05,299
2026-09-25T13:14:00+05:30,276.95,278.7,268.45,270.0,232
2026-09-25T13:15:00+05:30,271.05,275.65,266.9,267.4,265
2026-09-25T13:16:00+05:30,268.0,273.5,265.85,272.75,214
2026-09-25T13:17:00+05:30,273.1,277.0,268.0,271.0,427
2026-09-25T13:18:00+05:30,272.15,273.1,269.15,272.15,174
2026-09-25T13:19:00+05:30,272.8,276.0,270.0,270.0,166
2026-09-25T13:20:00+05:30,270.4,274.35,269.7,270.35,157
2026-09-25T13:21:00+05:30,270.2,274.65,270.2,273.65,119
2026-09-25T13:22:00+05:30,273.5,275.5,262.55,264.05,402
2026-09-25T13:23:00+05:30,262.55,272.3,260.0,271.15,359
2026-09-25T13:24:00+05:30,270.6,270.6,262.25,266.35,224
2026-09-25T13:25:00+05:30,268.95,271.0,264.55,268.95,182
2026-09-25T13:26:00+05:30,270.0,273.75,269.65,271.8,229
2026-09-25T13:27:00+05:30,272.0,273.0,264.9,266.35,254
2026-09-25T13:28:00+05:30,266.3,268.1,265.75,267.8,99
2026-09-25T13:29:00+05:30,267.7,270.0,267.6,268.8,79
2026-09-25T13:30:00+05:30,270.0,272.05,263.7,263.95,172
2026-09-25T13:31:00+05:30,265.5,270.45,265.1,268.35,122
2026-09-25T13:32:00+05:30,268.75,268.75,262.45,264.0,168
2026-09-25T13:33:00+05:30,263.4,263.4,255.6,256.55,378
2026-09-25T13:34:00+05:30,256.35,257.0,248.8,251.3,611
2026-09-25T13:35:00+05:30,250.9,258.1,248.85,258.1,789
2026-09-25T13:36:00+05:30,256.3,261.95,254.9,259.9,299
2026-09-25T13:37:00+05:30,259.25,263.75,251.0,263.25,321
2026-09-25T13:38:00+05:30,262.55,262.95,258.15,258.65,111
2026-09-25T13:39:00+05:30,258.0,260.9,252.85,253.75,283
2026-09-25T13:40:00+05:30,255.05,262.4,253.95,261.5,209
2026-09-25T13:41:00+05:30,261.15,264.95,260.0,260.6,293
2026-09-25T13:42:00+05:30,260.0,268.25,258.0,268.05,251
2026-09-25T13:43:00+05:30,268.5,273.9,259.1,261.0,816
2026-09-25T13:44:00+05:30,260.1,265.4,260.1,261.05,338
2026-09-25T13:45:00+05:30,261.65,266.6,260.9,265.55,307
2026-09-25T13:46:00+05:30,266.35,282.0,264.65,282.0,870
2026-09-25T13:47:00+05:30,281.1,283.85,269.65,275.5,717
2026-09-25T13:48:00+05:30,274.85,275.45,268.45,271.2,329
2026-09-25T13:49:00+05:30,271.2,273.55,266.95,269.15,344
2026-09-25T13:50:00+05:30,269.65,269.65,263.05,264.5,290
2026-09-25T13:51:00+05:30,264.45,269.0,263.15,267.9,126
2026-09-25T13:52:00+05:30,267.75,269.25,263.8,266.4,221
2026-09-25T13:53:00+05:30,265.4,268.65,261.8,263.9,244
2026-09-25T13:54:00+05:30,263.3,270.0,262.15,265.5,500
2026-09-25T13:55:00+05:30,266.8,276.0,266.2,275.65,225
2026-09-25T13:56:00+05:30,274.75,288.95,270.9,286.55,1075
2026-09-25T13:57:00+05:30,286.7,287.3,274.85,274.85,824
2026-09-25T13:58:00+05:30,275.85,283.7,274.85,279.9,580
2026-09-25T13:59:00+05:30,281.35,289.75,278.85,289.25,588
2026-09-25T14:00:00+05:30,289.7,339.0,289.7,335.0,4068
2026-09-25T14:01:00+05:30,334.8,346.0,322.55,339.0,3010
2026-09-25T14:02:00+05:30,340.65,352.4,331.95,340.7,2100
2026-09-25T14:03:00+05:30,341.15,413.7,340.45,411.9,7305
2026-09-25T14:04:00+05:30,412.1,419.95,367.55,380.3,4762
2026-09-25T14:05:00+05:30,381.3,393.3,354.3,366.0,2796
2026-09-25T14:06:00+05:30,365.8,384.4,359.45,368.85,2473
2026-09-25T14:07:00+05:30,367.65,385.0,362.5,377.9,1368
2026-09-25T14:08:00+05:30,377.9,382.35,352.0,359.85,1617
2026-09-25T14:09:00+05:30,361.1,361.1,330.45,343.55,2058
2026-09-25T14:10:00+05:30,343.15,352.7,341.55,347.9,1232
2026-09-25T14:11:00+05:30,347.0,366.8,344.45,364.4,1281
2026-09-25T14:12:00+05:30,362.35,375.0,348.2,350.5,1858
2026-09-25T14:13:00+05:30,349.8,354.8,340.2,340.2,996
2026-09-25T14:14:00+05:30,341.85,347.2,330.2,337.35,1188
2026-09-25T14:15:00+05:30,336.85,352.0,336.25,352.0,1108
2026-09-25T14:16:00+05:30,351.85,358.3,341.25,355.75,1477
2026-09-25T14:17:00+05:30,355.0,367.75,353.9,360.3,1048
2026-09-25T14:18:00+05:30,361.75,377.6,361.75,366.65,1741
2026-09-25T14:19:00+05:30,367.5,369.95,355.45,360.9,1110
2026-09-25T14:20:00+05:30,360.25,368.35,348.65,352.9,1227
2026-09-25T14:21:00+05:30,355.0,372.75,352.15,365.7,900
2026-09-25T14:22:00+05:30,365.75,371.55,359.9,367.55,754
2026-09-25T14:23:00+05:30,367.55,367.65,354.2,360.6,525
2026-09-25T14:24:00+05:30,359.75,363.5,350.0,353.8,421
2026-09-25T14:25:00+05:30,355.9,387.05,354.05,360.1,1680
2026-09-25T14:26:00+05:30,361.85,365.85,339.45,358.5,1197
2026-09-25T14:27:00+05:30,358.1,365.4,350.65,352.65,868
2026-09-25T14:28:00+05:30,352.4,363.5,351.7,358.05,514
2026-09-25T14:29:00+05:30,358.0,361.5,353.45,353.9,332
2026-09-25T14:30:00+05:30,353.45,379.2,352.85,378.1,1378
2026-09-25T14:31:00+05:30,376.75,379.2,360.7,374.7,1412
2026-09-25T14:32:00+05:30,375.2,380.0,367.95,375.05,968
2026-09-25T14:33:00+05:30,373.65,381.6,365.5,367.0,1103
2026-09-25T14:34:00+05:30,366.1,372.95,360.9,368.65,590
2026-09-25T14:35:00+05:30,369.95,369.95,357.85,360.85,443
2026-09-25T14:36:00+05:30,360.1,369.0,359.1,363.1,289
2026-09-25T14:37:00+05:30,363.8,371.25,362.75,368.4,619
2026-09-25T14:38:00+05:30,368.5,374.0,367.0,369.0,564
2026-09-25T14:39:00+05:30,370.0,375.0,368.25,372.4,488
2026-09-25T14:40:00+05:30,372.35,372.35,360.2,360.55,928
2026-09-25T14:41:00+05:30,362.8,366.15,353.15,355.0,955
2026-09-25T14:42:00+05:30,355.8,355.8,345.8,345.85,830
2026-09-25T14:43:00+05:30,345.85,349.7,338.9,341.75,1060
2026-09-25T14:44:00+05:30,343.2,349.6,340.0,345.0,953
2026-09-25T14:45:00+05:30,344.45,350.9,334.35,335.95,1060
2026-09-25T14:46:00+05:30,336.5,338.5,323.0,332.1,1567
2026-09-25T14:47:00+05:30,330.8,333.35,317.0,318.65,1661
2026-09-25T14:48:00+05:30,318.0,325.0,315.4,325.0,1458
2026-09-25T14:49:00+05:30,325.0,330.35,318.0,318.75,1023
2026-09-25T14:50:00+05:30,318.0,324.2,308.0,314.15,1399
2026-09-25T14:51:00+05:30,315.0,320.5,311.25,320.5,438
2026-09-25T14:52:00+05:30,320.35,327.6,318.45,323.6,767
2026-09-25T14:53:00+05:30,324.85,330.75,322.4,325.55,520
2026-09-25T14:54:00+05:30,325.5,334.7,322.0,333.25,612
2026-09-25T14:55:00+05:30,333.7,336.0,304.6,305.8,1426
2026-09-25T14:56:00+05:30,306.45,313.0,302.0,304.65,957
2026-09-25T14:57:00+05:30,305.2,306.2,292.0,302.35,1212
2026-09-25T14:58:00+05:30,301.85,303.1,292.4,295.05,749
2026-09-25T14:59:00+05:30,296.4,304.4,294.95,302.25,884
2026-09-25T15:00:00+05:30,301.65,304.0,284.3,301.25,1135
2026-09-25T15:01:00+05:30,301.0,301.65,282.2,282.2,826
2026-09-25T15:02:00+05:30,282.0,291.95,278.3,289.0,1282
2026-09-25T15:03:00+05:30,287.5,288.1,278.9,283.1,696
2026-09-25T15:04:00+05:30,282.55,286.5,277.45,286.5,673
2026-09-25T15:05:00+05:30,285.55,285.95,269.75,271.75,849
2026-09-25T15:06:00+05:30,272.05,283.8,271.45,283.7,732
2026-09-25T15:07:00+05:30,283.35,284.75,267.25,268.75,644
2026-09-25T15:08:00+05:30,268.0,272.0,253.8,254.7,1548
2026-09-25T15:09:00+05:30,254.8,260.0,248.5,253.75,1406
2026-09-25T15:10:00+05:30,253.55,265.35,253.2,260.5,854
2026-09-25T15:11:00+05:30,260.15,264.0,257.0,257.3,640
2026-09-25T15:12:00+05:30,257.3,265.3,255.45,262.65,604
2026-09-25T15:13:00+05:30,262.9,266.0,259.0,263.65,658
2026-09-25T15:14:00+05:30,262.5,268.95,261.0,266.05,657
2026-09-25T15:15:00+05:30,267.8,270.25,262.0,262.25,500
2026-09-25T15:16:00+05:30,261.5,264.45,257.35,261.3,579
2026-09-25T15:17:00+05:30,261.45,262.95,258.35,260.9,245
2026-09-25T15:18:00+05:30,261.55,272.95,261.3,268.5,620
2026-09-25T15:19:00+05:30,268.8,271.65,264.85,267.8,537
2026-09-25T15:20:00+05:30,267.2,276.5,263.2,266.6,984
2026-09-25T15:21:00+05:30,265.35,268.15,261.1,267.05,409
2026-09-25T15:22:00+05:30,267.2,268.6,250.0,258.35,917
2026-09-25T15:23:00+05:30,258.8,260.4,253.05,255.0,391
2026-09-25T15:24:00+05:30,254.15,263.2,254.1,261.95,523
2026-09-25T15:25:00+05:30,261.25,263.0,257.75,260.7,373
2026-09-25T15:26:00+05:30,259.35,261.05,256.85,260.35,446
2026-09-25T15:27:00+05:30,259.95,262.75,258.5,260.7,352
2026-09-25T15:28:00+05:30,260.75,262.8,260.0,261.0,503
2026-09-25T15:29:00+05:30,261.1,266.0,260.55,261.0,479
2026-09-25T15:30:00+05:30,261.9,264.0,256.9,256.9,363
2026-09-25T15:31:00+05:30,257.65,263.85,253.15,262.9,333
2026-09-25T15:32:00+05:30,263.0,265.15,260.0,260.0,393
2026-09-25T15:33:00+05:30,259.85,261.2,258.6,259.0,333
2026-09-25T15:34:00+05:30,259.55,261.9,258.45,259.75,99
2026-09-25T15:35:00+05:30,259.6,262.7,259.1,262.4,211
2026-09-25T15:36:00+05:30,262.4,265.0,260.85,264.0,315
2026-09-25T15:37:00+05:30,263.15,265.2,261.05,264.85,281
2026-09-25T15:38:00+05:30,264.8,266.35,262.3,262.3,211
2026-09-25T15:39:00+05:30,262.1,264.0,260.0,260.0,362
2026-09-28T09:15:00+05:30,150.0,200.0,82.0,85.5,5009
2026-09-28T09:16:00+05:30,81.0,82.5,69.9,72.15,4566
2026-09-28T09:17:00+05:30,72.2,72.5,63.35,64.6,2570
2026-09-28T09:18:00+05:30,64.15,67.0,59.9,60.45,1832
2026-09-28T09:19:00+05:30,60.05,62.25,56.0,56.3,2127
2026-09-28T09:20:00+05:30,56.0,59.0,52.5,55.2,1933
2026-09-28T09:21:00+05:30,55.4,58.6,55.4,57.0,1054
2026-09-28T09:22:00+05:30,56.35,57.25,53.4,53.4,927
2026-09-28T09:23:00+05:30,53.45,56.25,52.1,52.3,1682
2026-09-28T09:24:00+05:30,52.05,55.95,50.45,51.75,1361
2026-09-28T09:25:00+05:30,51.3,52.3,45.4,47.15,1795
2026-09-28T09:26:00+05:30,46.85,48.8,46.45,46.65,1372
2026-09-28T09:27:00+05:30,46.65,49.7,46.4,48.2,671
2026-09-28T09:28:00+05:30,48.9,49.2,47.7,48.5,687
2026-09-28T09:29:00+05:30,48.85,49.8,48.4,49.25,543
2026-09-28T09:30:00+05:30,49.1,49.4,46.0,47.15,882
2026-09-28T09:31:00+05:30,47.15,47.35,45.0,45.4,512
2026-09-28T09:32:00+05:30,45.75,46.3,44.0,44.25,881
2026-09-28T09:33:00+05:30,44.35,45.3,43.25,43.5,564
2026-09-28T09:34:00+05:30,43.6,44.85,43.0,43.95,817
2026-09-28T09:35:00+05:30,44.3,44.75,38.0,39.9,1464
2026-09-28T09:36:00+05:30,39.9,41.3,37.45,38.3,825
2026-09-28T09:37:00+05:30,38.0,39.6,37.15,39.15,1187
2026-09-28T09:38:00+05:30,39.15,39.15,37.45,38.65,1248
2026-09-28T09:39:00+05:30,38.7,39.6,38.7,38.95,641
2026-09-28T09:40:00+05:30,38.95,40.0,37.9,39.8,1094
2026-09-28T09:41:00+05:30,39.9,43.35,39.35,42.55,1839
2026-09-28T09:42:00+05:30,42.35,45.15,42.0,43.7,1748
2026-09-28T09:43:00+05:30,43.65,43.85,41.4,42.6,1027
2026-09-28T09:44:00+05:30,42.45,42.45,41.45,42.25,302
2026-09-28T09:45:00+05:30,42.2,43.8,41.8,43.4,454
2026-09-28T09:46:00+05:30,43.5,45.05,43.05,44.3,605
2026-09-28T09:47:00+05:30,44.35,44.8,41.35,41.35,481
2026-09-28T09:48:00+05:30,41.2,42.4,39.85,40.15,843
2026-09-28T09:49:00+05:30,40.2,40.3,38.95,39.75,774
2026-09-28T09:50:00+05:30,39.8,42.3,39.35,41.2,792
2026-09-28T09:51:00+05:30,41.1,41.5,39.1,39.65,415
2026-09-28T09:52:00+05:30,39.6,39.95,38.8,39.75,289
2026-09-28T09:53:00+05:30,39.85,41.1,39.65,40.6,207
2026-09-28T09:54:00+05:30,40.65,40.75,39.55,39.7,288
2026-09-28T09:55:00+05:30,39.7,40.65,38.0,38.5,283
2026-09-28T09:56:00+05:30,38.6,39.25,37.75,39.0,512
2026-09-28T09:57:00+05:30,39.05,39.7,37.7,39.35,412
2026-09-28T09:58:00+05:30,39.0,42.35,38.95,41.45,1144
2026-09-28T09:59:00+05:30,41.15,41.85,40.4,40.9,223
2026-09-28T10:00:00+05:30,40.7,40.7,39.1,39.1,275
2026-09-28T10:01:00+05:30,39.2,39.3,37.9,38.6,603
2026-09-28T10:02:00+05:30,38.55,38.55,37.2,38.0,370
2026-09-28T10:03:00+05:30,37.95,38.8,37.1,37.4,280
2026-09-28T10:04:00+05:30,37.45,38.45,36.9,37.6,270
2026-09-28T10:05:00+05:30,37.5,38.0,35.45,36.3,607
2026-09-28T10:06:00+05:30,36.4,36.95,35.35,36.2,1281
2026-09-28T10:07:00+05:30,36.35,38.3,35.7,38.0,774
2026-09-28T10:08:00+05:30,37.85,38.6,37.25,37.35,473
2026-09-28T10:09:00+05:30,37.3,37.5,36.6,36.8,493
2026-09-28T10:10:00+05:30,36.6,37.25,36.0,36.25,350
2026-09-28T10:11:00+05:30,36.2,37.3,36.2,37.15,467
2026-09-28T10:12:00+05:30,37.1,37.1,35.95,36.05,214
2026-09-28T10:13:00+05:30,36.05,37.65,36.0,37.55,293
2026-09-28T10:14:00+05:30,37.55,37.85,36.35,36.4,398
2026-09-28T10:15:00+05:30,36.35,36.75,35.45,35.95,733
2026-09-28T10:16:00+05:30,36.0,36.1,35.0,35.5,351
2026-09-28T10:17:00+05:30,35.45,35.55,32.8,33.3,789
2026-09-28T10:18:00+05:30,33.6,34.85,33.0,34.1,693
2026-09-28T10:19:00+05:30,34.25,35.25,34.05,35.25,652
2026-09-28T10:20:00+05:30,35.1,37.4,35.05,36.6,423
2026-09-28T10:21:00+05:30,36.55,36.55,34.35,34.5,414
2026-09-28T10:22:00+05:30,34.8,35.5,34.1,34.5,221
2026-09-28T10:23:00+05:30,34.5,34.8,32.65,33.35,477
2026-09-28T10:24:00+05:30,33.4,33.5,32.2,33.2,391
2026-09-28T10:25:00+05:30,32.95,33.15,31.8,32.0,527
2026-09-28T10:26:00+05:30,31.75,32.55,31.35,32.0,302
2026-09-28T10:27:00+05:30,32.05,32.75,31.9,32.5,360
2026-09-28T10:28:00+05:30,32.25,33.4,31.75,33.35,552
2026-09-28T10:29:00+05:30,33.2,33.4,32.1,32.6,372
2026-09-28T10:30:00+05:30,32.55,33.8,32.55,33.8,285
2026-09-28T10:31:00+05:30,33.5,34.0,33.0,33.0,210
2026-09-28T10:32:00+05:30,32.95,33.0,32.05,32.6,310
2026-09-28T10:33:00+05:30,32.65,32.7,31.1,31.35,392
2026-09-28T10:34:00+05:30,31.4,32.0,30.7,31.0,382
2026-09-28T10:35:00+05:30,31.0,31.2,30.35,30.85,398
2026-09-28T10:36:00+05:30,31.15,31.95,31.1,31.5,140
2026-09-28T10:37:00+05:30,31.35,31.5,30.15,30.8,259
2026-09-28T10:38:00+05:30,30.7,30.8,29.7,29.9,484
2026-09-28T10:39:00+05:30,30.0,30.25,28.85,30.1,490
2026-09-28T10:40:00+05:30,30.3,31.1,30.0,30.65,313
2026-09-28T10:41:00+05:30,30.85,31.2,28.7,30.65,563
2026-09-28T10:42:00+05:30,30.85,30.95,29.65,29.7,305
2026-09-28T10:43:00+05:30,29.55,30.0,29.0,29.6,413
2026-09-28T10:44:00+05:30,29.9,30.75,29.55,30.7,325
2026-09-28T10:45:00+05:30,30.7,30.85,30.2,30.4,308
2026-09-28T10:46:00+05:30,30.4,31.05,29.9,31.05,637
2026-09-28T10:47:00+05:30,31.1,31.35,30.4,30.45,232
2026-09-28T10:48:00+05:30,30.3,30.6,29.5,30.5,381
2026-09-28T10:49:00+05:30,30.35,30.5,29.0,30.25,291
2026-09-28T10:50:00+05:30,30.2,30.3,28.75,28.8,345
2026-09-28T10:51:00+05:30,28.85,29.85,28.7,29.55,382
2026-09-28T10:52:00+05:30,29.7,30.1,28.8,29.9,359
2026-09-28T10:53:00+05:30,30.1,30.35,29.35,29.8,95
2026-09-28T10:54:00+05:30,29.9,31.05,29.8,30.8,108
2026-09-28T10:55:00+05:30,30.85,33.3,30.8,32.55,438
2026-09-28T10:56:00+05:30,32.8,33.4,31.65,31.7,250
2026-09-28T10:57:00+05:30,31.6,32.25,30.9,30.9,250
2026-09-28T10:58:00+05:30,30.8,31.5,30.4,30.9,257
2026-09-28T10:59:00+05:30,30.75,31.05,30.0,30.15,220
2026-09-28T11:00:00+05:30,30.0,30.35,29.55,29.9,188
2026-09-28T11:01:00+05:30,30.0,30.75,29.15,30.55,291
2026-09-28T11:02:00+05:30,30.45,30.7,30.15,30.35,76
2026-09-28T11:03:00+05:30,30.2,30.2,28.5,28.7,1686
2026-09-28T11:04:00+05:30,28.9,29.15,27.95,28.9,447
2026-09-28T11:05:00+05:30,28.95,29.0,28.4,28.9,282
2026-09-28T11:06:00+05:30,28.95,29.35,28.85,29.05,129
2026-09-28T11:07:00+05:30,29.15,29.15,27.95,28.05,346
2026-09-28T11:08:00+05:30,27.95,27.95,27.3,27.45,535
2026-09-28T11:09:00+05:30,27.3,27.7,26.4,27.05,2099
2026-09-28T11:10:00+05:30,27.05,27.55,26.6,27.25,803
2026-09-28T11:11:00+05:30,27.05,27.45,26.85,26.9,251
2026-09-28T11:12:00+05:30,26.55,27.05,26.05,26.35,818
2026-09-28T11:13:00+05:30,26.45,26.7,26.2,26.55,322
2026-09-28T11:14:00+05:30,26.55,27.05,26.35,26.9,279
2026-09-28T11:15:00+05:30,26.85,28.3,26.75,27.55,424
2026-09-28T11:16:00+05:30,27.65,27.65,26.6,27.35,425
2026-09-28T11:17:00+05:30,27.45,27.9,26.55,26.75,266
2026-09-28T11:18:00+05:30,26.6,27.75,26.4,27.65,161
2026-09-28T11:19:00+05:30,27.4,28.5,27.35,28.1,236
2026-09-28T11:20:00+05:30,28.1,28.75,27.85,28.0,390
2026-09-28T11:21:00+05:30,28.05,28.75,27.5,28.75,396
2026-09-28T11:22:00+05:30,28.8,28.8,27.85,27.85,151
2026-09-28T11:23:00+05:30,27.8,28.55,27.75,27.8,141
2026-09-28T11:24:00+05:30,27.9,27.9,26.65,27.3,487
2026-09-28T11:25:00+05:30,27.15,27.5,26.5,26.5,203
2026-09-28T11:26:00+05:30,26.75,27.45,26.55,26.95,177
2026-09-28T11:27:00+05:30,26.85,28.3,26.8,28.25,207
2026-09-28T11:28:00+05:30,28.2,29.2,28.1,28.55,286
2026-09-28T11:29:00+05:30,28.9,28.9,27.75,28.25,176
2026-09-28T11:30:00+05:30,28.5,30.1,28.45,29.15,417
2026-09-28T11:31:00+05:30,29.15,30.4,29.05,30.0,391
2026-09-28T11:32:00+05:30,29.95,31.05,29.05,29.45,2660
2026-09-28T11:33:00+05:30,29.25,29.75,27.0,28.7,1418
2026-09-28T11:34:00+05:30,28.8,28.8,27.35,27.5,138
2026-09-28T11:35:00+05:30,27.45,28.25,27.15,27.95,302
2026-09-28T11:36:00+05:30,28.0,28.65,27.8,28.45,149
2026-09-28T11:37:00+05:30,28.75,30.1,28.75,30.1,274
2026-09-28T11:38:00+05:30,30.1,30.8,29.95,30.3,1417
2026-09-28T11:39:00+05:30,30.2,30.6,29.7,30.6,179
2026-09-28T11:40:00+05:30,30.55,31.0,30.0,30.2,132
2026-09-28T11:41:00+05:30,30.05,33.15,29.95,30.95,492
2026-09-28T11:42:00+05:30,31.0,31.0,29.25,29.3,578
2026-09-28T11:43:00+05:30,29.25,30.5,29.15,29.6,251
2026-09-28T11:44:00+05:30,29.6,30.25,29.3,29.4,348
2026-09-28T11:45:00+05:30,29.8,30.95,29.5,30.05,251
2026-09-28T11:46:00+05:30,30.05,30.75,29.95,30.15,150
2026-09-28T11:47:00+05:30,30.35,30.65,28.7,29.0,450
2026-09-28T11:48:00+05:30,29.1,29.4,28.05,29.15,321
2026-09-28T11:49:00+05:30,29.05,29.1,27.3,27.65,460
2026-09-28T11:50:00+05:30,28.0,28.1,27.35,27.5,176
2026-09-28T11:51:00+05:30,27.4,27.75,26.25,26.65,795
2026-09-28T11:52:00+05:30,26.7,27.7,26.7,27.6,199
2026-09-28T11:53:00+05:30,27.7,28.1,26.75,27.05,161
2026-09-28T11:54:00+05:30,27.35,27.35,26.5,26.75,240
2026-09-28T11:55:00+05:30,26.5,26.8,25.75,26.2,1428
2026-09-28T11:56:00+05:30,26.05,26.7,25.45,26.7,355
2026-09-28T11:57:00+05:30,26.65,26.65,25.95,26.0,106
2026-09-28T11:58:00+05:30,25.95,26.65,25.95,26.5,106
2026-09-28T11:59:00+05:30,26.55,27.75,26.25,27.0,268
2026-09-28T12:00:00+05:30,27.1,27.2,26.6,26.85,66
2026-09-28T12:01:00+05:30,26.75,27.4,26.2,26.4,238
2026-09-28T12:02:00+05:30,26.25,26.45,25.6,26.15,175
2026-09-28T12:03:00+05:30,25.9,26.0,24.7,25.55,482
2026-09-28T12:04:00+05:30,25.6,26.2,25.2,25.25,348
2026-09-28T12:05:00+05:30,25.55,25.95,25.35,25.95,124
2026-09-28T12:06:00+05:30,26.0,26.6,25.7,26.45,452
2026-09-28T12:07:00+05:30,26.3,26.55,25.65,25.65,168
2026-09-28T12:08:00+05:30,25.6,25.75,25.05,25.2,210
2026-09-28T12:09:00+05:30,25.2,25.2,24.7,24.7,88
2026-09-28T12:10:00+05:30,24.65,25.65,24.65,25.65,71
2026-09-28T12:11:00+05:30,25.6,26.85,25.6,25.9,153
2026-09-28T12:12:00+05:30,25.85,26.6,25.6,26.15,95
2026-09-28T12:13:00+05:30,25.95,26.35,25.5,25.8,41
2026-09-28T12:14:00+05:30,25.75,26.3,25.75,25.85,39
2026-09-28T12:15:00+05:30,25.75,25.8,25.15,25.55,89
2026-09-28T12:16:00+05:30,25.4,26.4,25.3,26.2,134
2026-09-28T12:17:00+05:30,26.1,26.15,25.7,25.7,44
2026-09-28T12:18:00+05:30,25.75,26.4,25.5,26.4,58
2026-09-28T12:19:00+05:30,26.25,26.55,25.85,26.55,170
2026-09-28T12:20:00+05:30,26.55,26.9,25.8,25.85,744
2026-09-28T12:21:00+05:30,25.95,26.5,25.8,26.25,184
2026-09-28T12:22:00+05:30,26.1,26.1,25.05,25.75,261
2026-09-28T12:23:00+05:30,25.75,26.2,25.3,26.2,260
2026-09-28T12:24:00+05:30,26.25,26.6,25.55,26.6,197
2026-09-28T12:25:00+05:30,26.45,27.85,26.45,27.6,790
2026-09-28T12:26:00+05:30,27.65,29.0,27.1,28.1,1215
2026-09-28T12:27:00+05:30,28.0,28.1,27.1,27.55,91
2026-09-28T12:28:00+05:30,27.25,27.35,26.6,26.75,229
2026-09-28T12:29:00+05:30,26.75,28.05,26.75,28.0,334
2026-09-28T12:30:00+05:30,27.95,28.6,26.75,27.05,2110
2026-09-28T12:31:00+05:30,27.15,28.05,26.65,27.25,274
2026-09-28T12:32:00+05:30,27.45,27.75,26.85,27.15,148
2026-09-28T12:33:00+05:30,27.0,27.0,25.1,26.1,520
2026-09-28T12:34:00+05:30,26.1,26.9,25.8,26.3,240
2026-09-28T12:35:00+05:30,26.4,27.4,26.1,27.25,154
2026-09-28T12:36:00+05:30,27.3,27.4,26.35,26.55,114
2026-09-28T12:37:00+05:30,26.65,26.85,26.5,26.5,59
2026-09-28T12:38:00+05:30,26.5,26.9,26.4,26.9,32
2026-09-28T12:39:00+05:30,26.65,26.8,26.15,26.15,41
2026-09-28T12:40:00+05:30,26.2,26.55,26.1,26.1,86
2026-09-28T12:41:00+05:30,26.2,26.5,26.0,26.3,289
2026-09-28T12:42:00+05:30,26.3,26.8,26.05,26.65,103
2026-09-28T12:43:00+05:30,26.5,26.9,26.5,26.5,49
2026-09-28T12:44:00+05:30,26.5,26.7,25.6,25.8,179
2026-09-28T12:45:00+05:30,25.8,26.05,25.45,25.85,93
2026-09-28T12:46:00+05:30,25.7,26.2,25.5,25.9,129
2026-09-28T12:47:00+05:30,26.0,26.1,25.6,25.8,110
2026-09-28T12:48:00+05:30,25.8,26.1,25.05,25.55,177
2026-09-28T12:49:00+05:30,25.6,25.8,25.3,25.55,109
2026-09-28T12:50:00+05:30,25.45,26.0,25.45,25.75,84
2026-09-28T12:51:00+05:30,25.6,25.6,24.7,24.95,315
2026-09-28T12:52:00+05:30,24.8,25.2,24.05,24.05,267
2026-09-28T12:53:00+05:30,24.0,24.85,23.75,24.65,310
2026-09-28T12:54:00+05:30,24.7,25.4,24.7,25.2,149
2026-09-28T12:55:00+05:30,25.25,25.3,24.9,24.9,166
2026-09-28T12:56:00+05:30,25.0,25.05,24.55,24.6,73
2026-09-28T12:57:00+05:30,24.5,24.6,23.5,23.85,2914
2026-09-28T12:58:00+05:30,23.9,25.05,23.85,24.45,2819
2026-09-28T12:59:00+05:30,24.45,24.5,23.8,23.8,102
2026-09-28T13:00:00+05:30,23.75,23.95,23.2,23.5,737
2026-09-28T13:01:00+05:30,23.4,24.0,23.3,23.8,120
2026-09-28T13:02:00+05:30,23.65,23.7,23.25,23.25,111
2026-09-28T13:03:00+05:30,23.25,23.45,23.1,23.2,110
2026-09-28T13:04:00+05:30,23.15,23.2,22.65,22.85,346
2026-09-28T13:05:00+05:30,22.9,23.65,22.85,23.35,223
2026-09-28T13:06:00+05:30,23.45,23.65,23.15,23.2,131
2026-09-28T13:07:00+05:30,23.1,23.2,22.4,22.45,336
2026-09-28T13:08:00+05:30,22.3,22.4,21.65,22.05,378
2026-09-28T13:09:00+05:30,22.1,22.75,22.0,22.6,201
2026-09-28T13:10:00+05:30,22.7,23.7,22.6,23.65,136
2026-09-28T13:11:00+05:30,23.9,25.25,23.8,23.8,1602
2026-09-28T13:12:00+05:30,23.85,24.15,23.15,23.15,103
2026-09-28T13:13:00+05:30,23.35,23.8,22.85,23.55,632
2026-09-28T13:14:00+05:30,23.65,23.65,22.3,22.9,251
2026-09-28T13:15:00+05:30,22.95,23.65,22.8,22.85,295
2026-09-28T13:16:00+05:30,23.15,23.4,23.0,23.1,230
2026-09-28T13:17:00+05:30,23.15,23.5,23.15,23.35,140
2026-09-28T13:18:00+05:30,23.4,23.5,22.95,23.2,233
2026-09-28T13:19:00+05:30,22.8,23.3,22.5,23.3,38
2026-09-28T13:20:00+05:30,23.45,23.45,22.55,22.6,118
2026-09-28T13:21:00+05:30,22.6,23.2,22.6,23.05,59
2026-09-28T13:22:00+05:30,23.05,24.35,23.05,23.9,137
2026-09-28T13:23:00+05:30,24.4,25.05,23.9,24.65,1884
2026-09-28T13:24:00+05:30,24.7,25.5,24.2,24.75,689
2026-09-28T13:25:00+05:30,24.8,25.0,24.3,24.95,183
2026-09-28T13:26:00+05:30,25.45,27.0,25.25,26.2,1086
2026-09-28T13:27:00+05:30,26.2,27.0,24.8,26.0,2210
2026-09-28T13:28:00+05:30,26.05,26.05,25.0,25.0,547
2026-09-28T13:29:00+05:30,24.95,25.25,23.95,24.5,906
2026-09-28T13:30:00+05:30,24.5,24.5,22.75,23.05,445
2026-09-28T13:31:00+05:30,23.0,23.05,22.2,22.3,434
2026-09-28T13:32:00+05:30,22.1,22.6,22.0,22.45,299
2026-09-28T13:33:00+05:30,21.9,22.65,21.05,21.55,397
2026-09-28T13:34:00+05:30,21.65,22.0,21.2,21.55,310
2026-09-28T13:35:00+05:30,21.4,21.7,20.6,20.7,528
2026-09-28T13:36:00+05:30,20.75,21.2,20.75,20.9,153
2026-09-28T13:37:00+05:30,21.2,21.2,20.8,20.9,122
2026-09-28T13:38:00+05:30,21.1,21.3,21.0,21.3,114
2026-09-28T13:39:00+05:30,21.45,22.25,21.45,22.15,115
2026-09-28T13:40:00+05:30,22.15,22.35,21.9,22.35,170
2026-09-28T13:41:00+05:30,22.2,22.6,22.15,22.5,166
2026-09-28T13:42:00+05:30,22.35,22.7,22.05,22.3,432
2026-09-28T13:43:00+05:30,22.45,22.45,21.15,21.35,355
2026-09-28T13:44:00+05:30,21.45,22.15,21.25,22.15,258
2026-09-28T13:45:00+05:30,22.15,22.8,22.15,22.35,182
2026-09-28T13:46:00+05:30,22.4,22.95,22.35,22.85,68
2026-09-28T13:47:00+05:30,22.65,22.95,22.25,22.25,53
2026-09-28T13:48:00+05:30,22.1,22.1,21.4,21.55,57
2026-09-28T13:49:00+05:30,21.6,22.3,20.85,22.0,272
2026-09-28T13:50:00+05:30,22.15,22.45,22.1,22.1,25
2026-09-28T13:51:00+05:30,22.25,22.25,21.55,22.0,82
2026-09-28T13:52:00+05:30,21.9,22.65,21.9,22.6,44
2026-09-28T13:53:00+05:30,22.45,22.7,21.8,21.8,130
2026-09-28T13:54:00+05:30,21.95,21.95,21.35,21.35,93
2026-09-28T13:55:00+05:30,21.4,21.9,21.35,21.9,105
2026-09-28T13:56:00+05:30,21.85,23.0,21.8,22.55,162
2026-09-28T13:57:00+05:30,22.75,22.75,21.8,21.8,86
2026-09-28T13:58:00+05:30,21.95,22.35,21.75,22.3,58
2026-09-28T13:59:00+05:30,22.25,22.45,22.15,22.2,40
2026-09-28T14:00:00+05:30,22.35,22.6,22.25,22.4,49
2026-09-28T14:01:00+05:30,22.45,22.6,21.9,22.25,322
2026-09-28T14:02:00+05:30,22.15,22.15,21.2,21.25,386
2026-09-28T14:03:00+05:30,21.2,21.7,21.15,21.55,106
2026-09-28T14:04:00+05:30,21.55,21.7,21.1,21.3,95
2026-09-28T14:05:00+05:30,21.4,21.4,20.7,21.2,348
2026-09-28T14:06:00+05:30,21.1,21.2,20.65,20.8,169
2026-09-28T14:07:00+05:30,21.0,21.35,20.75,21.0,261
2026-09-28T14:08:00+05:30,21.0,21.4,20.9,20.95,188
2026-09-28T14:09:00+05:30,21.05,21.05,20.05,20.35,518
2026-09-28T14:10:00+05:30,20.3,21.1,20.3,21.1,85
2026-09-28T14:11:00+05:30,21.15,21.2,20.75,21.1,54
2026-09-28T14:12:00+05:30,21.05,21.55,21.05,21.1,212
2026-09-28T14:13:00+05:30,21.05,21.05,20.2,20.3,138
2026-09-28T14:14:00+05:30,20.3,20.65,20.15,20.5,175
2026-09-28T14:15:00+05:30,20.5,20.9,19.0,20.0,615
2026-09-28T14:16:00+05:30,19.95,20.0,19.55,19.55,651
2026-09-28T14:17:00+05:30,19.6,19.9,19.4,19.9,610
2026-09-28T14:18:00+05:30,19.8,22.0,19.6,21.55,1467
2026-09-28T14:19:00+05:30,21.55,21.6,19.75,20.15,954
2026-09-28T14:20:00+05:30,20.25,20.75,20.1,20.15,575
2026-09-28T14:21:00+05:30,20.15,20.8,20.15,20.25,153
2026-09-28T14:22:00+05:30,20.35,20.6,20.15,20.6,126
2026-09-28T14:23:00+05:30,20.4,20.45,20.05,20.1,167
2026-09-28T14:24:00+05:30,20.2,20.3,19.9,20.15,210
2026-09-28T14:25:00+05:30,20.15,20.3,20.0,20.1,463
2026-09-28T14:26:00+05:30,20.35,20.35,20.0,20.1,279
2026-09-28T14:27:00+05:30,20.1,20.4,20.0,20.05,384
2026-09-28T14:28:00+05:30,20.15,20.2,19.1,19.1,502
2026-09-28T14:29:00+05:30,19.2,19.6,19.05,19.1,176
2026-09-28T14:30:00+05:30,19.1,19.7,18.7,19.7,379
2026-09-28T14:31:00+05:30,19.65,19.8,18.8,18.8,388
2026-09-28T14:32:00+05:30,18.7,18.9,18.05,18.15,666
2026-09-28T14:33:00+05:30,18.0,18.5,17.8,17.8,577
2026-09-28T14:34:00+05:30,17.85,17.9,16.9,17.2,809
2026-09-28T14:35:00+05:30,17.15,17.65,17.05,17.5,611
2026-09-28T14:36:00+05:30,17.45,18.35,17.45,17.85,522
2026-09-28T14:37:00+05:30,18.1,18.1,17.5,17.5,146
2026-09-28T14:38:00+05:30,17.45,17.45,17.0,17.1,432
2026-09-28T14:39:00+05:30,17.1,17.15,16.5,16.9,591
2026-09-28T14:40:00+05:30,16.85,17.4,16.7,17.35,104
2026-09-28T14:41:00+05:30,17.5,17.8,17.4,17.4,109
2026-09-28T14:42:00+05:30,17.5,17.5,16.4,16.5,365
2026-09-28T14:43:00+05:30,16.65,17.2,16.3,17.1,1309
2026-09-28T14:44:00+05:30,17.05,17.25,16.25,16.4,251
2026-09-28T14:45:00+05:30,16.35,16.85,16.3,16.6,105
2026-09-28T14:46:00+05:30,16.7,17.55,16.7,17.25,188
2026-09-28T14:47:00+05:30,17.3,19.75,17.2,18.45,2085
2026-09-28T14:48:00+05:30,18.4,18.9,18.0,18.05,884
2026-09-28T14:49:00+05:30,18.15,19.2,18.0,19.0,404
2026-09-28T14:50:00+05:30,18.95,19.0,18.4,18.65,329
2026-09-28T14:51:00+05:30,18.65,18.75,17.15,17.45,368
2026-09-28T14:52:00+05:30,17.5,18.25,17.3,18.25,483
2026-09-28T14:53:00+05:30,18.0,18.65,18.0,18.55,128
2026-09-28T14:54:00+05:30,18.65,18.9,18.45,18.45,221
2026-09-28T14:55:00+05:30,18.55,18.6,18.0,18.6,342
2026-09-28T14:56:00+05:30,18.6,19.1,18.5,18.95,695
2026-09-28T14:57:00+05:30,18.9,19.1,18.2,18.3,254
2026-09-28T14:58:00+05:30,18.3,18.4,17.2,17.3,391
2026-09-28T14:59:00+05:30,17.35,17.8,17.1,17.55,168
2026-09-28T15:00:00+05:30,17.45,17.9,17.2,17.2,437
2026-09-28T15:01:00+05:30,17.15,17.45,16.8,16.8,408
2026-09-28T15:02:00+05:30,16.9,17.05,15.95,16.85,756
2026-09-28T15:03:00+05:30,16.6,18.15,16.5,18.0,774
2026-09-28T15:04:00+05:30,18.0,18.0,17.2,17.2,285
2026-09-28T15:05:00+05:30,17.0,17.65,16.85,17.35,244
2026-09-28T15:06:00+05:30,17.25,17.25,16.65,17.1,732
2026-09-28T15:07:00+05:30,17.05,17.2,16.05,16.3,337
2026-09-28T15:08:00+05:30,16.35,16.75,16.1,16.6,426
2026-09-28T15:09:00+05:30,16.65,16.85,16.3,16.55,560
2026-09-28T15:10:00+05:30,16.55,17.2,16.55,16.95,960
2026-09-28T15:11:00+05:30,16.8,16.8,16.2,16.35,604
2026-09-28T15:12:00+05:30,16.3,16.5,15.6,15.7,938
2026-09-28T15:13:00+05:30,15.7,16.35,15.25,16.35,641
2026-09-28T15:14:00+05:30,16.6,16.65,15.65,15.8,416
2026-09-28T15:15:00+05:30,15.9,16.0,15.5,15.7,232
2026-09-28T15:16:00+05:30,15.95,16.2,15.5,15.65,483
2026-09-28T15:17:00+05:30,15.65,16.0,15.6,15.7,192
2026-09-28T15:18:00+05:30,15.65,15.75,15.1,15.2,753
2026-09-28T15:19:00+05:30,15.2,15.4,14.75,14.9,772
2026-09-28T15:20:00+05:30,14.9,15.9,14.8,15.4,1002
2026-09-28T15:21:00+05:30,15.4,15.9,15.05,15.75,347
2026-09-28T15:22:00+05:30,15.75,15.9,14.85,15.35,1104
2026-09-28T15:23:00+05:30,15.25,15.5,15.1,15.1,444
2026-09-28T15:24:00+05:30,15.1,15.4,14.9,15.0,327
2026-09-28T15:25:00+05:30,15.05,15.3,14.85,15.0,236
2026-09-28T15:26:00+05:30,15.2,15.45,14.85,15.35,539
2026-09-28T15:27:00+05:30,15.25,17.25,15.25,16.95,1127
2026-09-28T15:28:00+05:30,16.95,17.2,16.45,16.85,221
2026-09-28T15:29:00+05:30,16.8,17.5,16.35,17.05,214
2026-09-28T15:30:00+05:30,17.0,18.05,16.95,17.95,412
